--[==[ 🔒 VOIDCRYPT X | ULTRA PROTECTION | ID:VX-F837-7E0C-X | Crack-Proof: TRUE | github.com ]==]
-- 🛡️ VM-WRAPPED PAYLOAD | keys:7 | bytes:211177 | ID:VX-F837-7E0C-X
local _1IlIl11IlII={163,49,15,238,143,52,186,242,82,216,144,117,96,133,132,18,58,226,233,244,215,39,69,140,221,137,111,235,55,17,112,75,120,64,232,27,134,187,22,237,203,5,146,213,216,40,143,3} -- decoy
local _I11llI1IIIII={126,211,54,176,215,21,118}
local __I11l1l1II={
171,1,147,240,24,117,156,117,122,211,76,2,119,210,213,38,137,19,66,120,222,179,65,109,68,16,132,221,238,66,149,239,
71,136,231,245,60,158,42,71,140,237,200,122,130,38,73,126,252,7,50,175,28,63,130,218,237,81,160,46,64,170,212,57,
51,186,100,123,188,38,241,106,240,104,144,198,252,235,117,215,85,109,135,69,242,143,245,123,151,227,50,7,146,2,123,86,
210,20,29,147,164,129,172,223,63,83,93,0,123,176,204,81,31,117,241,108,148,187,53,62,183,27,91,131,201,42,57,132,
231,106,99,4,105,102,186,41,88,191,11,74,83,204,48,136,152,18,57,78,205,64,180,209,33,120,135,220,250,172,212,253,
95,139,190,34,157,173,39,78,111,165,0,199,242,37,133,153,163,70,193,187,53,116,125,187,31,178,253,60,158,120,12,114,
144,254,70,171,98,1,57,168,203,1,159,168,232,76,234,239,46,144,129,18,59,206,205,80,189,119,12,112,189,32,60,158,
143,229,97,255,39,102,183,206,24,92,13,54,115,204,218,41,84,4,49,105,220,155,241,160,28,66,120,228,230,3,155,45,
80,128,165,229,59,137,4,79,107,205,214,20,179,243,51,85,244,189,23,173,40,93,121,254,204,34,158,25,65,104,226,235,
100,200,8,48,118,215,210,36,149,19,60,110,199,21,116,206,5,127,177,34,44,127,223,12,136,180,23,42,121,166,86,138,
200,31,38,143,167,89,129,146,47,21,107,183,50,114,212,54,63,82,173,109,158,211,219,70,159,247,112,163,150,55,64,128,
7,71,170,198,16,84,111,14,137,142,205,23,91,177,230,131,184,212,54,98,184,249,92,191,195,28,31,175,231,102,147,245,
43,56,140,26,105,148,214,94,59,148,246,156,152,218,57,110,152,0,124,203,222,69,75,203,3,130,169,17,71,84,173,252,
126,157,37,132,71,220,64,165,240,244,145,119,181,84,148,247,54,117,126,188,91,214,16,14,85,146,225,63,181,220,42,147,
147,237,31,152,20,71,166,184,192,123,231,16,82,173,113,27,125,251,19,13,179,199,206,119,251,25,20,187,205,25,35,0,
43,94,190,210,220,127,7,12,75,173,158,47,147,211,19,117,180,224,19,154,21,61,82,159,230,75,168,24,81,133,237,245,
5,106,220,80,146,232,239,80,104,54,40,76,226,237,24,149,2,37,104,192,211,55,134,20,38,144,188,195,101,204,59,97,
171,193,18,61,155,255,109,181,26,209,112,168,23,58,112,34,216,114,225,13,125,145,222,39,63,172,37,71,206,49,56,133,
238,98,81,196,61,65,136,175,117,86,210,244,253,79,194,59,106,164,11,17,104,199,73,105,151,62,80,156,188,137,164,242,
85,91,173,195,134,102,234,85,84,111,210,78,109,245,84,23,172,29,117,157,220,38,106,192,233,124,199,227,104,78,199,43,
166,159,222,51,44,214,46,166,215,200,129,123,210,57,173,144,35,131,143,213,244,179,230,214,125,143,219,251,187,236,33,41,
140,237,2,201,244,39,135,155,165,72,173,248,252,153,162,189,57,156,196,27,160,122,7,102,229,14,75,164,178,1,38,174,
207,20,114,125,216,61,179,209,7,181,193,11,109,243,207,77,175,197,27,92,215,231,62,195,145,231,75,210,223,30,126,205,
44,147,188,35,98,174,218,48,113,236,55,59,157,166,252,96,231,8,66,155,224,32,167,231,74,137,176,209,15,115,6,81,
68,234,254,5,168,35,88,151,214,223,29,153,55,36,99,197,218,82,182,62,102,130,228,213,67,202,10,50,113,208,217,96,
174,76,57,179,21,227,81,157,24,88,186,234,44,132,213,22,117,180,0,44,130,195,62,137,141,239,248,78,178,40,131,194,
14,58,144,209,76,151,155,253,6,92,192,51,82,214,65,64,82,251,127,157,130,62,82,89,9,135,163,224,77,10,159,213,
104,179,242,25,58,179,23,146,186,190,44,41,127,231,101,117,0,101,98,182,37,84,187,204,70,114,165,241,108,148,14,53,
74,155,255,117,138,18,113,52,146,246,168,162,249,126,135,162,30,188,228,35,133,83,162,59,136,200,42,140,90,200,79,202,
242,49,88,91,229,27,174,249,21,95,104,190,93,157,190,50,102,135,0,65,164,204,11,168,118,196,61,183,210,10,99,192,
10,107,239,201,76,185,115,21,124,235,17,91,113,185,15,128,216,0,63,161,170,0,100,199,42,58,135,144,246,85,209,247,
61,144,166,245,93,219,3,52,146,167,1,105,217,248,131,232,229,57,168,215,62,125,236,245,75,116,42,82,145,243,217,82,
135,64,106,76,244,6,95,113,43,83,100,222,207,37,161,28,103,131,205,238,103,144,70,51,126,212,216,54,134,69,120,104,
9,18,117,217,84,65,187,29,38,124,189,91,114,181,23,242,96,172,39,103,166,43,17,79,203,105,86,208,247,44,98,177,
99,139,156,22,7,93,217,84,159,187,5,38,159,200,126,107,163,58,67,107,231,74,114,201,43,87,138,214,105,180,184,85,
35,113,209,88,132,199,16,94,189,23,78,187,3,91,32,187,38,168,194,188,117,111,198,45,161,132,23,119,131,201,232,167,
218,202,113,131,207,239,175,224,21,51,129,224,58,91,226,30,58,75,161,5,128,184,246,89,84,184,27,151,176,235,90,90,
196,40,150,183,237,158,170,174,26,149,189,12,109,119,191,49,171,212,4,98,120,197,61,184,212,11,109,109,23,111,231,24,
9,183,195,13,111,245,209,79,177,164,250,129,193,36,99,197,171,36,136,195,30,93,145,178,43,84,231,15,54,152,185,50,
150,238,254,120,159,192,10,106,234,9,68,177,181,9,93,23,63,104,202,246,17,176,43,83,111,244,253,19,170,37,31,118,
251,201,55,155,254,38,125,2,11,62,138,64,45,132,218,5,91,145,36,111,115,237,246,52,152,43,118,181,244,229,118,159,
50,61,120,17,26,90,190,92,73,195,37,46,97,232,99,74,189,31,250,104,239,47,111,174,248,1,111,246,113,118,157,58,
8,118,186,49,107,168,11,14,84,253,127,174,223,252,73,170,191,134,177,228,68,88,98,5,141,181,244,51,36,122,246,89,
188,216,58,67,188,253,96,195,211,115,126,119,33,165,208,189,94,103,167,46,110,209,16,114,64,174,53,129,157,215,67,54,
208,63,107,210,30,128,137,188,8,131,195,234,135,109,195,39,197,202,241,142,134,224,68,169,244,248,149,158,244,29,176,251,
43,109,172,3,101,215,4,60,101,163,254,91,231,197,4,157,166,230,109,173,16,79,177,127,237,116,173,228,19,113,134,228,
69,181,227,42,124,124,23,132,245,217,93,200,199,217,130,6,36,9,197,217,224,144,14,42,103,212,145,38,92,215,255,62,
184,193,63,104,227,70,133,231,205,11,111,240,21,93,181,189,22,124,224,84,150,236,243,84,108,38,56,154,193,226,32,132,
255,98,161,224,221,46,138,6,50,92,7,13,29,137,4,99,116,214,223,53,177,44,119,123,221,33,119,219,51,67,130,234,
240,60,213,34,74,137,235,12,98,233,41,81,203,45,54,105,181,48,94,154,243,48,112,247,55,119,158,0,9,154,254,86,
95,211,31,75,102,226,69,109,172,73,82,133,201,89,128,178,13,13,183,15,135,184,169,79,99,106,26,152,180,241,94,27,
176,254,156,137,3,42,51,137,40,128,144,219,40,49,144,248,119,155,207,59,67,150,250,118,150,209,63,80,163,250,108,224,
34,120,127,224,248,178,231,235,77,145,231,75,163,238,45,84,105,253,99,129,239,55,156,83,232,30,153,217,59,157,107,193,
37,219,212,7,100,119,183,95,229,190,60,171,121,207,110,233,17,45,178,187,214,100,227,221,28,150,194,24,65,188,228,94,
177,154,219,118,195,235,66,199,208,235,79,202,45,42,193,156,242,110,12,52,56,154,163,52,85,204,0,71,166,158,57,166,
23,251,127,234,233,251,164,38,85,134,163,3,74,175,45,78,72,254,5,94,178,232,84,158,177,255,94,184,239,92,164,252,
193,92,201,58,8,169,14,11,95,206,253,100,176,215,224,113,213,21,120,148,222,231,44,173,11,127,193,21,33,134,235,100,
131,199,34,236,66,229,90,142,197,252,19,149,249,112,111,204,61,250,135,248,80,120,218,60,34,96,255,63,94,151,51,16,
108,209,113,109,179,23,67,109,216,85,160,179,28,35,160,216,90,131,230,28,39,124,11,90,131,193,79,44,131,230,141,137,
207,47,95,137,243,104,188,207,56,66,188,244,118,160,2,56,71,155,39,118,164,226,107,72,166,6,169,165,228,79,123,165,
15,132,216,235,84,91,216,16,146,184,30,84,94,179,67,146,187,252,135,100,192,34,197,193,4,103,151,193,43,163,244,7,
112,119,244,44,168,208,58,112,124,215,95,174,215,27,163,128,215,58,225,221,35,133,179,221,71,188,16,35,141,144,214,65,
188,245,97,207,218,29,71,249,46,74,172,216,46,111,210,53,57,146,149,37,93,220,2,107,166,183,8,149,228,18,83,217,
182,18,115,23,19,88,184,175,12,115,33,86,114,212,0,86,151,250,93,97,186,189,77,133,4,45,147,201,216,44,184,7,
54,112,252,217,53,151,58,54,123,217,12,54,160,29,105,124,228,234,105,161,34,72,117,222,231,61,161,27,68,100,32,52,
37,235,105,133,194,47,236,129,242,109,149,212,54,4,114,249,116,156,219,2,70,97,180,76,87,213,31,15,137,0,131,163,
224,72,76,163,172,134,171,164,69,91,177,21,144,184,188,54,98,184,28,151,132,254,37,29,180,37,150,122,13,116,116,191,
230,169,211,5,120,57,182,51,172,215,8,109,59,136,9,132,143,13,124,98,184,63,186,191,230,131,81,158,252,177,173,242,
83,131,173,25,140,224,243,92,97,224,24,153,189,38,92,108,196,75,154,200,9,143,108,201,42,205,201,15,109,101,194,29,
236,8,68,175,106,16,103,224,19,82,112,193,25,112,252,220,66,189,196,29,115,241,222,20,187,205,25,35,249,42,95,103,
210,43,131,252,47,34,195,204,244,88,211,54,82,215,165,19,119,218,61,53,180,160,81,90,24,76,138,236,250,253,126,220,
95,160,177,174,72,186,36,98,147,250,252,94,111,7,18,172,16,200,18,190,58,96,160,6,12,96,197,76,115,95,222,202,
123,225,11,39,170,13,18,107,139,35,46,179,16,36,129,215,13,146,94,21,6,67,203,89,137,192,32,47,128,229,27,96,
130,35,44,84,184,51,150,178,55,5,115,215,58,157,122,62,74,148,246,124,88,221,78,80,155,16,128,174,236,0,72,158,
236,138,143,182,48,57,143,243,110,185,189,22,86,172,250,93,192,255,62,71,157,1,124,164,227,104,78,132,223,174,195,3,
111,113,144,47,175,220,13,124,135,145,21,157,178,221,116,137,222,66,194,163,214,119,128,192,12,194,234,6,104,113,199,43,
166,206,48,111,88,192,9,214,241,63,162,168,250,16,202,242,27,101,169,255,64,187,227,34,132,141,227,106,194,193,69,176,
175,171,113,239,11,72,181,114,14,129,245,18,98,185,200,29,51,237,231,38,136,204,231,99,1,41,69,202,152,6,141,229,
13,52,141,205,35,89,236,252,83,181,190,55,155,22,32,95,193,202,67,100,214,71,131,159,231,61,115,6,22,109,207,216,
81,181,48,53,116,214,223,88,112,63,91,151,2,189,103,184,52,102,158,201,13,104,209,62,115,180,202,243,86,167,14,108,
185,10,41,113,218,78,130,122,208,24,110,164,55,71,158,0,9,130,230,97,102,165,7,16,137,170,28,137,209,41,9,68,
250,104,159,223,62,67,75,238,105,99,186,4,37,123,223,125,165,228,35,44,130,230,132,96,228,79,78,74,16,142,170,231,
84,17,166,244,111,186,214,56,65,186,251,94,193,197,22,60,117,5,157,190,13,94,120,213,250,126,213,7,101,129,200,30,
171,216,13,122,139,146,73,83,179,34,115,137,213,40,197,218,43,130,150,228,65,119,188,222,127,149,200,44,202,242,14,88,
156,183,18,135,233,252,98,108,233,33,162,200,47,101,117,198,84,163,209,14,152,117,209,49,214,210,23,123,168,210,60,180,
5,24,128,135,5,63,189,225,75,129,141,227,112,191,235,43,180,145,234,77,242,238,48,145,138,231,78,167,24,120,199,227,
58,156,248,49,131,225,150,9,80,15,68,96,194,238,68,133,232,75,79,168,171,59,115,242,27,129,183,198,26,166,245,36,
94,234,199,35,133,40,36,105,199,250,36,142,11,87,106,210,216,87,143,16,54,157,213,225,51,194,17,63,128,6,227,64,
165,68,66,132,226,22,64,171,38,115,134,238,245,115,171,44,78,185,239,254,81,222,45,93,152,232,248,81,147,82,141,216,
50,246,105,176,106,159,187,29,73,159,224,67,166,170,3,6,150,206,77,118,220,18,33,117,1,80,127,185,69,34,126,224,
131,127,196,34,85,127,233,102,178,197,45,51,178,234,107,145,190,39,51,103,13,171,197,7,110,124,203,9,177,212,23,109,
137,212,62,184,146,238,51,144,228,75,182,165,194,102,146,218,65,193,238,38,117,143,248,88,127,196,230,135,157,208,52,210,
250,22,96,164,191,26,143,241,4,106,116,241,41,170,208,55,109,125,206,92,171,217,22,160,125,217,57,222,218,31,131,176,
218,68,188,13,32,136,143,211,62,188,194,67,200,195,28,133,5,38,66,213,219,32,151,7,53,115,135,173,230,92,211,253,
56,120,244,246,64,29,72,123,219,239,249,156,36,41,104,237,246,17,117,43,83,87,185,218,48,148,230,43,77,3,17,94,
183,245,65,157,248,17,86,203,77,42,142,254,28,97,163,74,113,168,13,20,44,135,31,71,105,10,32,83,183,85,125,153,
227,39,66,157,18,116,135,239,247,116,172,47,79,186,240,0,82,223,46,92,151,35,0,93,195,97,93,162,6,51,93,200,
64,144,163,12,17,86,193,29,156,232,64,5,175,24,138,167,169,47,85,164,24,130,187,1,24,63,184,14,140,147,254,95,
96,185,27,88,119,211,53,33,182,39,127,167,9,107,81,143,46,110,141,198,98,63,155,254,160,156,227,61,114,156,7,126,
207,226,74,79,207,7,137,179,21,75,90,178,58,137,184,244,126,91,184,24,130,177,209,138,160,236,12,219,8,62,149,97,
219,92,208,8,54,169,185,196,70,222,16,80,129,182,11,103,229,11,86,110,110,225,69,163,10,86,149,158,23,123,211,227,
93,132,132,212,114,193,239,45,182,147,241,77,244,240,54,148,198,240,90,209,35,54,159,170,35,91,220,6,105,159,175,7,
147,226,17,76,157,173,228,170,40,68,129,238,171,64,142,241,49,112,210,219,84,125,16,91,78,205,185,78,191,23,63,161,
3,233,39,198,6,37,94,250,215,52,152,56,52,121,217,10,52,159,21,103,122,226,233,103,159,32,68,173,227,242,74,210,
33,79,139,22,243,79,177,26,73,105,45,57,131,229,107,71,197,249,2,88,247,114,154,182,24,68,119,254,62,102,224,7,
16,85,214,52,183,248,231,82,171,3,124,175,162,74,98,177,10,150,179,248,89,20,169,247,114,154,217,94,44,130,254,156,
196,3,101,75,128,27,150,203,231,49,58,168,47,135,210,17,80,89,175,54,113,141,11,109,96,158,2,149,224,31,94,103,
224,9,191,231,38,77,89,164,233,195,232,225,130,139,238,47,146,186,17,150,124,245,89,177,217,24,157,90,241,98,211,183,
53,151,138,200,44,191,10,73,136,145,10,51,233,17,80,119,131,197,125,236,17,89,87,202,13,114,247,24,32,189,203,38,
124,4,46,33,186,149,235,79,5,45,108,171,180,45,110,12,249,56,213,163,249,88,199,53,131,222,225,72,161,34,73,66,
165,165,58,158,3,19,82,204,248,78,143,10,85,89,246,255,85,126,252,24,151,242,8,84,192,52,49,125,253,21,31,132,
255,30,162,13,12,39,108,66,115,168,176,20,115,205,238,120,186,16,23,120,144,74,114,190,32,6,68,227,94,75,138,236,
48,75,199,101,94,136,40,64,143,232,116,145,214,55,250,81,172,115,158,209,49,69,79,242,87,162,190,32,17,127,227,70,
169,232,74,24,110,234,136,117,192,23,33,100,14,146,189,170,75,62,124,224,150,131,218,36,104,190,34,98,150,201,38,55,
121,33,167,128,254,74,118,169,13,112,176,239,57,125,211,55,119,159,246,123,73,171,250,172,190,32,95,104,166,34,157,173,
39,137,146,173,17,164,239,243,78,102,174,24,147,179,238,93,105,186,36,137,246,62,150,91,3,90,228,13,73,167,98,247,
69,227,232,39,113,146,232,52,234,18,81,120,129,239,118,182,205,81,188,187,214,57,181,190,87,196,126,32,135,246,28,102,
124,196,26,80,227,46,50,148,157,11,146,210,6,124,217,230,61,159,17,62,118,158,179,3,106,236,14,84,174,182,5,96,
39,82,133,229,249,3,166,46,27,114,188,221,27,151,53,34,121,195,204,58,146,242,26,87,255,17,106,124,54,107,135,233,
242,72,172,39,114,142,240,225,114,179,22,86,137,223,227,48,208,75,69,156,33,239,69,169,60,135,139,220,41,138,159,89,
142,146,12,253,107,183,74,149,153,19,4,90,214,69,143,219,2,35,97,221,64,128,226,9,42,104,204,95,108,171,62,71,
111,235,137,118,181,23,56,177,218,94,191,0,79,30,171,28,116,156,219,61,70,156,35,123,163,202,103,77,139,7,101,192,
12,75,84,170,14,137,177,19,82,91,153,56,144,160,247,57,57,212,65,178,150,26,133,132,128,70,196,224,29,138,71,227,
86,202,231,55,142,157,242,8,194,188,251,93,161,188,91,214,219,61,124,168,186,31,123,255,71,172,99,248,70,228,209,16,
114,147,233,53,235,211,6,167,189,19,84,207,26,89,187,137,247,91,173,30,98,118,200,37,122,253,46,110,133,197,237,81,
204,47,110,208,182,12,147,235,54,58,156,224,251,95,210,241,121,230,160,70,157,22,73,136,166,230,73,173,5,45,143,241,
250,21,145,12,20,74,241,3,79,89,47,96,149,157,0,97,118,61,104,155,251,15,25,188,33,49,136,13,22,73,149,16,
80,131,35,233,63,151,24,66,125,219,233,67,170,25,70,133,234,60,53,229,99,127,188,41,230,123,201,68,84,171,245,57,
143,184,75,103,153,235,58,153,0,41,144,185,27,36,157,1,89,164,192,34,43,117,205,67,98,221,41,26,136,15,138,143,
182,24,57,102,14,148,109,235,55,64,126,250,93,192,255,38,71,145,23,124,164,203,69,54,199,43,107,171,204,98,85,147,
15,173,213,241,59,68,178,40,167,185,248,90,134,220,29,187,192,255,97,126,151,64,196,226,221,132,150,226,236,193,244,228,
146,158,232,74,208,172,42,118,127,213,33,180,255,27,101,169,220,64,175,209,18,110,125,186,106,232,4,65,174,107,0,54,
201,217,24,146,190,20,85,184,248,90,129,138,224,92,250,243,42,139,146,235,58,254,35,28,134,143,28,106,229,13,52,174,
218,13,89,15,20,83,150,212,20,120,243,8,95,228,202,8,167,255,39,72,222,185,39,115,238,46,144,242,216,22,146,48,
29,92,190,223,88,122,42,36,123,197,206,60,195,62,67,106,228,16,43,143,10,74,172,203,233,62,149,9,40,187,17,23,
118,140,83,126,177,17,37,47,210,55,71,134,232,9,130,171,38,102,141,234,38,137,178,69,144,172,14,23,144,185,76,92,
214,253,6,116,192,60,103,174,8,13,99,194,71,114,174,250,66,130,206,73,113,200,77,27,113,237,80,115,229,84,34,144,
23,111,151,214,91,41,151,227,153,134,197,63,48,135,238,113,187,7,46,79,200,9,132,172,14,53,86,148,51,115,155,242,
60,70,159,250,113,208,249,67,76,162,30,188,169,232,98,83,163,59,195,176,7,140,114,200,44,202,183,14,88,156,183,27,
174,190,254,99,96,178,40,157,201,3,85,163,0,107,216,187,81,164,174,7,100,154,22,83,184,177,194,106,240,201,77,184,
183,201,114,246,20,15,182,200,20,30,251,38,89,185,205,215,122,245,239,70,203,153,239,142,9,246,112,175,143,2,73,11,
45,120,210,176,19,149,36,43,124,235,248,65,159,28,7,125,236,210,40,175,42,47,86,243,193,14,108,33,29,96,193,243,
29,136,253,80,99,203,206,80,136,11,47,150,204,219,47,187,10,57,120,255,220,57,158,3,50,113,180,31,120,208,73,124,
111,16,235,124,165,32,72,159,233,242,96,172,45,84,125,252,232,133,227,106,138,158,13,52,153,220,105,158,225,54,57,145,
184,106,159,187,29,73,159,224,67,166,170,3,6,150,206,77,118,220,18,33,117,1,80,127,188,69,34,127,221,131,127,196,
40,85,127,233,96,178,197,45,48,178,234,108,150,248,46,61,145,29,108,154,214,97,62,152,254,159,155,225,69,113,155,6,
126,206,225,74,83,206,6,135,169,20,74,89,175,57,136,182,243,67,83,169,238,203,246,41,137,157,167,74,197,250,57,155,
164,191,94,217,1,5,162,136,181,54,148,251,12,169,119,205,49,196,212,19,141,126,218,61,140,22,88,174,181,22,46,232,
226,33,190,199,250,129,193,233,64,121,159,216,131,248,44,99,154,176,36,151,241,43,119,221,217,41,143,205,44,120,183,192,
57,162,250,10,132,171,171,251,153,232,20,84,221,186,24,116,27,23,93,187,237,23,127,252,74,93,197,204,74,130,4,44,
144,198,215,38,181,4,50,115,249,214,50,146,55,51,120,216,207,44,144,236,118,184,14,21,118,142,72,112,153,30,4,125,
166,33,73,195,37,243,56,185,23,134,191,45,46,89,202,99,154,184,44,66,156,243,104,146,148,45,67,118,218,120,160,188,
6,74,101,192,53,151,170,16,29,151,207,81,122,221,19,34,118,2,81,128,191,70,35,124,227,132,128,198,36,86,128,235,
100,179,198,48,49,179,235,109,151,249,47,60,148,30,109,155,216,98,63,156,0,160,156,227,62,114,156,6,131,207,226,74,
79,207,7,136,174,219,68,77,132,74,200,228,33,142,75,224,22,169,244,51,90,123,209,53,176,216,23,156,106,251,60,142,
211,245,158,161,3,95,175,228,65,178,154,2,115,242,13,70,170,118,3,116,204,244,86,184,158,220,123,187,218,19,175,140,
231,70,237,233,47,142,191,233,84,207,28,47,152,154,28,84,214,255,98,152,168,252,135,214,4,61,203,168,9,105,14,10,
79,175,166,3,103,195,77,143,229,236,77,101,31,71,88,186,254,84,149,16,91,119,193,226,32,132,255,39,85,212,192,93,
187,66,98,118,229,12,113,180,65,118,185,14,17,105,144,66,119,147,245,33,119,184,27,126,130,219,222,110,166,36,82,180,
234,249,81,217,40,86,149,29,250,86,187,91,87,157,1,45,87,193,62,138,157,6,11,138,194,67,107,150,255,8,63,5,
131,159,220,73,6,155,255,100,140,203,21,30,116,19,107,147,186,87,37,106,235,73,184,241,95,96,139,252,149,204,234,94,
116,206,37,154,196,198,95,117,168,12,170,210,238,56,124,151,242,103,201,220,66,78,201,1,130,168,15,69,85,165,52,131,
177,238,120,85,178,20,182,178,248,87,136,178,29,152,229,248,97,108,229,29,156,198,43,97,112,196,80,159,206,13,148,113,
207,44,210,206,19,119,164,206,56,175,1,20,124,131,199,50,173,182,87,188,185,13,124,171,18,81,133,142,252,72,254,38,
66,199,208,235,138,5,242,108,171,139,254,69,7,41,116,206,172,15,145,27,34,115,226,244,61,155,24,3,121,232,206,36,
171,38,43,82,239,189,10,104,29,25,92,195,239,25,131,0,76,95,200,209,76,132,6,48,146,200,217,39,183,6,52,109,
251,216,53,147,57,53,120,222,11,53,160,28,104,123,227,234,104,160,34,74,116,221,230,29,227,97,125,186,39,228,121,221,
42,106,169,46,252,82,206,49,89,211,53,3,148,172,68,79,190,60,58,168,248,128,169,163,35,79,153,251,129,141,232,63,
96,162,19,38,176,242,72,79,176,200,130,124,246,29,62,183,224,115,131,218,95,104,190,34,157,162,184,55,35,184,28,105,
169,232,109,59,145,13,112,152,18,116,66,211,213,178,221,16,112,132,142,56,194,227,23,138,136,228,71,116,219,4,137,146,
232,76,164,180,243,85,94,180,83,171,187,241,84,62,252,83,221,6,66,160,91,232,100,226,3,74,169,163,251,97,165,226,
83,178,187,4,113,242,233,70,180,181,24,107,165,28,94,110,174,28,131,247,39,99,182,193,25,82,217,36,104,192,171,36,
145,13,54,68,203,213,46,138,240,47,75,214,212,60,160,208,47,123,191,200,65,165,253,13,135,174,174,254,156,235,22,82,
224,189,25,119,30,26,96,189,240,26,132,253,77,96,201,210,77,133,6,40,89,194,203,2,193,69,99,72,16,12,96,207,
74,46,171,28,30,105,222,78,124,186,214,224,23,221,91,119,180,33,222,115,215,60,135,198,40,14,76,176,102,142,205,227,
9,66,237,98,150,205,4,26,142,1,91,149,225,71,67,147,249,55,150,226,33,42,163,7,95,111,233,16,16,96,254,77,
121,183,66,31,124,224,128,124,194,33,82,124,232,94,175,194,42,53,175,231,105,140,245,43,58,146,26,105,152,217,94,59,
153,249,156,152,219,60,110,152,3,126,203,222,71,77,203,3,133,168,17,71,87,171,54,133,180,245,122,87,177,23,184,180,
249,89,138,180,31,154,231,250,100,102,231,31,160,202,45,99,114,196,82,161,207,12,92,108,194,7,215,255,40,173,147,209,
77,200,240,47,145,189,216,51,246,30,96,125,168,32,129,250,37,104,152,212,41,141,3,42,67,204,210,32,98,0,42,99,
210,167,6,150,16,56,110,206,232,242,148,30,63,120,235,233,69,168,221,60,136,234,184,38,173,5,45,143,182,250,80,121,
239,11,137,235,222,52,128,251,59,98,255,205,35,127,219,98,158,186,2,88,166,33,49,112,234,219,108,149,16,39,131,229,
209,102,202,23,87,150,27,233,63,187,30,70,192,34,240,129,153,85,138,191,221,58,139,243,111,149,203,50,52,75,230,110,
150,154,20,64,115,215,117,98,220,62,12,90,181,77,117,151,56,78,129,229,131,171,199,17,85,112,203,64,162,181,26,32,
162,218,91,125,232,30,46,132,13,92,139,202,81,46,140,236,143,139,204,52,97,139,246,113,190,209,57,64,190,246,119,153,
4,58,70,155,41,120,166,229,109,74,166,10,113,160,214,140,137,220,73,96,238,47,142,149,238,86,139,205,51,146,147,201,
94,214,237,63,150,165,250,16,168,179,2,172,109,157,92,224,254,227,160,178,254,39,162,171,69,176,175,202,15,240,11,72,
181,190,208,114,252,29,81,196,194,30,129,182,223,255,195,207,25,123,1,221,91,189,211,6,106,8,13,52,150,218,245,113,
236,252,118,157,190,235,108,202,62,119,229,230,17,130,27,82,112,228,250,84,171,32,74,76,229,251,46,146,48,88,116,190,
2,29,120,237,79,98,199,205,79,135,9,46,149,203,219,49,186,9,55,116,254,219,52,153,60,56,127,217,14,56,162,31,
49,119,217,195,110,210,55,130,158,232,9,95,195,62,102,200,239,239,128,240,110,137,170,58,55,82,203,107,148,214,48,22,
143,243,111,150,171,22,75,160,4,118,156,236,2,73,174,11,123,180,232,80,88,104,3,126,120,242,49,58,120,220,87,151,
249,32,33,88,27,147,117,247,94,104,193,29,98,170,252,106,107,124,253,120,131,1,112,86,172,51,174,179,218,119,69,146,
240,165,161,228,69,119,161,13,128,212,231,80,89,212,12,141,177,26,80,95,182,63,142,188,245,131,96,189,34,193,189,2,
98,147,189,37,159,240,3,108,117,240,40,170,207,54,108,124,205,91,170,217,22,159,124,217,63,163,210,8,190,187,14,123,
146,36,80,196,197,222,139,240,32,106,128,145,229,75,202,231,7,207,203,31,142,9,237,106,219,221,40,157,13,59,121,149,
159,214,156,31,59,120,229,162,55,133,35,40,103,177,210,40,116,239,23,110,208,217,23,106,2,13,143,246,0,89,181,6,
58,156,3,2,58,193,69,110,174,223,13,100,203,62,42,160,15,245,75,210,77,82,121,22,228,49,143,68,64,130,225,22,
64,170,31,115,134,239,244,115,171,44,80,185,239,254,82,222,45,92,149,34,255,87,194,96,92,163,253,50,92,199,68,143,
162,11,22,143,199,73,110,213,11,27,109,192,66,109,160,86,93,182,10,73,82,240,79,18,167,245,147,152,215,33,66,152,
228,95,135,222,64,73,135,218,150,203,0,30,123,214,49,161,211,9,45,109,173,52,140,180,219,85,94,156,0,123,187,250,
92,77,155,246,142,182,216,121,143,194,38,196,236,8,82,150,177,12,129,227,246,91,103,227,27,157,193,41,95,111,198,78,
157,204,13,146,111,203,41,208,204,18,112,162,204,54,173,255,18,122,129,197,48,162,11,87,175,116,13,111,247,20,85,190,
149,250,136,209,224,86,197,171,1,136,3,8,47,204,154,231,69,250,246,56,155,204,246,98,213,41,60,164,175,41,102,227,
18,116,170,187,9,153,232,23,88,221,186,23,125,27,23,93,188,237,23,130,249,16,86,184,184,98,186,50,99,62,6,2,
86,197,64,36,161,18,20,95,212,68,114,176,204,214,35,202,67,120,172,16,32,56,187,88,134,195,23,253,134,233,100,135,
197,234,5,132,229,90,138,152,6,50,145,232,38,79,133,44,62,138,179,15,146,218,50,225,146,255,112,93,125,58,76,152,
162,120,169,222,5,14,69,4,136,166,170,237,88,177,9,130,181,168,80,104,183,16,156,185,254,95,26,175,253,155,195,2,
41,74,195,39,162,143,230,72,57,147,242,101,196,16,114,123,150,250,117,157,220,86,71,157,252,107,210,227,69,137,164,8,
155,230,37,76,91,174,10,121,224,241,83,92,202,81,169,185,16,90,94,168,75,198,251,23,97,130,216,36,183,2,30,104,
113,2,67,158,167,76,161,168,9,109,164,10,88,179,177,24,113,242,25,18,117,95,2,120,248,22,96,202,150,0,133,5,
34,94,211,139,52,61,236,41,115,205,207,224,97,191,38,114,212,221,248,92,215,255,62,184,169,4,99,210,29,136,233,248,
63,172,45,1,93,162,234,18,118,44,25,88,210,254,84,125,254,35,90,176,237,104,195,51,22,114,183,255,39,139,6,70,
168,231,216,70,146,252,115,181,197,13,112,177,44,119,182,245,230,119,160,18,52,173,227,239,72,210,33,80,139,22,243,79,
178,84,80,150,245,236,73,176,31,107,219,58,50,155,244,117,156,141,12,248,141,241,121,126,165,31,40,102,226,128,133,172,
14,82,133,192,138,181,162,22,27,120,199,159,115,147,80,98,174,215,51,182,254,86,5,189,36,147,185,3,25,97,196,40,
128,168,10,108,117,144,12,170,151,238,80,124,146,41,142,217,221,63,131,217,2,125,224,31,94,138,189,33,156,172,247,81,
86,174,11,142,187,225,130,152,238,47,170,245,52,150,100,210,89,153,217,24,157,102,239,61,219,200,7,164,173,200,44,226,
10,38,171,145,231,75,174,226,67,143,187,214,58,240,24,28,126,194,24,89,247,252,59,157,142,223,63,241,38,101,164,173,
38,138,5,242,73,206,156,10,110,12,243,102,178,222,249,93,19,59,63,161,234,64,129,31,36,99,197,182,4,100,241,18,
88,185,150,70,181,225,85,151,237,244,85,109,39,79,96,218,6,92,157,0,99,162,201,13,40,164,31,106,110,232,229,53,
150,20,53,100,18,30,104,202,80,44,170,12,231,120,220,28,92,155,253,6,68,180,35,74,139,236,228,131,228,25,73,136,
33,42,82,206,108,148,176,250,62,148,189,115,96,183,25,69,96,220,56,149,212,8,41,162,6,94,110,232,74,24,169,210,
101,141,239,22,55,111,7,130,124,246,88,38,148,248,115,155,194,29,91,177,231,157,197,201,67,76,162,6,105,137,221,62,
58,137,228,179,207,11,118,49,211,58,169,207,25,47,119,159,27,150,166,229,71,80,166,10,157,232,248,69,140,241,78,190,
247,43,147,155,171,16,130,246,56,142,149,246,14,200,240,1,158,167,194,38,220,225,67,106,139,201,69,180,216,23,96,175,
14,117,158,5,68,120,188,215,59,241,222,53,151,195,222,66,213,32,36,146,143,224,80,179,31,105,124,196,26,80,6,46,
50,148,216,11,146,210,18,57,179,176,241,140,7,1,123,226,176,6,165,253,72,76,198,183,37,106,240,14,85,180,182,8,
123,251,35,98,171,249,88,178,233,99,149,6,16,99,195,240,87,150,202,14,100,141,8,107,135,12,218,72,148,39,38,170,
21,20,47,146,14,45,177,26,42,114,145,99,124,188,33,35,52,236,101,144,191,220,41,138,159,95,144,197,227,49,144,234,
33,142,214,46,221,149,252,107,145,219,241,64,165,2,114,171,223,71,79,87,250,130,111,174,75,84,111,211,102,142,240,47,
23,164,21,144,149,212,89,98,184,225,116,156,187,254,111,184,43,167,204,7,27,106,207,44,156,213,9,113,121,137,243,110,
150,208,19,126,215,47,168,219,206,111,74,160,4,186,191,33,131,140,191,35,134,198,40,74,71,220,77,141,205,244,86,119,
240,84,207,212,54,117,161,188,91,138,207,241,163,159,243,98,221,193,55,166,175,226,70,228,12,75,114,147,233,48,159,213,
20,118,122,177,116,236,206,91,190,204,206,113,190,230,37,194,168,33,133,0,5,68,142,175,40,64,15,43,103,210,119,51,
138,3,54,117,147,211,19,154,21,61,70,192,236,66,166,230,38,101,175,188,13,109,220,67,143,206,215,80,180,12,28,150,
189,189,13,171,250,38,102,239,204,40,138,45,41,111,204,255,41,147,12,92,111,215,220,92,148,21,63,162,216,231,58,199,
22,68,129,209,225,58,146,76,129,157,255,43,129,194,37,136,140,229,232,120,176,46,85,190,244,4,90,227,50,97,160,39,
4,97,194,101,97,167,9,55,97,199,65,148,169,14,19,90,197,55,109,172,0,93,174,22,146,184,238,85,87,110,9,145,
126,213,31,40,150,29,152,192,220,97,71,192,233,159,132,198,28,100,199,8,131,206,13,76,61,206,247,105,139,4,58,70,
155,41,120,167,230,109,74,167,11,171,167,237,76,125,167,18,141,160,230,75,72,166,21,136,182,237,79,57,234,87,200,150,
48,155,154,150,85,217,247,220,160,172,246,88,222,186,63,176,178,253,114,226,16,78,98,170,234,54,177,241,48,181,131,217,
61,208,248,31,153,197,215,60,152,31,91,119,212,47,138,250,44,98,134,205,38,141,16,41,117,204,209,237,72,33,8,42,
203,225,20,120,22,67,95,169,237,8,99,216,58,77,181,189,58,114,245,21,128,182,198,24,165,244,34,93,233,198,35,137,
39,35,104,204,249,35,142,6,86,105,210,215,28,135,249,112,178,194,31,122,213,69,119,173,209,22,109,206,92,118,119,208,
55,76,147,77,130,158,0,44,130,195,38,137,141,230,233,121,177,51,93,191,245,4,84,228,51,97,155,40,5,98,192,102,
98,167,7,254,91,182,128,171,152,78,92,169,2,135,166,167,69,79,162,25,134,117,237,77,101,188,27,156,175,249,100,93,
193,219,77,211,209,22,94,193,2,125,200,7,70,55,200,241,99,133,254,52,67,152,35,114,162,217,103,68,161,1,165,161,
230,68,119,161,12,137,212,231,79,90,212,12,142,179,26,80,96,178,5,135,166,57,143,149,244,244,215,242,64,163,169,251,
17,210,245,63,168,163,192,24,210,7,35,133,177,7,72,171,14,18,107,110,254,54,184,220,68,122,138,221,105,186,229,32,
173,138,230,73,235,231,44,144,189,231,82,199,26,45,150,161,26,82,211,249,96,150,166,252,133,212,2,65,201,166,2,98,
210,1,33,222,240,60,70,32,69,62,168,177,7,107,243,31,87,190,186,27,131,247,36,85,179,201,22,142,9,36,92,181,
13,102,120,251,35,98,209,222,45,150,4,55,122,213,227,43,139,19,50,133,231,228,50,150,8,132,183,22,40,48,216,94,
55,194,39,36,120,231,22,125,166,8,17,103,203,105,110,173,247,59,86,245,77,105,223,60,73,160,2,116,161,217,252,19,
97,204,71,106,175,13,22,99,190,133,176,227,67,87,97,4,105,180,208,85,35,180,24,147,128,191,57,101,187,252,107,120,
183,23,102,197,44,85,188,229,106,80,142,242,168,208,15,113,87,208,5,116,151,205,107,94,180,24,147,187,29,92,101,163,
66,130,229,1,58,135,232,253,183,201,43,106,150,177,80,203,243,247,89,122,243,87,175,203,44,120,164,215,94,158,1,64,
162,112,198,66,224,8,36,107,116,251,73,196,236,43,141,185,236,80,179,22,26,183,157,228,129,254,19,24,177,164,29,94,
193,233,99,197,206,36,101,3,235,93,169,213,8,84,207,50,113,211,220,15,150,206,237,113,220,219,237,155,31,61,56,223,
239,76,162,216,68,142,161,246,79,167,32,83,70,231,253,24,124,50,90,94,192,201,55,131,254,38,160,199,208,62,150,79,
121,91,3,21,110,128,58,98,115,16,25,111,211,78,59,146,23,253,83,218,85,90,141,227,231,70,149,84,135,119,24,46,
73,173,99,139,143,241,250,104,180,47,87,209,248,1,111,229,100,140,157,58,67,153,253,120,101,188,65,39,125,4,127,132,
215,25,88,175,17,131,176,232,17,79,170,7,147,113,176,73,82,122,25,148,188,251,93,43,153,32,120,160,2,100,74,129,
237,106,135,194,48,63,148,237,111,152,205,38,116,211,45,100,209,25,113,54,209,62,175,125,22,131,61,223,70,181,219,37,
59,131,171,15,162,202,241,83,92,178,81,204,185,4,157,161,251,96,217,248,60,151,97,194,33,161,200,6,105,113,200,35,
149,9,75,161,168,9,33,219,3,79,142,127,237,57,204,220,51,125,158,220,64,199,212,19,115,194,33,136,177,24,41,139,
172,37,137,225,9,48,205,179,44,85,232,248,79,165,162,243,78,5,255,62,184,193,4,104,227,11,133,231,181,250,162,40,
1,127,225,247,42,118,9,25,112,186,219,25,149,248,32,107,239,248,91,156,255,63,102,224,209,63,139,30,46,109,204,213,
92,146,13,77,140,214,223,53,153,79,119,123,230,40,128,209,18,113,130,228,5,126,226,58,98,137,38,12,133,174,65,81,
168,237,41,81,181,72,147,210,17,26,88,247,79,154,158,24,9,119,187,45,154,226,58,255,154,7,120,70,231,76,73,157,
12,59,162,179,21,30,175,240,142,182,245,52,61,123,247,149,125,176,81,103,189,254,121,196,3,101,51,161,5,87,156,190,
112,108,192,47,170,142,11,124,126,201,62,174,220,26,54,64,119,67,177,232,40,135,140,148,62,188,231,46,129,151,226,66,
130,225,45,108,117,238,82,170,186,52,91,91,171,73,152,198,4,141,106,200,36,203,199,13,107,157,199,49,168,250,13,118,
129,250,50,179,221,64,118,134,217,101,180,227,30,111,127,216,48,6,189,53,195,203,38,139,243,40,109,206,132,247,62,20,
225,95,206,180,10,145,12,17,56,213,163,240,78,3,255,68,166,218,4,111,229,55,74,178,181,55,111,241,27,125,179,194,
20,162,241,31,95,172,188,21,109,39,92,120,218,6,92,157,0,99,103,192,195,83,139,9,50,153,207,222,50,190,13,60,
125,2,223,56,156,64,60,131,221,18,60,167,28,111,130,235,238,111,167,38,75,181,235,250,74,218,41,88,146,30,251,87,
185,34,81,135,70,254,50,9,51,79,226,66,78,148,188,24,155,227,59,9,64,3,123,93,234,77,91,93,0,77,117,180,
81,55,176,20,143,148,211,29,62,183,207,153,196,177,103,117,194,27,89,184,4,102,76,162,41,164,204,208,74,83,137,228,
189,164,198,103,125,176,20,178,218,246,64,132,159,250,111,209,228,76,84,209,9,140,172,23,77,93,175,60,139,185,244,128,
93,186,32,190,186,255,99,144,186,37,157,237,0,105,110,179,30,144,12,63,158,176,162,110,220,19,83,178,183,191,105,223,
18,88,172,124,198,105,241,246,53,186,195,246,66,248,229,27,119,186,228,78,200,23,42,146,157,23,79,209,243,93,147,163,
251,130,209,255,60,198,163,0,100,4,2,68,167,219,5,112,230,56,75,179,190,56,112,242,27,126,180,196,27,105,235,244,
142,249,248,244,186,56,84,145,254,187,80,180,25,41,128,202,235,100,165,67,48,135,12,242,107,172,39,38,130,199,216,122,
227,85,114,187,20,223,128,214,96,134,180,44,43,121,236,84,143,187,30,49,128,168,26,95,158,227,43,142,207,74,149,212,
19,4,149,190,48,82,203,1,16,101,240,63,111,166,52,17,110,206,114,110,179,17,68,110,217,86,161,180,28,39,161,217,
91,128,231,29,45,127,210,84,115,243,98,97,115,42,151,206,11,92,123,199,35,173,194,20,99,109,205,42,105,114,22,123,
50,144,64,192,223,19,127,127,151,70,179,234,34,124,148,215,78,182,223,40,131,80,157,30,153,164,34,145,119,205,84,207,
212,251,152,102,179,17,198,194,7,104,152,194,46,161,245,8,113,118,245,45,174,210,59,113,129,217,96,175,221,30,164,129,
222,63,226,222,36,130,122,215,50,238,35,88,118,210,26,141,1,33,111,190,218,29,130,7,40,43,110,214,41,71,16,57,
125,139,211,41,119,218,26,70,192,236,31,166,230,38,136,199,243,38,138,220,88,139,234,252,238,186,40,95,159,254,3,11,
181,43,94,164,248,200,18,181,61,66,129,6,15,66,142,68,49,103,195,6,48,155,18,99,118,223,229,99,157,27,63,169,
223,239,70,206,29,75,136,18,239,76,178,80,76,146,239,34,76,182,47,127,146,251,6,127,183,56,90,139,244,222,143,252,
109,59,220,65,62,146,1,48,151,214,69,19,105,229,131,171,234,76,50,171,15,138,178,186,27,16,131,202,85,197,188,248,
99,188,20,141,192,179,84,93,133,36,124,140,203,104,54,199,8,166,147,13,111,56,130,37,160,154,217,83,92,213,22,121,
161,224,49,87,144,68,178,216,34,132,73,219,64,184,243,36,77,143,227,86,210,245,58,135,155,250,78,215,184,235,140,162,
248,57,180,255,62,160,110,220,64,155,164,66,161,100,8,109,237,193,63,161,124,13,78,177,217,83,122,190,241,120,184,27,
90,112,200,33,51,2,47,101,188,136,21,121,198,238,69,167,211,6,82,205,245,44,133,236,1,72,2,55,83,181,225,55,
120,219,67,71,160,163,51,107,237,23,121,175,190,14,158,237,27,85,226,191,28,122,32,28,97,193,184,21,112,63,91,151,
2,167,101,188,70,111,171,9,196,96,191,69,116,165,206,203,96,209,41,81,179,21,251,57,216,24,55,112,12,233,70,166,
74,70,140,235,28,72,175,38,121,140,246,247,121,177,51,89,191,245,6,85,228,51,97,154,40,5,98,192,102,98,169,3,
56,98,204,69,149,168,17,27,91,198,34,165,237,69,244,164,19,63,179,245,75,82,179,203,133,127,249,91,41,151,251,118,
193,197,63,72,158,37,101,153,22,122,38,194,47,173,131,1,99,86,148,51,139,179,242,60,69,155,23,146,162,28,91,100,
162,12,132,181,232,69,85,152,64,198,159,29,81,149,235,20,167,207,14,147,97,207,51,174,249,253,137,150,236,58,157,0,
28,126,135,197,41,164,228,35,109,177,228,72,171,217,21,160,137,21,122,243,18,86,177,129,12,117,233,34,23,121,185,15,
93,192,35,63,161,170,232,76,199,7,70,144,212,7,107,206,252,56,144,160,248,82,201,253,60,165,161,253,97,217,248,124,
231,230,248,161,37,67,40,228,248,255,175,45,73,134,243,176,69,169,14,89,152,191,3,54,189,21,61,112,16,208,41,137,
255,44,115,204,209,44,147,10,46,114,213,224,127,134,77,120,171,11,31,41,204,71,89,187,226,3,65,189,91,96,194,36,
242,72,172,63,138,154,239,232,132,241,111,69,195,247,59,145,186,53,117,180,57,66,93,217,72,100,158,247,60,146,224,126,
166,170,71,45,166,231,98,97,228,81,11,160,4,105,180,184,50,35,145,24,112,187,250,33,42,128,252,154,147,244,86,73,
194,235,126,142,229,106,80,201,45,109,149,212,78,122,143,39,162,180,22,120,70,215,24,182,187,250,110,123,163,66,189,170,
233,99,108,229,73,137,201,28,65,143,238,72,127,236,52,140,59,237,90,216,174,44,120,164,191,35,158,222,29,103,171,193,
25,211,251,36,169,119,205,49,231,236,78,117,126,212,80,203,202,82,185,116,26,111,242,35,99,122,186,16,70,193,1,64,
197,171,233,77,200,232,30,196,216,201,140,4,230,121,224,224,43,153,11,245,107,205,192,57,103,226,10,132,195,239,10,110,
233,41,104,170,170,29,129,223,70,146,209,218,83,183,15,31,153,192,192,16,174,253,44,109,242,207,43,137,48,44,113,206,
2,44,151,12,95,114,218,225,37,144,2,126,177,16,34,20,218,88,116,177,30,219,112,212,33,73,160,2,11,132,232,40,
80,202,9,53,104,204,50,89,133,4,240,150,237,102,153,216,246,54,140,218,61,125,164,30,74,125,4,68,132,230,37,81,
132,232,70,98,224,66,53,174,215,82,122,244,51,95,122,222,89,153,216,29,26,203,190,142,182,4,93,120,192,41,154,195,
21,31,69,126,40,178,211,7,122,120,212,55,108,149,203,114,132,208,252,85,240,219,30,134,217,247,177,217,234,76,109,195,
39,197,237,241,83,151,202,81,169,209,251,92,82,252,84,204,253,216,143,152,251,36,159,223,65,163,172,2,67,225,9,72,
170,124,209,33,185,196,66,164,186,213,57,204,23,86,184,193,244,123,246,30,93,136,144,210,65,177,233,112,139,109,30,139,
252,202,100,207,206,202,137,13,43,16,204,224,231,151,21,49,110,219,152,50,163,30,11,98,172,181,35,170,37,18,140,179,
188,77,177,253,29,93,192,178,84,187,42,80,154,176,248,91,156,58,98,126,3,233,98,139,30,58,112,213,222,50,129,69,
106,99,205,214,99,212,79,60,147,221,230,84,219,86,67,189,228,237,126,226,27,120,196,38,244,98,174,41,105,203,45,251,
140,181,48,147,210,243,48,147,212,114,154,182,59,33,154,195,86,95,211,66,40,161,5,93,168,196,73,23,133,201,89,128,
178,13,13,183,15,135,184,169,79,99,106,26,152,180,241,94,27,176,254,97,196,3,66,75,161,5,104,144,219,116,120,210,
55,176,207,19,110,56,159,248,124,166,224,63,76,158,250,108,224,34,120,127,224,248,178,218,3,101,110,172,40,198,238,242,
84,93,238,35,131,171,232,144,162,251,13,199,217,24,98,131,217,37,219,200,7,164,173,3,103,167,219,14,107,107,253,75,
174,17,80,143,152,238,82,181,221,11,177,197,204,111,234,252,59,157,142,252,131,254,235,42,140,208,247,125,248,10,73,171,
156,10,145,12,249,56,154,222,246,90,6,24,63,220,234,29,129,252,36,75,173,191,78,180,28,10,128,204,213,19,143,10,
26,148,187,196,85,185,52,92,96,189,249,57,157,0,64,127,201,13,40,140,66,106,169,11,217,39,130,66,115,168,198,20,
115,205,4,113,183,32,27,44,231,83,124,190,25,221,135,233,103,127,121,31,51,58,227,103,133,128,39,57,133,165,101,150,
203,211,62,151,239,104,155,142,47,10,155,196,122,162,166,32,41,103,6,129,122,164,68,92,171,4,144,173,242,83,22,109,
200,143,186,237,77,97,107,14,137,155,194,36,69,155,34,157,162,201,102,76,197,238,105,149,220,57,63,128,42,174,217,198,
103,112,211,252,143,159,222,64,97,159,3,150,190,32,71,80,174,15,145,173,231,85,70,224,79,123,226,33,109,94,180,48,
171,246,53,116,101,246,55,213,194,1,103,120,185,84,207,225,8,106,139,225,104,227,232,15,172,146,11,52,175,219,15,120,
131,209,66,174,210,29,130,141,229,49,241,34,87,117,208,25,140,8,45,104,124,196,26,104,203,243,74,172,216,46,111,210,
53,81,214,164,250,98,200,53,125,218,168,253,98,190,78,128,241,251,78,174,219,66,129,240,190,20,144,46,86,149,247,221,
86,186,53,93,101,198,187,47,117,0,112,103,197,194,87,187,67,48,111,233,21,107,207,74,79,177,19,28,114,159,25,23,
177,28,27,23,225,79,117,191,33,230,115,193,36,76,163,5,49,76,176,43,107,170,244,21,142,175,11,149,215,45,52,149,
173,110,165,221,52,78,153,3,125,87,213,55,18,163,7,71,170,233,40,25,135,211,102,109,227,23,56,118,21,109,184,212,
30,39,149,249,97,137,190,20,92,191,35,99,163,5,68,112,198,239,98,107,12,113,110,194,49,96,199,6,82,91,153,21,
179,219,26,124,74,160,63,127,191,33,55,93,150,65,186,241,35,129,71,236,83,124,172,39,138,144,249,79,131,236,56,144,
85,239,84,204,7,56,97,163,247,106,216,252,1,68,172,255,29,236,25,79,166,114,255,99,200,240,23,145,189,19,119,242,
223,30,187,137,247,126,182,213,114,147,127,20,133,221,5,103,201,175,237,140,204,235,36,192,157,249,92,254,250,65,155,208,
250,101,220,45,69,173,178,50,106,236,22,120,174,189,21,157,236,27,87,225,190,27,123,229,20,74,0,253,80,189,234,100,
150,7,17,100,196,241,94,166,254,173,101,204,59,97,171,193,9,49,149,16,115,143,20,29,115,180,47,63,150,27,228,46,
209,89,94,157,34,240,129,194,37,101,164,41,230,89,160,107,134,195,48,57,75,230,97,115,178,252,29,150,250,117,157,161,
3,71,98,222,124,100,151,77,84,173,1,64,73,231,70,9,173,18,146,102,228,24,33,119,22,110,185,248,90,64,150,226,
117,192,179,100,112,116,44,172,203,255,36,100,199,8,131,206,210,111,85,147,15,138,213,209,42,145,166,237,167,220,248,90,
134,220,29,128,227,231,64,67,211,11,141,183,25,79,94,174,62,141,187,245,130,95,188,26,192,188,1,97,88,181,16,223,
251,55,162,93,5,92,230,15,75,169,100,255,108,221,171,63,174,183,210,78,236,241,83,181,131,200,73,167,14,90,188,138,
248,127,215,34,97,136,128,37,140,181,237,116,143,160,237,43,2,51,117,133,215,228,101,195,251,130,157,161,235,82,9,67,
95,193,237,8,167,255,15,102,200,244,254,166,44,239,144,245,242,70,181,228,75,151,190,2,53,188,55,36,99,221,230,36,
119,15,26,152,7,237,67,202,10,109,137,211,244,74,209,59,113,164,179,17,116,181,48,123,127,28,2,64,188,55,130,176,
32,29,54,183,21,139,197,42,209,137,240,95,133,207,229,45,131,185,111,151,214,21,30,151,216,118,123,162,63,72,101,200,
61,89,215,11,79,165,9,97,137,176,18,51,172,16,63,132,166,88,84,168,23,146,118,236,32,65,127,30,118,193,221,39,
48,158,2,106,146,199,29,101,200,241,167,172,14,112,62,148,16,139,155,210,21,125,208,238,168,208,225,126,135,221,30,153,
228,0,133,107,169,72,195,178,240,64,138,237,71,126,229,246,147,156,242,51,174,190,253,119,163,249,17,169,209,243,169,176,
9,93,147,15,66,161,179,187,113,223,22,86,181,186,194,107,239,13,242,179,185,201,118,168,213,15,176,198,28,69,216,35,
63,196,205,232,59,211,251,29,143,224,238,66,17,45,105,212,143,57,138,23,55,57,228,215,53,164,216,1,55,222,240,60,
70,28,77,130,138,238,77,167,200,82,148,234,241,82,106,36,30,117,215,224,30,130,56,37,159,222,190,49,120,78,120,68,
0,20,5,197,79,112,164,23,21,113,212,1,104,121,219,252,58,182,25,65,187,250,38,89,165,23,64,96,36,48,122,220,
98,62,188,30,249,103,203,46,145,173,50,24,86,245,112,93,156,57,246,105,176,126,152,230,70,62,170,4,119,174,218,79,
69,156,10,126,97,239,84,11,180,10,148,181,236,93,83,188,13,137,187,243,250,101,190,22,143,194,181,86,95,194,38,102,
166,205,71,80,142,242,133,173,212,37,75,132,47,168,223,28,109,140,216,52,190,211,37,116,126,222,59,113,232,42,58,138,
222,81,197,229,51,130,158,225,70,203,236,208,145,151,167,89,213,2,237,142,151,191,59,182,198,64,127,171,222,42,224,8,
12,110,178,188,116,227,8,80,100,191,8,123,247,28,87,107,185,24,114,147,16,79,131,199,29,70,252,36,64,138,171,233,
101,191,37,115,206,204,51,140,13,52,45,198,220,247,150,238,57,120,159,168,22,127,226,2,34,227,233,249,177,49,80,132,
240,240,8,163,43,24,146,209,253,83,124,247,55,118,192,193,14,208,10,21,147,2,232,62,197,64,69,108,9,215,36,130,
55,51,121,221,9,51,157,18,102,121,225,229,102,158,32,66,172,226,241,69,151,25,56,198,43,226,64,219,86,139,202,241,
18,80,204,71,87,150,16,25,87,170,102,155,208,238,54,140,253,120,101,188,6,39,125,201,68,132,195,13,13,154,11,75,
174,202,79,88,115,215,106,146,185,19,28,105,33,144,181,253,17,108,181,40,164,201,4,24,102,197,31,64,202,12,98,105,
202,226,156,174,16,114,88,150,250,117,181,220,62,95,157,25,107,176,210,122,126,223,74,183,132,31,138,150,154,61,162,237,
241,83,92,202,46,145,244,243,73,145,231,29,176,192,23,156,165,216,60,218,2,6,128,172,2,102,149,6,74,94,183,254,
106,238,23,11,164,186,213,116,204,23,86,125,134,244,88,187,219,17,183,203,188,127,247,217,87,185,148,2,78,225,44,107,
170,179,44,144,208,16,114,212,221,231,104,227,238,108,219,169,63,128,30,70,74,172,205,35,111,217,85,136,231,249,235,164,
9,84,147,210,195,25,125,16,32,95,217,202,56,115,11,22,169,9,21,91,100,55,111,161,255,18,7,198,74,104,77,10,
28,104,114,76,113,106,26,36,127,143,73,91,189,31,5,67,167,34,98,137,235,12,74,198,24,148,199,38,56,64,246,100,
155,219,58,63,71,240,116,146,119,53,71,160,178,108,126,224,7,16,102,226,93,109,231,9,6,155,255,76,140,179,45,89,
175,240,107,182,245,28,61,182,26,149,113,249,96,27,193,22,153,202,10,33,97,196,237,163,168,10,108,58,144,12,135,151,
206,39,116,213,212,174,211,204,130,144,221,54,187,218,219,116,125,165,33,132,196,38,136,110,196,75,198,179,10,143,152,238,
15,129,198,5,74,146,245,54,177,252,59,122,107,252,37,151,185,50,104,120,202,87,166,214,13,155,120,213,52,217,213,26,
119,171,213,63,184,8,27,132,141,206,57,171,20,96,184,125,18,118,195,3,42,164,208,38,103,226,45,108,147,180,45,145,
12,232,69,166,146,248,164,216,239,111,222,226,244,151,18,12,99,173,206,71,171,3,43,141,239,189,43,178,45,85,72,198,
208,9,117,249,27,97,186,186,81,194,51,23,149,4,210,99,164,66,106,110,208,241,71,147,56,100,163,215,248,54,178,80,
120,148,246,34,120,161,52,127,190,32,26,51,180,47,58,199,36,48,58,242,97,134,206,204,59,132,230,108,148,143,40,49,
89,213,80,96,218,25,69,120,196,122,162,166,8,76,98,186,116,169,173,74,48,169,13,77,117,204,46,31,112,200,158,107,
233,75,99,176,38,147,192,245,88,116,114,243,81,191,13,104,102,205,38,167,206,199,42,42,197,50,163,135,35,49,27,201,
61,171,207,24,25,125,220,54,87,218,34,122,41,218,71,184,165,197,130,148,224,234,193,248,48,135,161,236,86,208,170,40,
138,160,187,31,213,253,60,158,132,194,38,161,201,32,130,174,225,50,170,199,7,74,181,14,102,223,18,5,166,175,215,59,
206,25,53,186,136,222,90,213,32,60,117,155,212,119,242,236,43,165,209,4,139,203,243,74,172,216,11,70,16,59,40,146,
215,46,143,29,55,47,215,237,57,89,24,65,125,242,237,10,167,32,87,133,243,251,86,187,35,88,157,254,189,244,186,56,
84,145,254,187,80,180,25,65,163,202,14,41,141,32,107,111,209,21,107,172,254,67,101,6,15,79,179,81,62,184,223,232,
86,221,29,69,191,33,7,52,231,101,59,130,32,42,125,244,97,66,194,49,48,66,234,102,139,221,49,1,156,242,124,147,
222,63,77,164,245,125,171,159,226,77,166,254,119,170,157,62,71,135,14,137,142,205,82,91,177,21,144,108,200,13,85,171,
249,151,191,219,61,105,191,35,158,198,185,106,118,122,36,174,207,3,118,116,208,51,104,199,240,58,67,212,56,144,219,223,
124,98,184,28,186,167,33,64,42,232,63,201,242,46,140,71,235,80,208,164,51,136,143,240,84,139,254,47,160,155,240,93,
224,190,241,154,161,6,92,214,7,78,98,162,226,46,169,12,75,138,182,209,112,200,240,47,180,130,19,52,175,184,82,189,
188,184,123,243,213,98,197,211,213,65,243,27,44,142,175,40,105,7,244,51,173,182,47,112,194,43,119,207,148,41,141,242,
26,129,168,236,7,107,254,73,77,175,243,73,138,220,69,145,233,174,72,173,37,96,145,172,246,89,179,234,86,150,245,17,
89,132,58,103,158,9,204,25,209,64,101,173,193,28,101,216,84,121,180,200,22,117,207,240,109,172,224,36,122,163,89,129,
157,231,8,70,194,28,130,208,43,41,144,233,106,145,138,35,22,84,184,110,150,178,55,5,150,215,82,122,220,3,71,90,
159,121,158,151,77,91,168,1,134,165,166,63,50,112,212,138,178,206,83,33,178,243,110,150,248,31,99,118,209,170,145,179,
84,106,157,1,159,199,227,45,113,140,231,92,190,209,57,65,190,246,121,153,4,58,74,156,41,120,166,225,109,74,167,13,
171,167,236,80,125,167,18,138,218,237,86,91,160,11,125,244,54,70,157,244,93,132,235,42,118,162,248,57,180,255,62,160,
169,255,31,209,227,10,108,176,6,71,229,210,76,139,148,234,113,177,20,16,105,198,16,113,245,207,96,181,205,36,133,252,
214,90,197,196,192,134,4,32,93,202,135,28,82,205,245,111,174,218,48,148,236,20,59,181,225,247,79,9,54,71,193,237,
67,108,255,15,102,235,185,39,139,41,22,85,166,204,5,185,39,77,151,249,190,80,181,45,104,153,194,6,97,189,65,38,
89,250,237,43,143,69,109,137,14,220,109,174,41,81,179,218,30,52,140,70,123,151,249,37,123,188,31,130,134,223,226,114,
170,44,85,126,231,240,39,234,98,68,209,52,66,68,231,52,92,155,56,30,151,251,118,123,186,4,37,158,182,128,171,152,
78,92,169,2,64,159,222,18,51,172,16,80,144,183,49,93,120,244,111,186,190,32,33,110,48,106,117,243,98,72,158,37,
160,165,204,105,55,132,226,151,147,217,60,105,147,254,123,198,217,66,75,198,254,127,169,12,66,82,164,49,128,174,237,59,
75,152,80,191,228,44,64,155,228,87,211,248,51,71,149,244,78,111,246,50,78,165,252,101,140,231,66,170,176,247,93,173,
1,67,170,169,195,94,230,235,42,175,184,235,55,237,218,16,108,175,217,65,189,12,31,135,142,12,68,198,236,82,136,152,
232,119,198,244,53,187,152,244,84,249,245,58,150,203,245,96,221,40,59,163,170,40,96,230,11,115,169,181,11,152,231,21,
86,220,185,22,122,26,22,92,191,236,22,129,254,15,85,186,183,29,201,253,32,83,9,16,105,189,252,27,169,14,197,105,
206,78,34,148,18,33,116,201,70,67,174,19,33,109,149,71,124,152,250,38,124,189,32,131,135,224,227,115,171,42,86,185,
239,251,82,222,45,88,154,232,248,81,169,52,164,156,249,246,160,2,128,152,155,244,81,155,252,128,90,235,64,88,175,16,
135,97,229,80,79,75,17,143,171,232,85,18,167,11,112,187,191,33,42,128,31,119,194,222,99,73,135,38,126,137,188,93,
80,166,45,133,208,15,78,122,208,249,140,139,231,44,133,206,48,182,222,217,114,123,163,7,154,229,1,134,84,170,38,161,
236,8,77,74,223,45,144,184,50,148,122,243,28,210,215,22,120,164,191,94,150,159,61,156,95,3,104,232,188,58,156,143,
8,49,172,212,19,176,150,15,80,238,243,26,183,157,202,125,251,209,100,203,203,22,61,239,1,64,197,171,36,136,224,43,
106,145,178,232,67,28,3,37,198,220,15,115,17,57,85,159,227,254,94,211,53,72,177,188,53,109,238,16,123,177,192,17,
160,239,30,87,228,193,29,127,232,23,77,3,0,83,192,237,103,153,10,20,103,199,244,97,169,1,176,98,207,77,35,161,
3,222,52,176,19,118,122,244,32,59,159,26,90,153,30,231,49,212,79,73,160,234,11,132,232,99,139,143,9,233,136,241,
30,148,202,63,68,82,170,100,118,181,58,32,153,253,85,160,223,6,39,84,252,130,69,227,66,5,175,24,138,167,169,66,
75,115,239,82,146,244,86,95,181,222,113,121,175,46,55,112,19,155,160,223,100,109,160,236,162,143,197,33,100,142,249,117,
193,212,61,72,193,249,123,163,7,61,76,164,44,123,170,229,112,77,169,13,116,163,217,124,146,222,254,184,224,241,107,92,
202,81,204,244,51,90,123,168,41,164,175,45,156,130,216,95,218,223,6,163,113,190,28,209,205,15,115,163,205,57,172,0,
19,124,128,0,56,185,219,70,124,140,222,107,186,233,37,175,140,232,78,237,233,46,141,133,226,61,12,40,100,207,116,48,
135,0,51,114,144,208,38,116,239,58,62,219,169,4,128,30,11,74,231,240,35,106,217,64,105,179,188,77,177,9,84,88,
245,219,49,149,51,32,154,188,185,78,178,255,39,126,200,12,39,163,65,46,109,207,240,70,205,8,36,162,17,247,77,212,
79,84,123,24,230,51,145,12,59,122,189,33,128,218,251,126,198,30,205,126,235,92,73,105,38,56,132,142,101,156,212,43,
69,144,250,116,78,204,46,9,154,195,86,161,165,66,40,126,202,128,109,196,14,82,116,217,67,108,140,80,92,166,8,142,
106,232,74,37,123,247,149,154,252,35,44,154,254,156,161,183,54,34,183,27,104,144,231,108,82,203,244,111,175,238,115,89,
134,57,183,141,212,114,124,207,70,179,148,20,131,130,148,60,184,221,47,131,83,226,68,206,229,48,145,159,246,71,207,253,
59,83,61,245,92,203,241,59,81,153,239,61,219,3,31,129,173,3,103,226,10,253,124,104,253,97,198,17,80,143,152,17,
117,240,24,87,109,197,30,48,241,40,96,183,209,28,134,0,226,88,199,208,3,103,5,45,108,147,180,10,78,192,58,108,
221,231,58,154,199,61,125,228,158,68,155,20,71,134,164,248,64,179,32,71,143,249,184,2,173,38,93,142,239,1,95,117,
39,92,155,218,227,92,192,59,40,127,225,202,32,123,59,108,161,169,20,109,197,62,113,100,5,27,78,178,80,61,183,222,
231,85,161,11,80,114,28,44,130,226,88,143,199,30,56,131,237,103,65,207,52,235,147,234,112,148,200,44,55,139,248,118,
162,227,66,62,79,2,128,86,221,70,79,161,0,138,171,223,232,80,163,193,138,179,247,5,22,163,7,84,124,211,88,62,
183,224,91,155,218,95,69,114,23,159,189,184,89,111,162,6,164,145,11,50,59,169,245,95,200,20,108,49,203,48,168,227,
20,47,121,220,54,109,217,25,120,148,220,7,187,225,47,144,154,221,67,198,163,35,146,145,163,75,199,236,62,146,98,253,
83,221,4,68,147,158,252,30,144,12,63,158,176,184,110,220,19,83,178,183,191,104,236,10,239,166,175,215,118,241,222,88,
186,160,222,90,189,253,27,187,211,34,123,7,36,105,202,141,26,139,6,11,74,207,216,46,87,234,18,49,116,220,47,77,
28,73,127,219,238,59,97,19,72,135,198,207,72,172,39,20,107,205,182,3,197,255,10,136,247,221,51,186,53,58,97,254,
204,25,119,44,40,109,206,254,40,148,7,91,110,215,220,91,147,20,56,161,215,231,63,198,21,67,132,10,231,68,165,72,
68,138,232,224,61,152,98,141,122,42,52,143,159,89,129,170,47,56,107,207,109,149,212,54,63,81,236,116,156,184,26,70,
156,0,64,128,191,1,1,171,3,123,172,157,81,77,178,23,143,179,164,75,93,169,179,144,187,238,78,98,108,15,92,132,
195,96,70,191,35,158,163,226,44,77,198,234,89,192,255,51,60,146,49,113,177,240,82,91,177,56,120,160,206,77,57,223,
54,175,226,33,63,127,213,11,134,198,40,103,147,174,18,165,205,47,110,90,164,71,207,247,19,117,161,247,91,155,219,26,
92,70,251,92,145,7,71,174,99,248,46,169,209,75,138,182,12,112,200,240,23,145,189,199,122,248,206,97,200,200,19,58,
236,20,37,135,144,33,74,221,5,68,166,175,40,81,204,236,34,226,170,227,134,14,19,82,215,224,19,95,21,2,61,153,
220,6,113,238,57,76,180,183,57,113,242,21,127,181,197,21,164,243,33,94,174,190,11,190,60,18,159,2,16,18,202,50,
91,164,255,209,95,198,70,100,103,0,9,49,149,16,115,119,241,250,80,180,47,122,126,224,228,46,209,89,94,157,34,43,
94,170,96,77,131,223,34,76,181,44,127,146,244,5,127,183,51,92,197,251,5,95,176,50,90,144,70,67,150,3,48,170,
220,77,87,170,10,55,164,236,68,243,171,18,129,167,241,7,79,178,243,145,150,189,31,40,126,250,93,192,220,38,71,157,
216,112,123,8,101,113,101,47,157,195,13,111,52,200,59,175,204,28,115,130,215,245,113,122,14,125,99,220,29,128,168,231,
73,106,168,71,159,175,6,104,72,187,2,188,241,13,111,155,182,85,149,189,20,94,94,235,92,215,220,27,160,169,255,40,
187,227,5,91,170,15,108,220,21,73,177,185,201,51,174,214,16,83,190,23,111,232,27,14,175,197,27,92,191,34,97,136,
145,231,75,198,41,69,143,135,250,65,0,41,101,218,213,242,143,8,63,125,224,214,46,154,210,7,142,169,170,225,164,28,
254,145,248,248,67,106,28,81,144,207,192,81,181,245,29,92,190,199,88,153,252,28,82,209,218,19,182,62,67,130,7,16,
67,143,69,50,104,196,7,49,156,25,100,119,223,226,100,156,29,64,170,224,240,64,207,30,76,137,217,233,54,238,93,130,
202,200,45,140,243,28,131,172,246,255,109,244,52,92,155,56,30,92,216,118,158,162,255,252,145,223,125,106,193,35,44,106,
206,132,113,159,74,88,96,20,128,176,248,91,25,166,23,146,151,190,91,100,127,227,94,134,197,98,72,134,226,84,192,10,
7,111,194,224,154,172,14,53,86,172,16,115,155,21,60,52,167,11,105,208,28,91,100,221,65,153,169,35,74,74,154,56,
135,180,239,124,89,175,27,186,182,246,89,140,182,27,154,175,245,78,171,245,86,218,158,67,152,159,0,100,155,255,63,158,
186,2,45,237,7,85,182,192,3,105,236,213,8,122,203,218,57,168,15,56,130,139,249,128,192,232,39,196,170,232,100,2,
42,46,139,136,44,139,9,238,14,203,221,41,51,9,58,111,119,219,58,148,186,65,125,153,225,68,133,35,40,79,177,186,
16,140,239,82,110,184,217,47,106,57,85,145,252,183,95,182,64,105,165,3,190,83,196,28,103,131,205,214,44,144,35,51,
173,236,221,75,175,9,55,118,216,220,41,210,86,116,89,22,40,116,157,249,124,196,28,234,33,224,100,130,134,201,45,140,
230,7,142,202,230,247,77,177,44,97,159,253,15,86,197,63,99,171,253,2,101,192,79,119,169,4,4,169,16,57,105,168,
10,32,117,213,89,114,188,29,34,129,213,76,129,183,45,54,128,220,87,118,9,95,101,196,218,161,204,255,95,115,125,32,
133,173,15,54,63,149,52,140,156,22,120,70,215,0,182,163,221,114,77,163,66,130,170,1,99,84,229,38,161,189,248,83,
92,172,28,148,192,230,135,122,208,87,151,191,254,155,129,191,94,217,198,64,103,171,198,37,211,205,12,169,119,205,73,196,
212,78,141,150,224,102,179,219,85,124,133,243,87,186,29,57,155,135,217,116,217,1,99,138,147,233,136,224,240,106,204,154,
43,84,10,247,48,198,161,247,150,214,254,85,183,168,57,127,250,2,61,172,187,13,113,216,69,139,244,239,0,176,46,74,
135,244,177,70,148,247,55,153,192,4,55,155,57,97,101,2,11,38,197,5,40,154,9,239,69,169,36,76,174,16,222,111,
211,19,59,146,220,241,67,159,31,61,134,229,235,49,212,57,73,160,37,243,132,197,64,139,202,241,53,139,180,106,87,145,
38,60,111,211,78,118,181,58,67,94,253,120,101,164,30,15,113,247,127,132,195,37,46,132,11,134,115,237,79,29,115,239,
82,117,176,73,60,122,246,148,129,251,58,67,188,32,96,195,2,41,109,136,230,149,202,230,72,81,167,11,169,209,213,114,
123,150,250,141,157,212,50,76,159,2,124,147,23,130,129,125,61,199,232,28,143,141,233,76,121,224,241,142,116,178,22,169,
244,16,90,123,209,53,176,192,58,121,97,184,253,218,5,56,152,172,182,89,212,230,72,170,144,230,109,232,16,79,177,110,
225,40,226,10,51,184,193,244,88,246,30,93,191,200,210,133,3,217,94,207,209,28,145,1,47,109,137,201,31,85,232,248,
79,212,221,16,116,18,58,62,184,228,63,163,219,250,139,224,248,79,176,39,1,142,241,255,1,181,35,73,147,245,186,91,
177,59,85,147,254,15,27,115,53,91,169,253,5,100,208,253,92,155,207,240,46,170,72,112,140,238,26,112,153,44,119,182,
24,222,52,143,79,128,181,189,40,129,217,82,133,120,25,12,133,198,65,81,203,45,19,140,181,31,100,134,39,26,147,212,
79,95,217,59,33,154,195,45,164,230,246,7,153,254,118,177,226,253,71,170,4,59,167,231,70,98,170,213,137,175,253,96,
100,192,15,149,198,245,101,36,91,33,159,187,248,101,34,183,5,128,168,10,49,58,144,12,170,151,197,68,48,197,19,142,
182,24,63,72,158,26,184,165,211,132,144,148,0,183,224,28,145,140,155,64,200,230,225,135,145,228,91,200,183,47,143,167,
254,93,222,241,59,166,159,185,254,219,6,57,153,173,183,90,167,231,73,136,145,207,110,174,238,4,131,111,4,58,205,24,
52,150,135,24,65,212,211,97,198,125,219,123,247,28,110,194,132,27,140,253,225,100,199,205,54,140,206,59,108,221,231,56,
162,8,59,131,213,167,222,164,34,62,123,232,165,58,112,235,78,106,180,248,78,178,10,9,101,170,242,26,126,52,57,96,
253,6,92,157,239,102,168,184,7,108,201,57,114,166,14,22,38,193,60,78,141,239,224,78,154,45,120,124,246,255,120,220,
20,51,196,25,49,136,233,96,58,191,48,50,125,242,98,144,206,234,249,79,179,41,72,217,46,70,157,254,117,79,205,47,
34,120,220,63,127,166,32,76,103,227,94,169,232,6,21,107,207,69,100,232,83,82,100,13,145,175,148,85,91,107,29,153,
198,177,27,91,155,34,122,162,201,102,111,162,41,105,128,0,111,110,128,35,136,176,239,116,66,152,252,143,218,222,47,121,
220,54,109,212,229,95,139,190,34,133,232,236,102,79,156,84,195,232,48,68,159,232,91,215,252,55,75,153,248,82,115,240,
47,99,167,253,38,220,4,32,106,139,201,69,159,5,83,174,172,19,108,237,20,13,166,175,215,83,182,246,88,186,160,246,
125,248,229,60,193,202,32,65,157,36,96,124,217,52,143,255,49,103,139,203,33,87,234,250,81,214,223,18,118,20,60,64,
191,235,65,165,221,252,153,186,166,59,172,4,44,142,240,214,20,179,243,18,75,231,196,32,131,37,33,104,194,247,33,140,
3,84,103,207,212,84,140,14,56,154,208,223,55,191,14,61,121,3,224,61,157,7,54,108,29,41,45,223,91,136,115,20,
29,93,228,95,100,163,40,49,135,235,102,74,192,34,253,107,183,74,149,212,19,28,149,249,57,121,219,61,70,89,180,131,
159,219,70,1,169,0,138,179,239,77,8,163,16,129,79,240,85,82,166,21,68,171,188,30,39,184,249,151,191,254,61,70,
132,0,158,134,185,90,99,139,7,106,170,209,110,119,170,49,113,153,240,82,50,165,236,183,210,15,124,133,151,50,151,226,
254,96,81,226,70,158,233,237,74,71,220,64,141,205,244,110,154,240,49,172,247,54,93,126,247,91,214,187,219,156,162,178,
100,224,13,248,153,116,202,46,228,233,75,173,182,233,77,176,240,82,104,192,25,43,250,39,93,180,128,13,113,190,254,37,
159,144,33,133,221,40,44,142,175,5,73,187,65,63,132,204,47,112,235,54,117,180,165,54,95,209,243,113,167,183,15,150,
229,19,76,218,183,19,114,24,20,90,182,234,20,126,247,13,83,172,4,93,111,237,81,144,196,229,35,159,2,101,164,227,
15,42,142,33,73,95,31,231,32,140,17,50,119,223,218,39,223,78,115,187,207,42,115,230,98,135,194,214,36,131,221,254,
136,202,32,39,136,160,90,143,147,13,254,84,184,75,150,213,20,0,74,237,104,98,220,27,36,157,222,89,129,192,10,78,
129,8,131,136,158,29,9,175,6,127,178,241,15,79,143,243,110,185,189,31,40,150,29,93,128,179,84,93,133,1,100,164,
6,104,78,164,43,166,147,234,111,120,206,242,97,153,32,60,60,115,54,174,144,29,128,142,144,51,187,168,255,73,82,168,
36,194,234,6,63,151,240,2,209,254,52,139,158,235,17,195,235,252,153,127,213,92,180,220,27,125,110,255,64,222,6,34,
100,100,24,59,153,0,76,139,148,13,113,201,217,83,122,122,202,104,183,229,35,172,137,231,67,234,230,44,138,188,230,80,
199,25,44,149,160,25,81,210,252,95,149,165,248,132,211,2,61,142,158,235,163,18,60,132,152,243,60,175,43,80,139,159,
237,76,166,199,81,147,233,240,81,105,35,53,151,249,199,88,188,55,36,123,0,230,60,136,62,67,89,216,196,89,143,10,
109,137,211,23,109,209,41,48,166,8,227,116,181,48,123,151,249,2,88,164,90,95,193,35,9,63,132,101,128,189,42,51,
69,224,45,109,207,14,23,85,244,52,116,150,236,52,138,192,83,99,186,63,72,123,223,125,165,169,35,79,165,9,68,96,
175,89,28,108,196,133,188,244,75,101,176,26,148,118,236,91,65,151,251,94,158,0,98,107,134,234,101,141,204,41,38,187,
31,132,172,211,77,86,172,16,174,179,21,60,128,214,247,83,218,22,50,122,208,30,153,169,0,98,107,193,72,160,235,239,
140,149,159,68,204,234,229,155,169,246,79,212,243,244,141,150,214,58,157,221,28,126,135,0,65,223,204,70,168,110,187,60,
183,194,64,175,149,235,114,237,242,25,182,132,209,47,228,224,38,138,182,224,74,191,19,38,142,146,19,75,205,239,89,143,
158,242,68,198,229,120,206,212,51,51,20,47,108,217,226,244,163,21,76,132,222,246,57,176,24,65,138,229,181,255,162,29,
47,110,184,217,47,147,14,89,117,250,200,89,189,248,20,174,18,199,254,189,65,95,68,14,10,111,212,76,112,97,2,245,
110,210,18,117,180,22,228,82,217,49,89,128,29,3,56,211,91,96,159,1,242,96,231,98,138,142,240,249,79,179,41,69,
195,37,24,110,186,77,117,180,22,66,117,252,60,159,222,253,231,152,5,118,99,131,64,82,158,199,35,166,238,70,245,170,
11,64,112,175,17,26,123,225,90,136,184,35,46,130,236,87,123,199,32,61,147,234,94,125,11,112,39,133,233,100,151,216,
56,71,142,251,120,158,227,53,58,157,248,135,175,226,60,69,146,74,185,222,38,58,135,232,253,196,239,34,130,150,160,67,
190,243,15,113,122,243,87,175,250,22,108,179,191,36,157,193,5,106,117,193,42,164,209,7,111,122,25,32,231,18,69,165,
185,195,102,203,22,26,183,192,243,63,186,29,57,143,139,209,123,255,42,23,184,206,1,77,224,240,47,169,154,8,108,10,
50,66,152,156,233,137,4,57,85,183,192,57,162,250,69,97,154,231,72,93,23,41,139,178,246,76,141,240,24,146,209,206,
70,148,50,31,153,251,225,31,131,57,62,95,245,254,97,162,29,69,167,9,239,104,169,54,98,174,237,222,76,152,19,83,
122,244,253,118,218,70,49,181,32,31,49,218,94,124,119,30,46,139,225,23,131,205,224,53,142,230,95,146,133,38,47,111,
211,54,118,181,255,67,118,194,61,160,165,9,27,175,21,51,161,233,78,5,154,11,134,115,202,44,53,174,18,106,122,185,
51,48,122,217,90,112,243,96,26,175,19,120,160,199,65,74,136,39,127,143,206,107,58,146,29,156,209,16,55,88,174,18,
176,216,244,62,71,181,45,136,230,38,134,134,225,62,128,221,33,124,150,162,6,184,237,44,83,116,202,46,204,244,16,90,
99,209,22,152,198,247,85,106,198,37,153,202,5,96,96,251,104,217,189,65,172,171,189,102,234,8,237,174,180,196,48,171,
211,18,127,135,220,67,180,229,35,132,144,219,59,195,226,53,151,147,226,61,7,50,31,137,146,232,87,209,248,58,146,164,
249,92,218,247,50,161,161,16,116,227,3,66,155,248,66,163,39,1,140,241,238,66,177,224,71,134,210,195,25,184,248,56,
119,252,202,56,132,255,34,148,200,209,98,163,30,46,109,231,19,105,146,37,112,140,226,225,54,157,15,66,124,227,213,106,
206,51,67,130,31,237,91,191,93,74,161,235,244,69,220,41,81,203,10,19,81,181,72,147,210,249,26,147,212,67,141,158,
0,68,119,219,62,102,189,66,75,102,226,128,133,167,5,69,155,233,76,116,238,21,54,140,19,83,147,186,28,31,169,223,
90,189,217,59,44,130,254,156,196,200,66,110,161,229,92,144,207,48,63,127,40,170,217,10,39,116,213,234,177,220,15,111,
131,141,48,171,189,252,70,138,189,9,132,196,3,101,86,196,16,198,191,233,75,101,184,22,148,191,242,91,103,192,37,154,
185,244,102,106,200,29,143,3,69,155,162,3,27,213,207,38,171,121,207,51,198,214,45,119,128,238,58,240,245,87,138,209,
41,48,241,34,100,116,188,252,72,195,235,66,199,173,3,138,202,242,49,171,180,10,110,221,249,51,159,146,44,155,199,46,
63,185,234,5,105,228,36,75,197,182,12,136,235,78,106,239,231,65,143,242,26,89,211,255,50,150,52,33,96,194,227,57,
157,24,84,115,192,0,64,140,7,47,134,11,241,71,206,14,54,117,239,248,78,178,14,107,148,222,231,61,185,87,92,155,
32,238,68,168,59,99,162,4,237,63,179,41,89,128,39,57,133,165,101,150,203,233,55,150,240,17,148,220,52,227,163,244,
129,161,163,74,80,151,17,131,101,226,83,85,160,21,133,179,241,13,23,78,24,134,172,246,88,29,140,18,125,190,250,86,
97,197,228,119,203,253,95,125,190,17,153,194,11,102,125,137,206,179,200,25,115,63,222,44,175,226,213,56,34,222,53,174,
225,32,62,96,216,44,192,229,30,130,153,170,55,196,243,39,121,116,204,16,108,254,42,158,159,184,101,202,250,68,90,100,
155,101,211,249,67,165,106,217,95,202,11,71,163,174,18,49,209,9,87,188,178,254,59,185,214,246,194,184,32,124,186,43,
84,190,210,220,65,157,43,93,189,209,39,71,219,37,84,207,213,37,139,20,247,91,203,225,50,161,17,74,116,201,243,54,
173,25,5,37,226,244,64,105,197,79,145,231,238,79,103,40,95,151,238,8,83,189,55,17,143,254,204,93,193,60,41,128,
202,235,32,133,247,113,163,20,30,113,209,254,82,149,213,243,110,203,87,110,175,34,28,127,145,81,130,183,191,42,131,219,
84,135,122,34,58,137,226,110,139,208,49,236,129,242,109,149,177,251,4,114,214,81,156,219,249,3,58,0,126,154,215,68,
1,150,250,130,111,198,75,25,111,235,102,118,181,47,56,177,21,144,184,171,42,22,152,0,89,150,250,85,111,180,26,166,
191,11,5,118,191,50,174,211,14,34,106,192,49,113,177,19,58,67,177,21,120,160,247,89,133,219,63,186,150,22,133,132,
150,61,189,183,2,135,149,225,39,197,246,54,153,113,236,81,207,239,25,146,120,247,80,221,5,249,146,168,219,63,221,5,
33,107,175,202,37,154,252,15,116,127,252,52,183,215,66,120,136,217,103,182,228,29,171,136,229,69,233,229,43,138,187,229,
79,204,24,43,147,153,222,73,196,205,103,210,209,205,147,17,45,106,215,148,48,163,23,52,137,224,239,68,90,20,38,77,
199,243,14,114,5,80,108,206,250,21,112,236,245,150,251,248,76,187,234,81,144,255,205,59,194,2,42,129,227,212,42,166,
33,108,171,13,22,32,161,255,83,150,214,244,111,204,88,111,176,35,29,128,124,95,122,200,43,49,131,153,83,123,199,238,
15,136,177,44,108,171,245,254,108,208,110,150,213,55,244,139,252,109,81,152,53,67,107,219,121,166,219,31,75,170,15,139,
130,230,73,85,163,203,125,178,206,48,92,178,243,86,185,189,22,25,169,225,95,137,239,37,54,132,20,99,146,204,88,53,
145,239,150,146,216,54,104,146,253,117,197,216,64,75,197,253,126,163,11,65,78,165,48,127,174,234,116,81,174,15,178,174,
244,88,132,174,22,144,225,244,92,95,225,25,155,195,39,93,109,197,18,148,188,242,163,175,179,90,218,200,41,173,173,7,
95,235,26,48,163,189,21,37,239,26,7,172,186,226,82,240,29,82,150,194,33,134,2,249,93,192,204,26,113,253,38,95,
198,176,48,98,196,35,111,174,183,48,148,236,252,118,157,157,237,139,218,9,79,212,177,13,107,18,14,84,183,228,14,120,
241,65,84,186,194,65,121,250,28,135,189,205,35,172,251,42,107,182,198,28,128,220,95,167,255,174,102,205,60,98,172,194,
10,96,209,76,81,144,21,30,57,181,48,88,151,249,234,88,147,43,54,180,35,241,130,230,97,78,165,239,16,39,237,107,
135,196,49,238,131,185,76,116,179,56,30,92,192,59,158,145,16,252,145,2,125,165,193,11,20,130,230,97,172,235,235,86,
175,7,128,179,166,71,34,120,220,87,186,190,32,100,151,251,118,134,197,98,31,146,217,147,165,204,70,114,141,241,132,207,
235,77,121,148,209,174,217,12,108,128,138,52,190,223,19,134,132,224,67,112,215,22,74,83,193,37,136,176,239,81,114,167,
12,104,242,52,138,145,242,10,196,249,56,119,163,249,93,216,221,63,126,170,0,24,176,187,57,133,118,228,107,171,211,42,
175,149,235,114,178,209,17,84,197,14,129,253,34,93,113,185,28,128,216,35,98,196,205,0,135,223,42,105,127,201,44,134,
189,45,118,214,157,8,111,22,45,120,210,128,49,158,20,226,131,232,229,57,168,215,62,125,177,210,40,140,42,82,110,243,
252,82,182,246,89,117,191,183,42,113,46,93,167,200,208,34,186,75,106,172,166,17,106,194,59,110,97,24,26,114,199,68,
116,104,231,211,125,206,74,124,180,223,47,126,228,80,122,193,194,45,134,222,87,138,125,37,61,140,229,113,142,211,52,239,
132,232,112,117,180,57,66,93,217,119,159,187,64,73,91,246,67,107,170,71,80,166,207,133,138,201,19,52,138,206,42,186,
236,93,103,186,26,71,114,237,33,42,128,31,154,194,198,99,73,159,235,126,166,217,59,55,213,243,112,132,4,115,114,132,
54,125,222,31,110,61,147,2,117,168,218,63,76,234,15,122,182,245,121,143,194,38,196,236,8,82,150,177,12,129,227,246,
88,105,169,20,134,239,59,147,88,252,44,224,10,54,94,111,13,62,160,204,83,130,111,217,61,218,15,43,141,185,15,80,
179,22,26,115,118,6,62,185,233,18,123,123,18,131,244,216,101,147,213,45,126,191,239,118,145,156,235,83,22,247,56,144,
173,3,137,17,22,85,218,227,22,103,29,10,64,156,223,9,109,240,2,72,161,235,78,168,223,85,96,251,6,73,115,246,
102,94,199,196,22,122,255,31,101,200,200,32,137,253,37,120,218,5,104,169,36,111,174,237,222,111,152,10,44,165,219,228,
66,144,18,49,177,32,31,49,227,42,127,202,46,36,64,219,99,104,167,44,53,104,180,106,87,141,233,44,86,186,61,79,
149,250,54,153,218,85,160,223,30,15,160,201,59,93,156,5,14,117,12,123,182,228,75,20,161,18,106,146,244,86,60,122,
25,89,120,177,77,42,133,235,139,135,198,40,93,135,243,105,186,205,47,62,186,244,114,154,198,47,56,227,6,178,213,23,
23,123,218,52,85,223,33,119,126,223,247,177,195,37,100,144,230,39,197,237,9,107,92,202,46,151,191,243,73,145,231,29,
211,216,255,97,106,192,95,218,2,30,163,96,211,26,240,26,8,94,181,6,109,134,16,82,168,175,16,40,233,32,88,175,
201,20,126,248,210,80,178,200,30,95,218,37,65,198,148,37,69,193,202,101,208,220,224,131,232,51,55,153,162,16,116,215,
58,57,143,215,50,128,30,70,74,172,205,35,111,37,42,81,162,244,79,101,41,88,136,242,4,91,116,46,80,155,245,211,
54,184,66,57,157,0,12,90,204,58,107,100,199,208,29,197,75,14,175,20,17,101,212,3,106,123,221,230,119,184,86,126,
189,252,5,67,191,93,69,120,25,12,74,174,65,140,144,10,19,140,205,107,88,175,232,14,71,251,105,143,217,59,0,161,
192,84,154,232,26,68,168,252,121,170,223,62,84,176,19,71,99,225,67,54,175,19,83,123,210,52,37,182,247,90,122,154,
91,97,113,20,97,137,200,101,75,196,40,163,168,231,49,82,203,227,159,212,9,39,111,175,251,118,182,24,63,96,182,61,
149,224,228,94,62,232,64,184,233,196,130,148,237,255,185,203,45,84,93,179,47,170,186,52,86,83,232,76,153,252,24,122,
131,217,61,160,200,7,164,138,3,44,167,190,70,173,104,7,114,222,14,86,185,119,4,82,181,221,52,185,135,245,89,247,
252,94,133,166,220,55,246,41,3,196,202,218,141,211,10,115,163,147,32,145,233,17,115,213,187,249,152,216,247,48,204,174,
8,109,15,11,80,176,225,11,118,236,62,81,186,192,62,118,248,34,132,186,201,29,169,248,35,97,237,202,40,133,43,39,
108,204,253,39,146,9,90,109,214,225,32,139,6,37,165,20,19,37,200,67,120,148,246,34,120,161,52,127,190,253,41,127,
159,97,72,167,28,49,127,167,25,149,200,39,57,43,228,73,148,176,53,62,113,248,115,120,183,1,34,120,202,69,145,212,
54,17,162,227,94,134,197,39,24,110,210,136,141,239,22,31,161,200,96,107,254,94,106,176,185,137,177,194,95,69,131,231,
98,138,4,102,111,162,41,88,157,191,96,105,145,48,136,152,215,57,66,211,55,178,183,25,47,135,224,242,172,212,229,130,
104,190,34,157,197,236,78,87,232,41,199,180,243,46,146,241,75,108,239,55,143,62,239,92,205,155,53,160,159,155,97,223,
251,56,165,98,247,91,192,11,15,113,146,232,52,234,239,81,132,120,12,127,243,16,96,183,198,27,57,181,212,95,196,193,
21,132,179,26,89,141,209,39,80,203,243,109,172,181,11,111,222,0,60,138,217,56,159,200,47,123,167,176,30,130,253,37,
135,198,242,72,125,236,15,91,164,241,82,103,33,73,90,247,0,27,127,250,93,121,219,228,58,146,248,87,150,202,14,100,
141,8,48,170,233,242,72,172,8,62,112,219,228,47,143,25,61,124,224,215,114,223,80,52,197,26,50,137,234,97,59,185,
27,246,135,235,43,83,146,47,21,107,207,74,73,205,56,55,82,181,49,58,216,55,250,88,188,55,95,174,13,18,106,197,
78,115,174,18,17,99,212,70,130,193,22,24,101,24,150,108,179,21,30,132,229,92,134,188,44,50,132,234,91,127,203,36,
65,151,239,98,138,192,118,115,198,51,96,204,22,41,126,215,47,168,219,206,111,98,160,28,186,191,254,131,105,191,70,146,
241,43,145,155,239,74,202,235,235,91,92,189,29,152,194,3,97,94,171,91,217,245,50,159,92,241,85,162,226,33,166,140,
226,70,169,12,40,114,123,12,112,200,228,8,106,113,13,122,248,206,76,152,137,247,126,249,33,37,194,203,33,74,209,237,
39,128,197,5,81,228,47,75,173,217,12,112,14,234,109,218,148,41,141,218,26,94,227,201,31,131,230,73,101,175,184,73,
173,5,33,130,228,191,45,145,47,52,115,213,198,87,152,251,35,157,255,229,32,132,48,66,105,227,15,66,166,68,73,136,
13,228,115,217,65,47,165,241,226,80,215,82,122,126,27,36,122,163,25,116,157,231,8,129,229,96,77,199,41,50,77,169,
27,136,208,40,237,136,245,102,74,206,55,71,143,174,117,160,211,51,71,81,244,124,129,168,34,19,105,8,72,136,199,12,
72,158,212,138,178,182,83,57,143,243,145,126,189,55,52,132,233,97,128,204,41,53,116,23,159,164,203,69,54,140,43,107,
171,234,47,107,193,247,173,213,217,118,92,178,22,180,161,224,90,87,207,51,128,227,34,73,141,192,36,159,234,238,80,113,
170,10,188,241,13,87,120,182,26,208,189,20,118,97,235,79,156,255,62,101,169,220,64,187,6,10,108,141,195,35,170,213,
18,123,107,6,115,228,178,76,183,182,178,107,230,27,90,153,162,27,92,250,231,97,127,137,192,134,4,32,93,202,135,35,
150,10,39,119,206,221,50,72,2,42,83,181,225,55,155,22,8,95,228,202,67,167,231,6,124,222,185,39,115,6,81,144,
207,216,81,181,245,53,151,249,2,21,90,52,89,82,8,22,99,188,250,89,152,204,237,43,167,69,109,137,235,23,109,150,
41,116,179,21,219,40,234,36,47,173,28,2,88,223,90,95,134,35,241,62,156,81,77,147,246,35,77,184,53,128,147,252,
5,128,184,57,99,198,252,12,94,235,58,104,167,245,5,82,10,121,158,230,250,85,158,17,141,178,237,1,79,174,8,41,
179,245,75,82,179,203,133,127,190,32,100,186,30,94,193,221,63,48,158,2,84,153,187,115,64,201,33,175,198,10,44,108,
207,16,139,214,21,84,69,214,255,113,147,12,66,80,168,49,128,173,232,117,82,168,12,179,175,238,88,133,175,19,145,226,
245,87,96,226,26,155,192,40,94,103,195,77,156,196,7,145,112,201,45,149,196,3,70,183,0,115,239,20,79,99,171,211,
55,178,21,84,182,132,21,86,209,225,56,154,122,17,130,243,215,106,199,207,44,136,248,35,111,135,199,239,83,206,49,112,
210,160,49,114,237,253,84,182,159,214,149,30,60,33,221,241,248,168,38,66,127,236,169,62,162,42,47,86,208,252,47,123,
246,30,152,215,205,29,142,253,41,99,181,10,99,187,52,103,90,251,4,68,168,35,110,138,15,24,75,175,18,82,121,243,
252,70,165,32,68,131,209,35,118,148,23,63,181,23,45,96,172,63,138,166,240,249,79,238,70,91,148,240,46,132,245,77,
93,180,57,31,93,193,60,159,187,10,13,94,246,113,131,194,36,80,131,10,133,138,201,19,52,114,238,105,114,230,72,59,
145,245,147,152,250,92,66,152,228,119,135,222,64,41,148,247,101,134,188,114,111,194,47,92,200,18,37,122,211,43,164,215,
202,107,116,215,0,182,222,226,68,101,187,7,189,182,224,66,88,178,21,138,179,233,84,92,177,29,147,176,235,93,105,187,
20,134,250,60,146,153,250,18,204,198,29,162,171,1,66,165,205,36,110,143,229,49,184,30,95,100,179,18,121,162,9,85,
148,192,243,87,186,226,57,155,199,29,94,205,233,35,140,130,28,139,183,30,47,169,213,43,143,231,247,54,176,161,15,115,
214,40,107,218,192,57,127,250,10,73,195,204,69,169,1,61,92,169,233,76,141,43,48,111,185,194,48,148,50,90,118,185,
247,90,155,57,62,125,199,208,62,162,64,104,132,198,203,49,152,15,35,167,18,17,35,204,80,110,105,16,32,125,211,9,
136,184,27,39,118,149,100,138,204,30,226,124,235,23,132,204,36,233,132,241,98,70,202,53,52,48,238,116,77,216,61,58,
142,253,44,147,210,65,15,125,4,68,167,230,13,46,132,232,99,115,178,44,53,118,217,94,113,176,31,39,128,221,95,122,
193,38,48,132,233,88,124,203,41,58,128,219,162,205,0,96,116,126,33,156,150,237,79,88,150,18,117,181,23,121,71,216,
25,183,188,239,143,154,147,61,193,236,217,122,131,171,39,138,237,9,142,151,178,22,169,209,4,90,94,189,12,203,254,238,
143,152,192,60,183,223,6,128,113,223,102,225,206,72,135,179,230,92,219,3,20,142,127,16,81,239,23,27,125,158,244,108,
199,218,80,178,141,251,71,253,2,100,198,148,234,102,225,234,94,192,155,9,85,11,16,114,212,162,248,116,239,247,50,164,
169,12,87,23,72,125,155,233,72,162,195,77,143,229,236,77,101,38,93,149,236,6,81,187,53,15,141,239,202,56,191,58,
63,161,3,12,98,139,65,70,133,207,216,105,137,59,53,175,17,223,77,212,20,60,123,221,33,84,155,10,113,189,252,40,
91,226,93,133,137,38,47,133,198,41,105,144,234,212,137,234,31,155,223,56,54,79,234,55,154,217,0,33,154,195,62,102,
165,66,40,94,185,146,121,155,60,82,133,233,135,175,203,21,89,116,207,68,166,185,34,45,166,222,95,129,236,34,49,130,
17,96,143,200,85,50,142,240,89,136,190,116,113,196,49,94,216,10,123,133,216,56,101,211,13,122,138,210,241,177,226,23,
31,138,227,59,180,231,218,123,86,172,40,198,203,242,84,117,179,18,129,232,39,91,159,186,54,153,252,0,122,107,193,96,
143,212,246,158,162,3,110,219,202,253,165,169,10,117,226,175,80,181,178,6,117,164,11,28,126,135,24,89,247,31,94,157,
166,228,96,254,218,54,123,212,29,127,5,45,40,200,224,47,136,20,49,118,215,154,241,54,13,62,128,144,221,29,164,228,
12,75,197,206,12,171,230,2,128,226,189,43,119,10,85,148,211,220,85,185,249,57,155,253,6,16,189,61,23,166,249,10,
105,206,254,93,110,11,20,47,171,73,54,117,215,224,113,178,13,44,175,28,192,117,214,11,114,177,229,6,68,192,94,134,
162,4,48,134,175,66,141,204,46,235,94,194,32,135,211,18,62,113,248,115,155,159,60,69,155,220,63,127,166,247,84,158,
255,131,93,219,15,24,134,13,101,117,180,46,31,100,229,67,191,252,97,90,85,20,150,197,246,92,98,114,42,170,201,253,
34,98,184,238,129,145,232,109,118,169,13,171,211,215,81,125,211,55,111,142,234,76,56,205,62,150,190,32,130,104,166,69,
133,164,221,121,86,179,24,183,179,249,93,137,179,30,153,230,249,97,108,230,30,160,196,44,98,113,199,23,153,184,56,167,
166,184,114,177,12,63,180,172,7,43,221,18,46,144,188,18,83,182,25,29,118,121,9,65,193,235,79,133,147,229,116,195,
235,42,184,149,235,87,246,242,49,147,200,242,92,212,37,56,154,169,37,95,221,5,49,159,168,245,173,28,65,137,157,229,
59,113,39,20,107,181,249,20,144,243,27,149,171,209,10,194,59,102,149,178,0,95,185,218,93,165,253,172,93,202,59,40,
72,18,14,115,216,80,116,101,6,225,55,155,81,86,184,26,35,86,186,29,93,191,213,31,130,220,19,122,139,237,14,135,
200,43,83,170,244,236,131,244,101,73,199,41,4,149,190,81,97,219,2,35,97,197,123,65,219,70,69,65,7,133,161,222,
75,8,164,23,139,168,248,79,94,179,201,131,171,188,30,98,125,28,92,156,195,96,70,132,35,99,198,202,35,99,198,7,
165,170,12,110,119,146,49,172,212,240,58,91,153,245,81,213,29,130,57,206,4,151,226,33,96,140,191,11,193,198,40,138,
88,186,17,212,182,239,77,86,186,18,151,180,245,92,94,171,83,217,156,61,162,159,243,98,145,248,33,166,116,202,46,193,
233,16,173,118,192,99,235,19,47,145,189,19,119,183,247,54,111,149,206,130,240,22,96,194,135,25,126,246,49,98,139,207,
42,134,10,239,34,195,158,12,147,14,19,117,180,165,54,119,21,61,70,163,160,53,166,254,38,136,234,208,14,173,237,12,
69,225,190,26,125,229,20,83,150,254,81,111,62,107,161,248,196,81,194,61,66,129,6,15,101,142,33,73,104,193,231,61,
132,62,115,143,241,29,115,180,23,122,126,215,218,106,162,35,74,176,230,247,69,213,36,83,142,25,246,82,178,87,83,153,
253,41,83,189,58,134,153,2,8,134,190,64,100,146,251,251,165,253,117,166,129,69,81,155,253,131,95,221,41,85,112,212,
79,143,206,24,92,114,202,132,172,189,31,64,150,29,117,133,196,38,30,145,216,163,190,251,104,113,131,35,159,196,22,106,
58,201,43,181,222,24,128,116,213,66,173,227,219,49,121,220,64,152,192,34,132,141,168,36,159,167,199,136,142,158,86,214,
245,41,78,142,228,26,149,213,20,153,127,189,33,156,188,242,113,122,179,86,222,227,34,167,176,227,47,229,210,8,100,167,
209,60,185,4,23,127,130,4,60,189,224,74,128,144,224,111,190,236,41,121,137,214,142,253,34,106,104,205,44,147,188,35,
76,209,159,245,89,236,20,59,216,161,235,142,9,8,95,169,202,67,167,255,39,137,235,185,39,174,41,81,68,239,253,5,
185,37,85,157,0,190,75,175,252,36,123,221,9,60,136,3,43,98,187,8,105,104,66,103,96,1,10,50,174,76,116,144,
21,30,116,216,24,123,151,249,234,64,223,22,117,180,232,9,71,195,97,137,165,7,51,137,178,69,144,207,49,250,68,231,
111,116,214,21,65,151,251,59,158,221,63,37,99,223,66,98,152,78,75,158,11,56,178,228,85,95,178,18,63,166,229,25,
58,120,244,146,186,214,56,100,186,227,118,193,0,98,31,186,39,152,102,4,99,38,208,57,171,200,202,99,108,148,16,115,
179,21,119,93,179,58,181,162,249,126,135,221,254,112,181,244,57,129,228,37,160,235,42,105,90,235,20,134,168,33,87,103,
191,70,149,195,252,138,103,195,34,200,196,10,102,154,196,46,167,189,3,92,185,3,100,232,172,77,178,175,3,114,161,8,
49,182,191,218,86,209,249,91,154,100,32,119,240,35,98,128,199,44,137,249,50,102,206,214,230,75,167,43,115,216,143,36,
114,16,253,60,158,191,21,97,28,4,55,216,225,33,168,232,16,138,177,186,75,175,7,82,86,167,249,84,106,53,78,149,
0,10,21,176,43,37,124,198,231,96,196,28,68,166,8,214,68,203,70,110,106,195,16,113,112,74,111,104,9,18,58,182,
84,124,152,29,38,124,224,32,131,159,1,242,72,231,30,125,188,8,52,79,179,105,86,149,50,59,110,245,53,88,139,44,
66,117,252,84,159,222,64,14,159,3,126,131,170,36,21,99,190,141,169,229,80,11,160,238,140,180,184,50,59,145,24,112,
111,203,16,88,174,252,154,135,198,99,49,135,38,161,166,8,47,66,125,51,161,216,24,119,124,132,45,177,207,180,113,131,
207,217,175,224,21,60,38,219,60,113,216,1,134,143,170,38,161,201,43,106,74,244,76,196,245,230,154,150,251,96,216,252,
237,142,129,250,94,158,222,29,127,171,222,25,217,10,63,71,171,10,100,133,7,81,100,185,18,106,227,22,9,170,179,243,
87,186,29,57,131,164,29,70,217,233,52,212,149,234,72,200,239,53,140,160,241,79,207,252,62,228,144,50,153,8,46,120,
142,214,44,103,226,34,132,230,239,69,169,1,41,104,237,187,17,117,252,23,70,238,0,89,107,37,55,94,216,225,31,131,
22,62,125,199,220,38,133,247,91,154,230,239,45,204,36,52,139,16,222,76,152,2,110,184,203,19,105,159,26,90,188,30,
39,125,225,57,97,160,37,243,73,173,52,126,189,241,250,104,239,106,146,209,51,25,111,211,113,94,157,255,2,140,240,85,
125,164,65,39,101,225,127,108,195,13,64,154,232,75,139,202,20,29,139,239,106,122,229,10,88,183,17,72,181,253,85,4,
181,34,147,97,251,102,101,97,32,164,194,167,107,119,193,35,169,133,3,55,123,209,53,176,181,23,121,71,216,1,136,155,
24,137,139,214,75,187,233,39,67,77,154,74,200,228,33,142,75,224,22,204,185,16,90,99,209,29,152,216,23,97,106,192,
36,159,211,11,111,96,252,105,231,189,59,157,120,9,50,197,237,20,142,151,16,116,239,244,27,184,193,232,64,182,232,17,
183,203,210,117,194,37,41,163,148,234,102,201,241,72,170,155,241,85,208,248,67,144,208,248,151,215,23,62,160,193,4,104,
251,35,74,172,181,11,111,227,18,82,173,191,22,110,229,27,89,193,197,8,177,53,83,78,2,254,99,200,64,100,85,246,
209,98,139,30,46,109,231,216,46,170,37,53,116,214,223,53,136,72,121,174,213,221,52,121,78,129,113,31,43,117,215,93,
57,183,25,47,133,174,100,105,144,45,251,140,240,48,112,210,249,14,162,8,38,148,220,65,248,141,219,62,161,165,7,75,
161,202,69,133,184,14,18,113,192,127,178,162,67,76,175,19,83,182,210,28,96,123,26,149,130,217,94,44,172,20,121,137,
3,42,51,196,40,104,144,231,93,70,210,55,176,207,19,110,62,201,50,166,223,212,54,118,182,2,184,165,228,129,138,165,
9,156,165,235,85,78,160,16,139,178,236,87,85,162,75,207,237,232,143,161,237,247,205,254,51,59,159,254,88,121,3,69,
155,162,3,27,220,19,75,162,188,7,113,235,197,67,178,152,238,82,240,245,52,126,194,24,56,234,252,94,192,166,31,96,
219,3,101,164,208,38,79,202,45,44,130,202,32,145,209,249,80,154,187,52,93,216,59,122,185,175,0,88,18,58,134,232,
206,36,171,38,19,141,239,189,78,143,234,243,148,249,246,74,185,232,79,142,194,227,57,133,59,64,103,201,13,23,152,246,
121,186,169,14,109,212,253,100,163,215,248,113,213,21,61,148,222,255,85,161,28,127,190,224,221,114,214,35,99,138,4,48,
134,199,66,141,204,243,20,141,241,108,72,208,55,242,152,237,112,161,225,248,56,120,255,122,127,225,32,41,127,6,94,169,
232,15,24,169,202,60,168,242,239,87,170,200,151,196,250,81,29,170,14,91,155,194,60,104,190,255,122,197,4,43,76,197,
41,164,137,191,62,71,128,35,171,176,239,116,125,176,252,178,159,213,49,116,158,9,133,209,228,77,88,209,9,139,179,23,
77,92,180,60,139,186,245,128,93,185,29,132,179,233,159,156,239,92,115,250,54,82,177,203,98,209,12,58,161,106,247,104,
192,232,74,172,146,208,111,175,206,7,163,128,219,65,225,221,33,127,179,221,65,188,16,35,133,150,16,72,195,235,86,140,
155,238,123,202,242,55,191,158,247,91,195,242,49,138,231,49,146,22,240,124,164,236,54,171,31,65,141,157,195,252,173,233,
80,131,246,248,72,185,226,89,155,171,243,73,127,18,93,156,195,204,58,134,25,65,104,202,14,100,102,60,107,177,5,18,
101,131,61,101,177,216,225,79,155,46,121,125,223,35,121,186,29,52,180,35,34,52,215,82,76,163,237,14,135,235,67,107,
205,47,253,107,242,109,149,136,7,16,73,236,103,156,160,2,35,97,221,123,104,167,68,77,128,204,54,178,229,68,86,94,
15,75,166,246,77,32,101,230,68,185,185,78,104,179,225,75,194,4,20,92,178,232,123,198,5,44,53,163,239,130,170,209,
51,119,205,207,165,212,26,110,123,206,236,166,206,26,124,98,184,63,186,167,33,131,81,226,35,117,222,42,130,71,220,64,
141,205,244,110,154,240,49,172,247,54,93,126,247,91,214,178,14,112,92,241,85,221,5,33,131,175,5,46,228,12,16,173,
147,192,120,231,12,84,104,190,213,108,248,21,31,111,149,206,127,187,22,102,189,145,213,136,6,220,90,188,151,5,140,7,
244,51,173,158,12,112,211,251,117,215,148,47,156,13,219,122,229,228,224,159,35,65,38,240,236,81,182,46,82,67,228,237,
21,145,12,28,150,213,198,28,187,212,87,159,247,166,94,197,52,90,164,186,2,88,201,33,73,136,210,243,108,173,75,56,
119,20,209,68,139,84,119,185,185,36,125,213,78,129,116,28,52,131,220,104,133,202,43,230,123,223,68,143,171,13,22,108,
208,75,115,213,255,5,82,237,58,98,161,62,71,157,198,124,129,192,10,43,129,197,33,158,175,17,26,171,15,138,119,241,
48,57,119,243,110,109,201,14,86,126,226,93,192,255,97,47,192,1,124,140,227,69,37,128,223,106,218,212,72,68,108,56,
166,221,29,124,129,137,58,169,228,23,63,128,220,67,190,233,222,119,82,168,12,194,234,41,80,148,199,43,142,206,13,85,
95,253,31,152,181,247,77,163,237,100,211,193,56,160,172,2,105,154,249,10,108,117,6,106,229,210,76,139,148,210,78,201,
215,15,126,125,221,53,176,212,30,200,154,219,51,237,231,38,136,204,34,134,198,41,69,167,152,6,106,193,244,123,166,120,
41,150,7,213,118,219,216,44,155,202,54,117,193,178,32,167,231,39,137,176,209,74,110,28,81,85,207,216,81,181,48,29,
151,214,223,41,130,3,39,94,199,206,37,119,49,89,130,204,237,102,143,34,109,113,235,23,45,196,76,57,144,242,30,116,
216,24,123,151,249,246,110,223,31,95,158,35,44,130,171,97,102,165,234,239,124,224,69,85,172,49,255,109,244,52,116,214,
247,52,151,192,83,123,221,63,72,99,2,90,130,161,255,27,107,212,80,74,227,80,10,172,19,130,168,242,8,80,166,244,
146,151,190,32,41,127,227,153,146,204,44,47,138,217,160,203,254,94,114,124,31,132,207,211,53,62,207,16,139,214,242,63,
71,167,255,128,170,228,50,132,215,245,120,160,22,120,107,228,37,136,176,239,81,90,235,13,189,229,14,147,121,183,27,150,
190,253,154,98,236,58,216,197,4,102,170,221,65,223,228,14,111,111,250,72,230,211,18,116,184,235,79,237,242,28,125,124,
231,74,184,217,15,197,194,21,130,175,35,101,187,194,35,59,245,29,105,168,212,239,107,9,49,112,175,184,246,90,213,9,
51,211,235,58,147,36,65,134,231,170,1,92,35,78,129,225,245,255,162,42,82,110,184,217,23,147,49,89,93,215,224,42,
134,5,20,153,4,16,20,183,4,68,166,8,214,68,144,70,51,173,236,233,51,146,18,58,104,14,34,41,204,84,124,152,
226,3,65,189,91,131,135,1,10,84,163,85,138,201,8,249,103,179,70,145,208,247,24,110,179,61,87,164,246,251,93,192,
64,103,146,57,75,151,183,132,159,237,80,86,168,190,120,173,236,43,28,138,214,105,180,243,26,59,145,204,140,189,242,25,
33,120,211,147,194,8,92,32,205,34,158,201,1,30,123,207,54,161,132,7,116,46,201,54,167,139,15,122,121,139,52,184,
214,187,127,139,213,55,189,153,30,143,145,220,81,193,239,45,65,137,201,45,144,243,247,113,122,208,87,151,215,254,155,105,
250,26,204,244,5,127,136,198,101,189,205,12,169,114,188,95,231,236,78,141,150,236,80,179,219,85,124,133,243,122,210,250,
25,92,199,32,120,241,36,23,184,193,233,136,224,8,47,204,154,240,143,207,15,49,135,207,247,150,238,22,85,183,192,57,
162,29,69,73,230,175,249,156,23,41,80,237,246,41,176,43,83,146,244,194,83,107,3,14,140,238,225,90,155,22,62,125,
223,232,62,197,8,45,99,252,18,69,204,36,76,139,237,222,52,211,19,59,146,23,253,83,151,243,131,181,38,48,131,227,
16,133,133,41,52,125,226,96,151,126,238,247,63,246,114,152,206,53,55,84,237,109,142,222,246,54,140,194,85,125,188,65,
74,125,4,127,167,230,13,81,132,208,66,161,224,20,88,139,239,82,181,185,27,95,122,246,84,112,252,31,101,129,221,91,
119,245,87,50,160,4,127,202,9,72,116,202,46,169,150,16,79,64,141,40,117,216,244,86,95,181,25,183,223,30,128,78,
223,3,114,231,231,134,86,163,10,121,224,31,83,116,202,46,204,244,16,149,158,244,88,152,251,23,97,97,238,82,183,199,
65,163,137,2,102,225,9,72,111,179,201,33,233,210,78,120,119,205,18,232,25,78,86,193,26,114,235,30,17,185,209,32,
121,5,34,103,200,131,24,124,225,241,72,170,179,241,85,232,51,55,212,186,16,92,206,45,121,184,228,28,163,30,70,74,
231,240,70,135,234,42,81,174,171,64,164,44,25,88,210,195,49,184,248,32,154,252,226,32,127,238,85,148,3,12,63,163,
65,105,109,10,19,46,205,37,45,77,17,29,103,201,79,43,169,245,33,119,184,86,91,154,252,40,91,226,93,74,137,38,
227,86,157,87,127,144,242,54,81,240,48,112,151,52,26,88,247,55,154,158,247,55,154,219,121,126,224,66,75,102,5,128,
168,196,14,47,109,201,37,172,232,4,91,178,27,66,169,210,87,96,147,26,114,154,217,94,68,189,33,97,137,3,25,118,
192,33,165,127,16,101,125,212,53,172,134,10,117,116,112,54,180,208,13,122,55,204,48,149,189,252,129,79,189,9,191,196,
235,77,145,172,40,139,162,254,67,139,238,47,170,210,52,115,124,186,89,212,184,46,122,166,252,61,219,224,31,129,173,224,
103,226,207,14,171,116,190,97,220,17,21,119,152,214,82,240,221,28,185,194,245,65,183,211,81,179,201,31,96,219,38,101,
140,208,38,79,5,10,41,108,212,39,69,14,55,123,137,223,41,156,213,60,111,226,233,57,170,211,79,130,225,243,251,177,
31,86,150,245,250,2,171,47,77,50,246,2,76,174,52,16,142,253,227,92,157,24,64,127,201,210,99,140,7,71,169,232,
241,30,159,253,100,163,239,248,113,213,80,120,124,246,34,85,220,87,68,122,38,30,138,222,87,142,129,26,13,134,234,66,
141,169,11,20,141,206,108,148,152,250,62,84,172,116,144,222,254,70,144,5,121,155,231,0,9,64,3,123,93,234,77,91,
93,0,136,141,239,46,55,141,241,84,124,246,29,38,148,27,115,155,177,103,100,183,36,81,203,253,110,120,203,43,88,197,
13,101,20,204,51,162,200,18,40,112,198,252,178,183,246,64,132,159,3,185,166,253,66,63,212,10,192,197,4,102,111,197,
76,199,239,46,85,153,175,7,193,233,18,92,160,246,55,213,253,60,158,167,194,97,144,213,247,152,161,225,104,192,232,39,
137,146,232,76,234,218,22,111,175,18,83,241,246,53,151,160,222,66,248,229,36,158,202,253,97,188,197,102,203,200,28,139,
186,33,96,148,181,11,87,13,18,57,155,223,233,106,200,75,25,233,243,54,173,25,252,88,157,229,37,172,39,44,142,205,
214,44,179,11,86,149,188,197,86,122,233,94,145,2,187,46,117,47,87,128,226,235,100,141,32,48,170,233,218,48,207,15,
79,118,211,208,120,207,82,124,192,19,215,74,145,75,128,156,33,7,128,228,95,76,198,40,49,100,176,67,83,141,205,60,
148,235,103,146,224,234,16,73,238,57,106,226,70,60,88,196,135,104,162,248,9,107,198,75,103,166,11,242,169,211,61,130,
164,69,78,118,242,109,149,247,89,63,184,28,151,191,195,96,70,132,223,147,139,211,93,125,206,35,97,137,211,45,66,138,
238,108,136,6,104,67,212,21,144,160,26,65,74,219,4,151,159,225,33,139,168,250,146,157,27,125,88,198,42,165,240,47,
110,154,240,84,207,188,54,117,102,179,80,155,204,51,172,176,247,30,161,17,26,99,111,185,92,169,12,40,138,147,233,77,
235,19,82,180,130,19,52,178,184,88,130,120,235,50,236,20,37,159,168,254,133,0,5,103,201,210,40,81,7,12,51,140,
206,244,97,4,67,125,208,156,242,86,224,251,70,160,171,11,99,222,9,60,221,230,38,114,40,80,108,241,250,80,180,47,
28,150,181,193,245,190,48,88,164,248,16,18,147,241,88,164,227,15,66,166,33,73,112,210,22,49,149,40,115,143,241,209,
52,139,85,129,123,35,33,123,215,21,62,128,192,32,135,224,38,60,152,221,37,123,236,103,108,171,48,57,84,243,110,91,
213,20,222,167,152,114,151,144,49,36,122,198,124,105,192,34,43,164,205,96,112,234,17,85,103,2,125,119,206,48,33,178,
243,86,126,248,26,23,172,29,117,192,220,62,71,157,233,100,199,203,45,78,199,8,131,139,193,64,73,130,37,160,213,217,
59,92,154,22,180,161,224,125,134,185,5,111,235,30,125,143,151,77,187,242,50,145,150,158,65,188,182,13,111,96,241,50,
149,189,55,77,155,250,84,117,248,64,152,71,252,93,146,194,1,99,108,206,49,175,218,10,118,126,215,62,169,205,25,114,
143,229,60,176,207,93,194,121,215,59,182,234,40,141,153,224,78,200,243,53,135,140,239,74,217,1,52,142,151,228,156,11,
48,120,140,225,58,146,11,67,54,215,178,67,108,231,15,137,200,185,15,115,238,81,109,242,204,13,175,57,90,142,1,255,
91,190,243,28,82,0,12,86,184,62,26,152,250,237,67,167,69,74,113,14,244,74,150,29,59,121,201,24,119,222,7,110,
151,225,2,64,223,31,95,193,35,9,71,183,38,73,147,222,43,140,161,91,131,172,14,23,144,209,52,151,179,21,6,104,
183,105,145,186,28,37,158,223,66,165,193,35,20,99,210,67,116,168,6,27,119,212,79,103,235,86,85,103,29,139,194,2,
97,102,110,17,140,158,221,63,107,158,234,160,165,228,46,38,193,46,159,140,202,45,45,200,51,181,207,201,111,131,138,58,
184,212,17,126,59,208,52,129,169,0,74,83,193,13,195,200,239,105,149,188,94,144,186,245,83,97,185,28,145,197,248,100,
110,10,17,216,3,54,150,170,180,87,210,7,70,109,177,7,107,171,14,77,116,125,211,59,177,230,24,106,185,24,127,168,
15,78,130,139,28,93,251,232,98,196,205,35,100,199,7,105,203,212,251,83,201,232,99,197,160,246,114,213,253,84,158,226,
21,97,249,68,55,221,241,248,155,22,75,138,177,245,75,175,239,82,145,184,193,23,127,245,42,139,237,3,89,130,56,96,
159,198,10,96,137,4,44,111,204,208,90,190,11,51,138,212,221,75,151,77,82,121,243,31,100,204,71,65,128,29,3,124,
165,91,131,194,36,10,72,196,98,138,201,28,232,131,240,97,69,201,52,51,69,238,114,144,117,57,69,143,241,119,83,209,
64,73,159,3,126,131,194,71,21,166,207,133,114,177,43,23,160,4,140,180,243,50,94,145,24,88,187,191,57,101,140,230,
102,137,193,44,48,142,218,148,201,8,106,115,201,10,133,208,212,113,63,208,249,116,180,214,107,116,215,59,182,187,29,92,
136,163,66,130,194,36,87,130,216,73,196,236,8,141,115,236,21,203,184,15,148,93,175,74,210,250,57,155,164,215,59,217,
198,64,103,171,198,42,189,199,58,156,178,8,108,196,15,43,176,126,15,56,203,22,18,112,133,223,68,187,187,92,193,190,
18,129,176,30,108,199,197,44,133,6,45,30,191,200,240,108,207,247,113,176,161,15,115,205,44,107,159,192,22,103,29,34,
73,171,239,2,71,33,70,63,238,184,83,184,32,91,139,168,242,85,175,230,91,91,252,249,94,128,58,86,166,1,4,103,
121,72,100,160,11,176,104,207,62,100,174,196,12,76,211,19,59,122,244,253,59,218,21,49,175,17,4,66,166,33,73,160,
2,11,97,156,52,63,206,35,42,139,239,38,152,198,62,55,139,254,49,77,217,252,74,161,242,128,153,159,245,75,98,5,
116,171,168,73,70,173,10,127,180,170,237,88,177,9,130,181,168,73,95,146,25,113,153,216,58,43,129,32,96,136,223,100,
74,160,219,115,126,252,94,81,167,46,169,209,16,55,88,209,18,176,216,220,53,117,203,25,124,164,227,69,102,188,32,155,
163,195,132,138,154,61,197,202,44,107,116,202,46,145,185,51,90,99,209,88,176,216,238,145,167,243,19,219,247,73,159,110,
247,92,232,197,4,157,179,230,109,197,237,44,142,127,213,116,180,220,51,184,158,244,47,183,210,96,198,138,38,127,254,30,
32,131,140,217,74,184,45,45,208,208,38,151,4,59,47,136,173,4,75,206,2,56,160,161,243,171,26,63,135,133,246,63,
178,46,83,142,162,234,77,142,44,49,112,210,219,25,125,51,32,95,217,5,56,156,216,91,163,251,170,91,200,57,7,168,
13,10,94,205,252,99,175,238,223,112,177,20,84,147,245,254,84,184,22,113,176,228,5,126,226,34,74,161,3,12,133,233,
53,84,150,237,255,64,227,107,112,151,52,26,88,212,79,119,182,24,33,90,241,108,102,189,66,75,102,202,93,133,196,73,
82,121,255,122,116,203,80,89,116,216,107,147,210,87,96,118,214,136,189,217,35,103,154,230,121,161,224,66,75,161,231,150,
190,207,73,117,203,244,111,175,238,80,124,210,243,106,163,221,63,73,119,53,187,148,31,132,129,213,68,115,218,25,101,86,
172,16,139,238,45,108,117,179,82,205,186,5,92,99,187,34,136,252,62,148,155,252,20,206,246,7,129,173,3,68,167,207,
38,171,180,207,51,174,238,21,143,131,217,70,189,229,36,129,118,21,118,171,219,26,179,188,252,72,195,235,42,199,208,3,
103,202,45,108,147,149,32,132,233,249,56,154,163,52,152,240,24,63,220,234,5,99,18,58,75,197,241,71,136,235,19,106,
239,248,19,119,242,50,89,211,199,29,119,39,79,96,218,6,92,157,0,40,127,4,13,40,140,7,71,110,232,220,50,139,
27,66,116,207,207,121,209,73,122,107,17,37,44,220,90,118,179,32,221,114,214,59,99,162,236,13,134,199,66,141,204,11,
252,106,206,61,163,152,254,2,84,189,63,91,167,8,5,96,198,139,86,225,70,67,151,6,53,156,197,15,24,169,234,136,
176,180,22,31,117,20,96,123,170,82,100,189,207,137,177,253,36,45,155,255,98,162,201,67,52,197,41,164,145,11,109,71,
145,240,98,198,5,81,90,176,252,143,218,246,88,132,218,27,126,190,253,54,131,228,249,179,197,236,78,146,197,76,199,180,
243,85,94,239,36,193,211,250,92,160,211,90,213,194,1,99,108,253,32,207,247,32,130,139,201,69,227,232,39,172,181,232,
52,199,239,64,166,175,18,59,182,246,53,127,160,222,90,189,32,95,193,143,32,132,240,219,95,202,201,219,132,8,38,33,
200,216,53,139,193,64,112,211,223,46,77,28,66,132,219,159,57,168,212,65,137,225,166,65,174,31,3,135,242,241,237,185,
39,94,158,253,2,10,189,60,31,164,251,8,86,125,249,24,98,185,15,38,203,61,101,177,5,29,9,200,76,106,79,19,
31,105,203,81,45,178,35,37,112,229,85,131,193,213,29,128,169,95,100,163,40,14,76,200,102,107,137,34,43,83,207,74,
90,212,19,4,90,249,49,58,216,55,250,157,194,130,171,215,76,70,87,252,132,162,157,76,22,171,3,141,115,229,88,86,
119,201,152,180,240,91,0,184,31,142,180,254,20,92,156,35,99,139,202,68,77,139,42,101,129,255,97,60,170,246,137,212,
19,82,91,212,56,120,184,26,124,133,143,16,110,230,24,120,140,226,2,199,222,51,133,140,241,13,124,241,241,152,162,229,
92,200,183,234,153,99,248,80,218,192,50,165,163,196,31,123,2,62,90,183,18,109,221,200,62,160,123,233,53,200,19,82,
145,154,19,119,183,247,89,187,196,215,50,202,242,20,181,203,254,98,0,40,68,142,210,237,72,189,31,50,155,165,31,87,
217,3,101,155,171,1,138,217,7,77,211,176,13,109,17,13,82,180,169,6,97,48,76,136,243,174,81,118,36,93,145,190,
181,40,111,41,81,98,220,205,59,194,61,66,129,6,15,42,166,68,108,171,193,15,110,200,233,108,180,12,187,121,208,90,
131,191,29,216,123,160,78,135,187,232,201,122,231,88,38,199,44,41,125,236,27,130,206,13,22,143,184,110,91,154,20,5,
74,203,41,153,223,65,70,151,10,126,155,235,66,81,166,188,134,177,158,82,78,175,15,127,169,234,74,92,181,29,154,191,
241,14,102,191,209,148,195,2,96,100,201,38,150,123,9,110,37,191,36,174,209,22,117,107,200,59,175,204,28,115,130,215,
215,177,214,207,112,121,161,64,152,168,231,73,82,227,71,194,199,41,63,137,236,70,125,228,48,111,120,241,26,208,189,252,
118,103,172,100,211,248,64,62,169,2,90,211,6,249,154,141,6,71,194,234,17,139,183,210,78,201,20,83,181,131,178,107,
208,27,55,153,162,224,92,250,231,62,160,204,34,134,198,221,57,126,198,41,106,229,48,52,209,159,245,113,212,243,105,157,
190,55,155,219,8,95,169,237,67,103,214,68,146,237,235,82,171,44,83,76,249,244,81,175,240,12,89,187,196,21,90,55,
98,149,245,9,19,182,3,43,130,7,213,43,143,69,74,113,211,203,62,133,84,105,169,21,23,54,220,72,114,185,216,231,
61,161,23,32,190,29,224,132,233,105,61,187,7,51,102,237,104,109,207,49,23,109,185,76,116,161,3,48,158,244,118,152,
206,243,80,154,251,127,67,234,63,87,174,15,134,96,222,42,86,137,237,104,120,207,84,34,144,244,146,186,249,32,32,193,
23,153,187,192,22,116,195,41,149,191,6,37,101,141,241,132,207,211,53,62,207,16,115,155,213,43,68,226,255,117,145,17,
132,130,228,3,190,161,224,35,135,230,64,97,227,45,64,149,238,70,191,242,229,134,121,207,27,209,249,21,154,163,214,58,
157,0,16,93,102,202,42,168,205,13,102,123,208,56,177,211,10,104,126,213,59,170,201,84,185,182,10,121,168,15,78,154,
163,249,128,192,35,39,161,170,232,100,211,57,122,127,206,45,148,189,36,99,151,160,14,114,237,56,60,182,191,21,121,225,
9,84,170,174,16,92,27,78,62,223,232,40,140,7,82,86,243,193,47,147,246,54,135,237,246,30,130,21,61,124,1,207,
61,161,28,68,107,205,2,56,135,57,97,114,212,245,75,175,77,58,145,243,252,82,158,25,58,174,16,235,65,189,56,96,
194,233,10,96,196,63,79,142,232,237,80,181,50,69,201,52,51,69,238,114,144,117,57,69,143,241,119,83,209,51,73,100,
200,91,107,194,71,21,107,10,133,138,177,2,40,97,4,81,121,208,85,35,121,221,147,152,191,33,84,127,43,95,179,159,
96,102,118,46,174,205,1,38,102,188,45,109,149,236,54,87,208,249,116,215,22,85,70,148,239,135,175,209,114,136,187,31,
189,229,1,75,143,170,5,122,220,239,88,98,220,20,150,192,34,88,104,190,71,150,196,5,139,104,197,37,201,197,10,108,
97,190,25,213,10,63,93,105,251,95,231,212,19,141,126,236,115,179,219,85,183,157,219,46,198,238,16,122,131,234,63,193,
225,34,140,139,216,144,255,36,108,106,210,37,67,12,53,121,135,207,37,150,238,22,85,159,192,57,127,29,10,73,230,163,
77,165,29,78,41,224,233,76,141,8,48,87,209,253,48,183,247,31,153,175,213,14,177,44,62,101,223,232,62,138,5,69,
167,206,18,69,169,12,43,181,9,25,105,147,2,105,168,23,229,59,183,26,90,188,227,236,125,225,57,73,131,217,33,73,
173,64,139,143,241,250,139,204,47,87,192,247,72,88,231,46,55,209,58,74,146,155,120,163,214,54,74,84,247,127,132,230,
37,46,132,232,75,115,237,20,29,139,18,106,146,168,39,19,168,12,113,153,251,93,102,188,229,120,195,223,100,109,136,227,
168,191,20,102,109,210,234,170,212,8,107,123,147,60,184,205,31,114,66,140,61,186,215,23,128,75,224,56,194,168,38,124,
150,229,67,203,170,233,44,148,231,5,191,244,16,149,123,209,53,176,192,255,156,106,192,60,218,223,30,87,161,4,94,149,
252,37,135,120,9,50,197,237,44,177,127,237,57,239,220,86,116,180,10,123,211,251,58,132,165,30,95,253,234,41,198,143,
217,124,4,9,107,170,179,9,109,208,248,114,153,162,16,151,239,23,54,143,246,16,87,17,57,133,172,181,35,111,2,77,
81,179,247,77,142,241,8,155,241,247,86,86,51,94,145,241,5,15,178,45,39,126,224,209,98,163,6,46,168,190,228,29,
192,59,77,116,238,247,77,153,20,84,182,221,33,84,184,27,58,196,24,40,120,162,17,120,183,38,244,74,198,41,105,203,
242,251,140,240,72,88,146,232,48,88,188,79,154,158,0,9,154,219,62,102,207,6,87,103,246,61,70,228,67,6,155,255,
76,140,203,21,89,140,216,83,182,169,95,92,175,28,73,190,190,101,107,192,36,150,189,251,25,63,120,41,166,195,3,108,
55,210,51,173,213,11,108,116,161,234,164,204,24,87,96,182,2,149,224,252,129,79,165,68,115,184,218,123,132,172,40,163,
179,45,108,93,179,82,129,238,54,142,61,238,91,204,154,51,160,90,252,99,210,248,66,88,160,3,44,167,231,14,171,145,
10,110,198,214,21,131,202,214,62,181,216,28,128,130,223,70,183,228,111,116,201,34,122,243,38,25,186,149,235,79,202,242,
73,206,156,242,110,209,5,55,137,216,55,158,199,46,63,161,234,29,164,31,71,75,173,182,12,112,235,31,82,175,175,65,
178,242,26,113,187,255,50,185,52,57,96,194,186,84,195,239,86,103,201,210,40,140,31,106,110,208,241,47,159,60,54,117,
215,224,54,178,80,61,124,246,231,55,207,87,68,131,253,238,127,192,94,134,162,236,245,117,221,42,82,204,11,55,141,241,
49,89,152,250,3,89,233,39,148,220,52,249,148,1,114,64,217,70,0,162,9,120,158,232,254,70,156,234,77,117,239,81,
31,176,217,84,148,187,29,38,183,236,82,122,197,44,44,136,237,91,142,205,42,59,140,230,93,147,211,50,51,128,48,174,
202,7,116,49,198,252,119,218,222,88,132,183,3,150,166,32,130,139,225,69,157,185,54,154,70,226,79,205,163,33,131,118,
180,24,171,187,53,92,125,211,55,213,253,1,99,132,206,38,156,204,247,157,177,184,91,168,208,74,113,146,11,76,175,239,
22,179,188,18,118,241,246,71,173,182,246,66,189,253,36,193,143,253,97,220,39,102,141,150,4,124,215,234,96,194,181,243,
87,234,250,116,155,188,18,118,20,60,64,167,200,255,152,19,37,76,174,207,13,172,236,44,107,205,249,79,120,243,51,82,
176,199,30,127,233,86,158,246,187,86,195,52,2,156,7,6,2,206,60,115,179,18,23,31,194,39,114,142,240,249,55,179,
81,62,149,247,35,121,221,29,60,198,26,42,122,164,19,144,200,44,38,126,234,34,129,146,244,21,142,183,50,90,212,19,
4,90,185,40,96,231,2,6,80,245,129,158,233,6,79,96,196,32,163,235,67,242,167,8,61,164,227,82,56,142,242,85,
149,247,54,98,125,225,151,115,243,98,97,115,43,171,202,254,35,99,185,42,106,146,233,51,84,205,246,113,212,19,82,67,
145,236,132,172,206,111,133,184,28,186,226,254,72,140,167,2,119,217,236,85,95,217,17,147,189,31,85,101,187,68,147,193,
2,136,101,194,34,198,194,7,105,94,187,22,210,7,60,90,102,248,92,228,209,16,138,123,233,112,176,216,82,180,154,216,
43,195,235,13,119,137,217,69,182,213,104,190,196,35,35,0,43,94,190,210,220,127,7,12,110,173,182,12,112,211,251,117,
156,165,19,154,242,26,53,180,160,53,153,230,38,77,175,243,38,114,5,45,75,228,237,80,145,12,52,91,213,1,52,187,
251,35,157,188,166,81,135,2,66,164,203,212,42,201,33,49,112,252,218,120,149,60,39,131,200,16,80,180,23,122,126,248,
1,87,222,30,94,133,34,240,129,161,83,123,199,6,15,101,177,68,143,171,48,254,84,243,46,74,200,55,29,150,215,82,
122,185,3,12,157,198,65,129,227,34,43,97,166,118,112,175,41,85,112,212,79,178,206,24,33,161,218,157,127,233,14,52,
109,16,152,133,255,62,71,192,1,100,164,6,69,45,186,30,166,171,234,76,61,171,50,138,213,217,59,127,146,215,181,223,
19,118,134,158,71,191,230,37,126,134,219,251,147,158,229,140,151,226,71,201,179,55,150,158,244,79,201,240,235,156,168,172,
32,227,195,251,84,104,179,39,234,203,227,173,169,14,115,235,15,0,161,148,13,78,201,241,24,146,190,217,85,208,27,90,
188,138,215,134,243,34,91,131,128,43,136,5,30,95,201,143,28,82,205,13,111,150,159,245,148,236,252,59,152,149,251,167,
219,3,54,229,226,75,163,228,75,126,247,176,63,180,36,88,82,244,187,5,121,60,30,84,182,191,246,181,57,87,60,6,
2,103,204,68,104,89,250,237,102,167,34,74,113,235,23,50,174,41,116,179,21,227,48,223,76,123,180,220,217,132,225,94,
119,184,34,232,117,171,38,102,200,239,248,78,237,69,85,148,241,238,84,0,52,87,138,45,71,146,2,56,160,154,252,230,
151,4,117,98,130,63,81,157,167,140,161,242,76,24,179,20,128,190,244,16,87,188,25,137,194,246,94,102,118,219,55,204,
252,95,107,186,217,162,203,15,29,78,177,2,105,199,7,101,113,131,43,177,116,29,108,135,213,252,192,210,25,134,67,161,
77,145,161,193,133,145,219,61,195,159,29,127,149,176,44,202,242,49,112,97,207,27,150,190,21,95,128,214,17,169,180,57,
150,170,7,93,125,1,73,174,101,250,107,195,14,42,175,184,14,55,237,21,84,147,132,242,62,168,25,93,113,202,17,125,
1,42,30,183,170,35,100,2,42,70,203,212,7,107,206,14,77,157,166,238,73,8,59,21,214,220,236,162,234,33,138,189,
231,75,159,28,77,130,225,247,83,146,36,14,140,232,253,75,115,229,97,148,243,5,13,176,43,96,100,222,10,96,196,28,
44,131,205,214,44,168,11,75,138,195,233,34,218,83,126,173,229,211,107,223,77,113,186,209,31,126,216,249,124,196,28,203,
123,234,22,138,204,34,41,138,162,92,86,149,50,24,86,186,77,117,156,22,66,117,193,119,124,163,17,21,104,207,75,90,
229,74,71,155,10,57,160,177,19,52,114,17,81,180,184,85,59,180,221,100,132,196,41,45,111,28,148,118,189,31,95,135,
235,161,166,205,47,80,166,242,133,208,236,54,122,173,249,109,202,219,61,129,180,0,123,187,250,68,101,222,31,130,229,1,
75,78,216,14,137,201,240,141,91,236,21,203,208,50,89,91,230,28,151,215,254,155,105,250,35,217,222,64,103,104,211,54,
164,197,251,177,174,1,110,155,15,81,167,174,15,39,225,9,85,124,192,219,63,210,250,92,155,140,226,82,184,30,108,199,
197,44,133,6,45,38,137,137,43,146,1,39,113,135,207,37,115,17,22,120,183,227,57,162,226,22,73,178,163,63,172,42,
0,126,224,246,76,176,8,48,111,244,218,83,124,50,43,94,187,206,14,182,60,21,147,245,232,97,162,64,69,167,9,18,
45,157,3,98,161,237,25,76,211,43,118,181,23,229,52,163,20,69,132,219,224,69,169,34,74,119,30,48,124,156,105,132,
210,53,59,141,163,93,133,174,51,25,146,211,113,153,216,255,247,146,255,112,93,155,254,254,153,4,134,160,154,83,77,164,
11,127,98,245,85,97,167,198,133,184,168,79,97,173,205,141,190,243,17,95,190,24,57,192,252,24,111,198,47,86,189,252,
107,57,167,46,169,209,237,55,88,150,250,117,181,220,86,95,140,68,179,216,32,30,145,212,57,190,223,231,126,144,223,63,
203,169,31,107,151,202,81,204,209,51,149,123,209,29,176,216,5,103,98,153,82,205,199,65,128,113,199,43,166,9,72,170,
144,9,33,185,196,81,174,186,174,103,226,23,51,149,158,220,88,246,251,93,132,141,30,54,206,217,102,195,207,195,124,247,
44,107,170,179,44,109,11,248,114,144,154,209,144,20,50,23,212,230,55,65,23,72,125,164,142,78,159,44,76,78,245,251,
66,188,46,16,141,254,0,75,192,48,94,156,184,194,249,188,52,22,163,6,20,22,130,60,98,176,5,10,29,208,78,36,
107,9,19,102,221,74,43,171,26,25,43,211,79,116,198,26,234,121,219,101,128,187,227,236,57,241,96,133,205,225,60,133,
248,116,153,212,232,54,149,239,16,154,220,50,57,154,178,108,126,224,66,40,161,226,93,133,231,38,82,168,209,76,175,162,
33,13,177,16,142,84,245,90,87,171,26,73,176,193,35,44,130,254,156,196,200,101,51,196,220,116,127,206,120,57,105,47,
173,201,6,115,48,204,63,179,208,32,119,134,219,241,171,189,252,70,138,165,33,156,172,38,136,145,231,7,131,140,45,146,
143,227,82,129,232,39,115,100,186,30,212,193,0,122,131,252,61,160,3,66,105,138,201,49,150,219,253,173,177,10,12,220,
4,21,178,187,214,117,240,245,28,150,135,245,56,241,40,96,183,209,28,134,0,226,88,186,149,38,103,226,10,73,171,156,
242,86,12,17,115,154,163,241,54,16,53,46,207,221,29,105,228,12,134,173,182,36,136,38,43,82,239,248,19,143,243,31,
72,254,251,78,187,232,98,148,5,15,98,194,239,107,168,13,6,23,192,68,98,71,8,14,30,214,86,117,169,206,14,100,
154,80,85,148,246,255,85,161,28,68,190,253,41,68,168,27,58,215,248,228,121,234,66,106,204,46,20,82,241,49,80,137,
37,2,95,197,99,95,164,0,53,95,201,63,146,165,14,17,146,202,75,113,158,7,7,177,9,129,178,163,87,83,184,29,
149,185,170,81,99,175,185,150,193,244,84,104,114,21,98,162,201,102,52,138,41,105,169,208,109,83,128,1,95,205,7,116,
132,204,213,182,209,14,123,132,150,56,194,227,23,138,136,228,71,124,165,197,124,87,197,17,199,180,243,144,94,204,24,206,
211,233,104,84,178,96,202,8,55,151,175,185,84,207,201,67,130,139,225,69,192,208,15,113,181,232,111,175,215,17,103,175,
18,83,206,25,88,151,136,25,66,180,214,79,133,146,237,116,195,241,42,184,149,242,80,246,242,55,155,200,242,92,212,37,
56,160,163,37,93,223,9,107,166,181,13,149,228,19,79,217,182,19,115,23,19,85,189,233,19,126,246,70,89,193,198,70,
126,0,33,140,194,209,37,177,0,46,106,187,203,33,124,85,60,94,14,18,107,131,63,116,169,199,34,103,225,76,114,192,
214,22,108,162,88,93,156,254,7,93,169,36,76,198,5,49,76,176,38,66,192,47,21,107,242,109,114,153,54,4,81,175,
100,96,162,3,54,96,204,64,147,166,14,25,147,203,76,113,217,15,30,114,254,77,124,183,66,31,123,219,128,124,193,33,
24,117,217,75,209,207,20,107,188,35,91,100,8,109,36,130,48,154,216,7,103,127,137,36,159,153,19,82,91,177,21,144,
160,223,65,133,184,63,127,167,225,55,127,226,35,158,233,40,103,88,233,18,132,166,31,85,98,187,68,147,193,1,136,101,
194,38,198,194,7,103,152,194,44,161,245,8,113,124,245,45,171,217,59,113,128,212,96,175,223,23,164,129,221,63,226,222,
36,128,122,215,59,173,51,49,118,205,30,133,180,29,105,193,134,46,129,18,42,103,216,149,34,134,211,54,82,180,189,19,
119,218,2,70,227,201,66,107,230,9,60,221,243,38,138,40,80,108,182,250,21,112,229,71,90,191,206,71,127,0,34,141,
195,211,42,178,1,48,113,246,211,45,143,52,48,117,210,6,48,155,23,99,118,222,229,99,155,29,69,169,223,240,63,206,
29,75,136,18,239,75,172,80,76,143,243,34,76,182,43,127,146,251,255,127,183,57,95,197,251,11,91,234,57,103,164,244,
4,90,181,142,117,151,71,75,164,197,33,164,236,68,18,73,12,132,102,228,24,57,119,22,86,126,248,31,64,126,29,117,
116,7,93,99,194,194,146,186,227,45,54,140,43,107,147,234,76,120,171,247,173,213,217,83,69,159,237,133,144,14,112,75,
220,29,152,192,255,97,82,168,12,194,199,41,80,89,136,84,194,249,57,152,157,165,93,214,1,48,55,155,250,84,117,248,
64,152,105,179,31,154,211,3,109,123,195,41,176,202,9,76,189,6,121,245,26,85,105,177,7,85,184,224,31,188,138,224,
92,215,34,62,136,204,34,75,222,239,50,104,204,43,133,166,35,98,174,218,13,89,236,20,83,181,190,55,96,210,35,102,
166,196,63,156,40,63,128,243,237,80,131,33,73,137,234,201,40,184,50,90,144,240,10,20,182,64,97,149,8,6,98,197,
250,35,67,15,5,109,201,7,120,161,11,31,41,149,88,57,112,179,17,81,216,83,88,186,249,2,88,223,55,130,193,232,
241,130,154,50,61,187,7,16,78,237,45,109,172,246,58,144,244,111,83,147,214,58,153,243,51,91,123,74,68,155,2,118,
89,230,73,87,89,229,109,130,173,69,79,161,8,63,171,245,242,90,173,203,148,189,1,15,87,151,30,153,158,0,63,72,
158,37,125,200,7,46,55,200,224,175,203,7,114,23,194,16,174,214,242,119,93,179,23,181,186,28,126,76,162,65,112,181,
215,120,107,193,13,195,176,7,105,90,235,79,202,242,237,80,58,239,80,133,251,59,162,87,236,58,216,0,28,161,135,221,
65,223,228,70,168,118,204,107,154,22,73,168,186,172,101,178,218,25,123,156,21,121,185,28,32,189,122,237,52,238,232,39,
137,146,0,135,2,239,105,144,212,222,77,189,245,124,151,121,49,152,7,45,119,141,213,43,97,28,9,131,194,203,33,109,
232,40,79,177,245,16,140,42,6,98,167,253,71,190,45,27,153,247,5,21,121,253,31,103,190,190,30,120,251,43,178,206,
197,89,127,71,99,181,11,218,111,207,79,49,167,219,228,58,158,49,124,187,226,38,65,224,15,68,118,232,57,72,167,22,
78,213,242,241,71,174,29,77,140,249,249,86,185,45,87,155,246,255,54,252,122,150,211,64,253,146,246,91,107,194,36,45,
166,231,98,114,236,19,28,97,226,64,120,255,25,252,191,20,144,187,243,16,88,174,252,95,159,222,64,108,159,3,102,201,
205,47,39,153,225,155,195,212,113,63,208,17,140,180,219,61,94,156,0,182,163,250,127,60,211,68,181,153,38,137,151,153,
37,173,194,237,133,143,225,72,127,235,53,50,165,232,94,209,188,68,144,161,2,26,157,195,9,95,73,244,88,189,205,36,
134,143,8,73,196,212,78,117,126,195,68,162,9,72,148,133,243,87,210,29,57,155,140,29,70,193,216,34,121,146,230,81,
161,36,108,196,115,36,143,17,43,110,205,144,37,91,214,254,61,183,227,57,103,29,10,132,154,193,249,109,48,16,63,245,
242,69,178,201,70,87,185,194,24,148,50,90,94,251,201,90,114,10,21,100,14,207,255,190,66,96,69,2,20,96,106,71,
114,165,5,25,35,198,78,118,181,220,32,118,159,50,125,153,30,39,78,157,86,141,197,28,54,129,235,101,71,135,224,53,
142,230,95,146,133,38,1,87,246,54,118,181,23,8,118,253,61,160,164,6,39,113,204,73,91,224,75,87,91,254,75,174,
202,20,29,174,215,82,181,209,27,95,134,222,84,135,175,85,105,112,19,96,136,2,41,74,160,4,103,167,9,48,116,143,
243,134,162,204,101,64,150,53,117,181,244,86,71,181,60,124,223,227,69,102,157,13,125,172,242,68,73,174,14,140,177,224,
135,153,229,5,210,237,59,158,164,246,12,198,192,255,156,106,216,60,183,199,30,163,113,2,43,166,230,252,163,181,1,42,
164,205,237,169,189,196,116,242,14,75,184,117,10,123,246,227,58,132,141,227,130,218,234,65,139,148,37,102,4,253,115,208,
221,52,150,8,53,109,144,164,245,93,216,2,67,161,169,252,87,30,73,124,220,240,250,157,2,18,140,179,247,18,118,44,
84,147,186,207,10,110,231,85,157,2,185,78,191,255,39,126,200,209,39,198,6,46,109,231,240,105,158,13,48,102,4,26,
112,153,44,60,123,221,33,84,160,51,67,130,31,5,126,150,85,136,120,25,12,74,233,41,140,144,242,54,140,240,48,100,
197,17,2,147,188,114,95,158,59,68,154,195,59,99,211,66,75,102,226,69,109,172,73,47,109,233,76,116,238,45,89,125,
26,151,172,177,74,96,123,223,114,130,193,35,103,130,230,97,161,224,101,46,183,40,104,144,231,49,58,144,47,111,151,214,
80,89,210,243,101,210,26,114,55,210,63,176,126,28,123,62,211,33,191,231,3,136,110,196,40,198,203,45,143,93,179,82,
129,253,48,143,161,147,93,203,241,59,157,98,246,105,221,250,74,161,176,5,35,159,168,73,174,171,255,110,157,4,67,178,
152,214,58,240,24,28,150,194,221,89,212,228,35,192,125,240,55,4,27,112,194,201,46,70,248,10,108,206,180,45,110,233,
17,115,178,222,52,93,216,59,58,144,221,64,129,252,71,134,197,182,71,112,226,4,125,179,191,20,162,241,33,89,230,195,
31,133,36,32,101,196,246,32,138,3,83,102,207,212,83,139,12,48,153,207,222,50,132,6,46,78,15,21,37,221,93,124,
176,213,21,107,220,52,68,131,32,41,68,192,94,75,162,4,245,75,234,34,65,157,255,235,128,241,73,113,211,53,27,89,
248,56,87,144,44,9,102,204,106,102,171,7,60,102,208,70,153,172,21,24,153,209,82,120,165,14,14,184,16,136,185,148,
85,91,107,215,158,193,255,104,105,180,27,163,129,253,112,49,172,45,157,197,3,42,42,207,54,95,151,30,56,58,135,9,
102,158,37,63,56,226,58,178,227,212,136,128,236,76,185,240,227,124,133,232,41,140,180,46,144,94,204,83,147,211,18,92,
101,246,26,137,240,60,123,132,253,97,185,201,67,106,106,186,88,167,211,20,156,121,214,56,218,214,27,123,172,214,64,185,
9,28,132,138,207,58,184,212,35,205,142,221,56,248,41,94,102,206,33,63,194,54,112,209,225,47,136,6,59,48,207,233,
247,129,13,60,116,230,238,71,173,221,252,138,239,166,12,184,235,12,66,194,173,19,191,242,10,157,243,249,88,110,59,82,
167,5,0,101,125,47,87,163,226,211,41,200,67,48,135,12,218,72,172,15,55,177,211,208,101,214,46,86,184,26,0,62,
221,29,60,117,17,238,72,175,79,75,144,240,33,75,182,43,126,145,249,0,126,182,56,94,196,250,10,93,233,56,103,166,
45,10,103,205,49,96,162,248,17,175,203,63,94,226,77,76,72,11,131,101,172,90,94,179,30,145,174,240,95,30,177,38,
89,153,254,93,100,187,43,91,122,8,109,36,138,54,105,138,192,64,43,145,61,112,136,27,113,119,214,236,185,208,37,131,
126,227,251,173,213,33,96,81,167,70,193,174,5,138,88,198,42,141,181,47,81,78,227,84,172,212,54,152,126,188,91,155,
186,243,143,108,197,41,205,201,15,107,159,201,51,176,252,15,119,128,252,52,181,222,66,120,136,224,45,175,218,13,127,208,
222,59,173,26,98,186,105,26,135,248,198,95,204,134,40,143,254,36,110,132,204,34,147,14,19,58,180,189,54,154,242,14,
144,170,182,2,108,233,14,72,176,184,13,109,243,24,160,165,250,83,171,36,87,74,235,222,87,128,19,59,157,255,229,59,
135,2,66,117,202,195,95,204,74,32,158,13,219,108,173,40,80,119,241,250,56,215,35,63,121,210,23,109,222,89,94,133,
255,8,129,229,61,60,191,44,230,123,201,103,84,171,13,57,143,208,75,91,154,20,17,137,215,117,98,185,27,71,157,222,
89,105,168,34,13,151,251,131,171,199,17,50,136,15,138,143,224,70,92,119,22,110,150,213,31,64,150,226,152,177,179,90,
108,184,216,152,201,254,6,113,202,34,155,206,193,98,107,206,247,138,213,20,59,68,154,22,180,161,224,90,99,161,17,119,
221,43,134,132,235,68,197,236,229,72,72,234,81,192,230,48,70,142,182,85,208,189,252,94,127,189,92,156,255,15,109,110,
179,93,225,12,249,154,176,203,71,194,13,76,115,183,13,54,189,217,19,122,131,200,112,246,207,77,129,197,27,68,191,231,
62,136,204,231,134,210,229,91,143,211,41,82,205,245,76,150,218,245,148,205,254,53,160,169,244,84,220,15,78,174,161,60,
169,26,254,143,228,252,83,180,43,5,131,183,251,81,122,245,29,116,190,2,29,188,235,88,160,248,198,27,128,220,99,159,
187,22,91,213,64,102,180,202,10,74,209,76,81,179,242,251,81,216,48,123,186,225,234,123,159,14,117,193,0,9,130,230,
62,78,200,239,239,63,221,44,88,154,33,254,90,191,95,91,161,3,49,91,197,62,142,161,9,12,142,198,72,114,212,10,
22,114,249,72,118,179,61,26,120,213,123,119,188,28,77,119,226,87,112,182,24,24,204,239,77,180,0,63,72,193,37,125,
141,7,46,46,126,28,107,151,217,96,61,154,254,158,154,225,59,112,154,5,129,205,224,73,84,205,5,134,172,19,73,88,
171,254,128,159,50,136,142,237,3,208,231,60,154,149,250,18,196,214,56,154,128,249,58,181,221,63,126,170,0,41,164,7,
6,92,164,7,72,195,14,77,140,125,14,55,169,203,68,122,135,224,105,184,230,38,173,138,231,75,235,231,44,140,189,231,
81,198,26,45,150,161,26,82,208,254,96,150,165,249,133,212,4,60,201,166,2,100,12,8,78,170,164,1,104,215,62,138,
201,210,75,175,7,23,145,184,184,8,166,245,33,99,234,199,36,136,40,36,107,197,250,36,143,11,87,106,211,222,87,143,
16,54,157,211,226,53,136,10,50,104,15,33,109,119,81,118,111,35,27,135,219,84,139,126,23,10,131,231,63,138,166,8,
17,138,203,105,145,149,247,59,81,169,99,152,180,22,66,152,217,60,159,163,252,255,143,199,70,115,213,11,26,106,250,73,
120,177,62,27,119,221,124,120,189,28,78,120,226,87,171,190,39,50,171,227,100,142,241,39,55,138,22,101,148,207,90,55,
144,250,152,148,218,57,106,148,254,117,199,218,67,69,199,255,128,166,13,67,82,165,248,122,162,216,87,96,153,81,202,245,
36,65,158,232,73,205,167,56,137,168,250,80,218,182,44,120,164,250,59,217,222,29,127,171,222,101,224,205,12,169,114,188,
95,231,236,43,176,185,236,56,238,219,17,109,176,218,66,194,13,32,136,139,13,69,199,233,83,137,152,240,120,199,245,49,
188,153,245,83,250,246,60,160,204,246,96,221,41,60,165,171,41,102,232,12,116,170,182,18,153,232,23,83,221,186,22,118,
27,23,93,184,237,23,129,250,74,93,197,203,16,123,249,21,154,247,11,104,190,253,28,160,11,10,6,201,65,35,180,5,
36,106,204,86,50,168,244,32,118,183,85,90,153,251,39,90,225,92,73,136,37,238,56,219,99,104,167,44,53,104,180,106,
87,141,233,44,86,189,56,137,156,4,15,137,193,67,107,207,5,21,108,244,67,114,179,56,21,111,213,118,114,185,19,72,
114,221,89,165,184,33,40,165,221,94,136,235,33,48,130,16,95,141,206,84,49,142,239,146,142,213,47,100,142,249,117,193,
212,56,71,193,249,123,165,205,54,63,140,78,136,147,32,125,137,147,75,186,223,39,59,150,219,85,204,230,52,74,138,202,
81,204,209,51,114,123,209,88,176,251,58,97,106,251,31,142,245,65,128,137,2,102,190,206,72,111,111,191,93,172,215,22,
161,126,218,64,223,219,33,131,177,219,70,194,14,33,138,149,14,70,197,239,84,138,155,233,121,200,247,55,189,154,247,89,
251,247,60,160,205,247,97,216,42,61,165,176,47,103,233,14,117,171,188,10,154,233,24,88,222,187,19,125,28,24,94,194,
180,17,120,231,93,151,252,194,15,184,60,90,63,0,6,22,204,54,116,163,3,27,37,192,37,112,175,238,26,77,177,44,
119,147,24,33,60,160,86,62,113,18,40,91,191,93,133,161,235,47,74,165,26,124,143,244,2,124,180,53,95,194,248,7,
89,231,54,101,157,43,8,98,198,105,101,172,6,59,101,207,72,152,171,21,22,152,208,81,119,222,20,35,118,201,75,115,
169,40,49,106,34,155,198,245,18,111,185,26,158,120,9,90,121,203,33,171,135,253,73,117,203,12,170,175,238,80,124,175,
54,177,158,221,122,67,141,48,184,189,252,129,138,189,9,191,172,226,62,129,171,18,146,222,241,89,100,222,22,151,187,36,
90,106,185,73,152,196,3,141,106,200,36,203,199,12,108,157,199,51,166,250,13,117,124,250,50,179,216,6,111,123,197,111,
229,24,94,178,127,204,117,249,23,252,189,195,211,137,243,49,96,192,216,226,125,226,45,108,171,215,10,110,233,52,80,213,
222,249,93,19,251,46,207,234,29,129,31,71,99,173,241,12,103,220,62,81,183,195,62,118,247,25,132,186,202,27,169,248,
39,100,237,202,38,136,43,39,109,207,253,39,143,12,90,109,213,218,90,146,20,57,160,214,230,60,197,20,66,127,207,223,
53,144,105,80,114,34,38,127,151,102,130,190,41,228,140,223,112,148,197,54,243,128,206,108,148,176,53,27,113,213,115,120,
218,60,10,96,255,58,86,212,67,41,127,6,129,134,173,74,24,101,195,120,116,183,28,74,116,222,83,167,186,35,39,167,
223,97,135,237,35,50,134,18,97,144,207,86,51,141,243,148,144,213,51,102,144,251,115,195,214,63,72,195,251,124,162,207,
56,68,142,2,197,165,221,54,132,227,61,94,229,33,61,152,221,87,194,232,54,76,140,204,83,206,211,53,116,125,211,90,
178,253,60,99,108,253,33,144,247,67,130,139,4,104,192,208,74,113,113,193,95,174,217,27,163,128,221,61,225,221,36,127,
179,221,71,188,16,35,140,143,16,72,201,243,86,140,155,238,123,202,245,54,191,156,248,90,253,249,62,154,207,249,100,223,
44,63,173,184,49,105,234,13,119,173,188,16,156,235,25,82,224,189,26,128,30,26,92,187,240,26,133,253,77,96,202,203,
77,133,7,43,147,201,217,49,126,0,40,94,30,230,31,209,71,114,101,27,24,107,216,5,127,173,37,42,114,229,20,115,
156,33,42,93,228,60,100,163,40,14,135,235,43,83,205,239,236,129,242,74,114,212,54,28,90,249,57,88,145,45,10,99,
202,107,103,173,11,61,103,211,71,154,173,21,24,154,210,84,118,224,22,37,125,5,84,130,190,73,38,127,229,135,131,200,
40,89,131,237,98,182,201,50,59,182,238,112,154,252,50,65,146,33,112,158,219,101,66,158,252,163,159,229,73,117,159,6,
126,210,229,78,84,210,10,141,173,24,78,94,176,61,140,187,252,71,87,176,8,147,3,250,85,85,240,93,206,156,61,162,
159,243,98,145,248,55,166,175,202,105,228,12,75,138,123,209,77,200,199,35,104,195,8,130,237,19,97,119,183,247,126,249,
254,96,159,168,254,133,221,40,103,142,151,40,76,187,34,110,173,182,47,147,235,251,117,156,156,236,138,217,4,78,211,176,
12,106,17,13,83,182,227,13,120,245,64,83,185,192,64,120,249,28,134,188,204,35,171,250,40,101,239,204,41,141,45,41,
112,203,255,41,147,12,92,111,215,221,92,148,19,61,162,216,231,55,199,22,69,127,11,232,69,167,73,69,139,231,27,69,
175,40,62,132,230,208,133,230,27,130,193,48,57,84,243,110,150,213,20,5,91,215,82,81,238,15,251,159,254,124,88,235,
65,71,166,166,128,165,158,82,74,182,10,131,186,173,70,57,178,22,110,185,213,55,64,185,250,152,192,196,38,106,128,216,
146,199,227,69,113,199,8,107,206,210,43,46,190,246,116,162,4,58,73,153,41,120,167,231,109,74,167,13,171,167,233,76,
125,167,17,134,218,237,86,90,218,18,147,185,32,86,102,186,69,148,195,252,137,102,194,32,199,195,10,104,153,195,43,169,
246,9,114,123,246,46,177,209,60,114,130,217,97,176,223,32,165,130,222,64,227,223,36,131,181,223,71,196,18,37,141,144,
18,74,204,239,88,142,158,242,125,204,251,52,193,158,250,92,197,244,51,140,178,8,79,24,64,130,152,245,63,160,36,254,
143,224,255,81,167,49,13,131,207,251,81,146,48,53,116,214,2,53,188,55,36,99,0,201,19,182,62,67,130,7,16,67,
143,69,50,104,196,7,49,152,25,100,119,223,226,100,156,30,71,170,224,240,72,207,30,73,137,19,240,76,170,81,77,147,
240,35,77,183,48,128,147,252,3,128,184,58,92,198,252,11,91,235,58,106,165,47,12,102,205,109,105,175,17,63,105,213,
72,156,175,24,34,156,212,86,128,226,24,39,123,7,86,132,192,75,40,130,232,137,133,202,38,91,133,240,102,184,203,52,
59,184,240,114,148,254,52,67,151,233,107,150,201,106,115,214,58,122,221,28,126,135,186,6,129,193,0,66,66,221,74,187,
137,39,134,73,241,68,213,237,42,155,88,229,51,209,249,21,154,128,214,58,216,221,63,161,111,197,100,159,187,57,168,142,
228,107,230,235,18,175,125,202,40,221,217,27,131,175,217,67,184,12,31,136,146,12,68,198,240,82,136,149,240,119,198,244,
45,187,152,245,83,249,245,58,158,203,245,95,215,40,59,163,166,40,96,231,17,115,169,184,12,152,231,21,81,220,185,19,
121,26,22,91,183,236,22,129,247,73,92,197,204,73,129,3,37,143,197,212,40,122,252,36,90,217,226,27,205,67,110,97,
23,20,103,212,1,123,169,33,38,110,225,16,111,152,29,38,89,224,56,96,159,36,10,131,231,39,79,201,235,232,125,238,
70,110,208,50,24,86,245,53,84,141,41,6,95,201,103,99,168,4,57,99,206,74,150,169,18,29,150,206,77,122,220,18,
33,113,1,80,127,184,69,34,126,228,131,127,196,35,85,127,233,94,178,197,46,57,178,234,107,145,248,46,61,144,29,108,
152,217,97,62,154,248,159,155,225,62,113,155,6,127,206,225,74,77,206,6,135,173,218,67,79,153,60,183,236,43,82,150,
236,80,203,208,247,89,122,208,20,134,243,59,147,66,247,88,141,7,53,173,166,250,109,156,251,36,169,178,229,108,196,236,
43,176,150,15,115,179,219,85,119,116,9,122,210,250,92,190,164,226,129,193,224,25,181,146,235,85,243,239,52,144,197,239,
90,214,34,53,158,169,34,90,217,6,104,158,173,253,146,225,16,73,214,179,15,117,20,16,85,180,230,16,122,239,67,86,
191,202,67,123,252,34,137,191,206,33,174,253,40,104,242,207,44,144,48,44,114,209,2,44,152,11,95,114,219,224,95,151,
24,61,165,219,234,62,202,25,71,131,14,235,69,171,76,72,141,233,30,72,179,41,123,142,247,254,123,179,53,87,193,247,
6,90,172,46,86,140,11,20,77,255,117,160,147,73,70,153,6,51,173,219,83,88,160,19,66,161,202,79,88,139,18,106,
146,209,86,60,181,25,89,129,251,29,26,175,32,120,160,2,100,74,136,39,103,134,191,91,56,145,251,153,149,218,54,107,
149,0,124,200,219,68,79,200,0,127,172,14,68,83,163,51,130,177,234,119,84,176,22,181,177,246,85,135,177,27,144,228,
247,96,107,228,28,157,195,42,96,111,194,79,158,201,9,147,112,205,49,209,205,19,114,163,205,57,172,0,19,124,129,0,
56,185,222,70,124,139,223,107,186,232,36,175,140,230,76,237,233,46,138,191,233,84,202,28,47,152,159,28,84,214,248,98,
152,167,251,77,207,250,45,206,215,63,163,227,70,133,231,240,35,111,234,42,105,171,171,70,179,36,242,144,239,178,90,173,
62,86,147,4,193,78,156,58,98,126,3,233,63,163,65,70,168,10,216,46,205,8,36,162,17,247,77,212,79,84,123,24,
230,51,145,70,66,132,236,24,66,172,33,117,136,241,251,117,173,47,89,187,241,253,80,224,47,94,154,36,1,94,190,98,
94,163,4,52,94,200,69,145,164,13,22,145,201,75,110,215,13,28,112,252,75,121,181,64,29,118,219,126,122,192,34,80,
122,229,93,173,192,42,43,173,229,103,139,243,41,56,139,24,103,147,212,92,57,149,243,154,150,220,57,108,150,1,122,201,
220,69,72,201,1,130,168,213,62,71,148,21,144,155,40,133,145,155,83,194,231,47,67,158,227,93,212,238,60,82,146,210,
89,212,217,59,122,131,217,96,184,3,66,105,114,3,39,150,253,73,136,145,10,110,198,214,80,119,119,199,101,180,223,36,
169,134,226,64,231,227,41,140,185,227,78,203,22,41,142,148,22,78,208,245,92,146,162,244,129,208,254,60,197,162,254,100,
3,255,69,167,218,4,111,229,55,74,178,185,55,111,240,21,125,179,191,22,162,241,32,95,230,195,32,129,36,32,103,193,
246,32,139,2,83,102,206,212,83,139,10,52,153,207,222,46,190,13,60,118,2,223,60,158,64,60,130,222,18,60,166,31,
53,123,224,221,114,214,94,134,138,39,48,134,234,66,82,145,11,20,74,165,101,150,203,211,59,142,172,121,144,229,55,62,
163,187,109,127,225,67,41,162,227,94,134,232,39,83,169,210,77,176,175,5,77,176,241,108,183,246,53,38,183,224,82,116,
237,35,47,139,18,97,143,200,86,51,144,245,148,144,214,58,102,144,247,115,195,214,63,69,195,251,125,162,9,63,78,161,
46,125,169,234,114,79,171,9,176,172,242,79,130,172,23,144,223,242,91,94,223,23,152,190,235,84,93,170,43,166,177,62,
155,167,177,105,216,253,69,89,180,249,115,234,4,82,104,168,232,111,234,239,81,144,153,239,118,206,25,88,127,136,25,61,
172,19,95,158,167,32,132,220,236,102,141,141,221,123,202,245,58,191,156,248,86,253,249,63,162,207,249,100,225,44,63,169,
179,49,105,235,16,119,173,189,16,156,235,25,85,224,189,23,125,30,26,95,187,240,26,133,251,77,96,201,208,77,133,7,
41,147,201,216,44,126,0,43,94,255,8,107,207,15,114,177,19,28,79,155,22,86,149,215,215,114,223,80,30,184,35,34,
30,220,98,59,198,43,40,124,235,26,129,205,12,56,142,183,109,114,153,19,28,90,214,116,97,219,14,19,100,198,70,87,
226,71,68,152,7,54,157,198,40,49,170,211,137,177,205,47,44,123,225,84,125,171,86,92,108,216,83,178,254,61,105,191,
232,158,163,202,68,77,139,7,165,146,12,44,106,205,14,172,212,216,117,91,153,21,144,160,247,124,74,219,254,173,191,254,
96,140,167,70,193,198,5,72,134,198,42,165,240,244,145,154,205,49,140,201,7,92,94,171,99,210,247,63,83,160,1,22,
221,8,59,155,175,185,92,215,233,75,173,182,209,77,235,216,23,145,154,228,127,245,33,97,193,193,28,121,181,231,34,138,
145,232,77,205,238,36,125,210,43,131,252,47,34,195,204,244,112,235,19,82,180,165,54,95,230,243,55,151,230,69,172,213,
60,77,199,243,73,138,237,21,84,182,191,21,145,0,28,86,175,244,74,152,54,94,157,196,229,94,135,2,66,129,186,7,
104,125,55,95,112,234,243,73,173,40,56,178,217,238,102,202,23,87,150,248,1,87,163,89,70,130,228,30,116,194,96,136,
199,238,15,136,177,44,108,171,254,64,152,233,42,137,154,20,64,150,215,58,98,161,3,12,98,222,60,151,168,34,78,164,
229,72,112,175,17,26,112,236,71,102,234,85,84,102,15,147,177,172,83,99,192,22,76,203,251,94,106,185,216,167,205,15,
97,37,191,46,90,199,15,103,44,199,52,165,137,13,120,119,115,50,182,212,216,27,127,222,56,89,235,23,139,140,165,82,
183,231,49,71,88,172,20,134,143,41,148,147,143,78,210,240,244,55,162,251,83,204,255,242,147,110,196,40,222,203,10,108,
117,6,71,229,210,17,174,124,205,37,223,217,48,122,131,20,120,243,224,90,153,138,219,51,237,255,62,160,169,34,134,1,
41,69,202,211,6,106,229,240,35,196,218,13,148,15,20,59,181,190,20,155,22,67,71,164,161,54,154,255,15,137,176,209,
15,115,41,46,85,183,216,46,117,228,75,116,190,199,29,188,55,36,158,221,230,60,160,62,43,130,228,208,26,189,56,74,
113,211,23,109,150,76,81,120,242,30,81,216,48,25,190,19,26,123,223,22,124,202,37,35,138,227,100,139,132,231,231,124,
178,45,85,207,246,255,85,185,111,116,214,253,6,151,192,42,111,145,69,65,163,11,122,171,221,2,53,140,203,91,172,232,
70,88,180,210,100,174,237,59,101,168,31,139,119,173,84,102,178,219,55,197,247,87,107,193,225,154,209,9,96,122,197,47,
169,139,203,36,108,148,16,115,155,21,119,128,155,58,146,162,208,79,59,227,58,193,237,32,139,135,160,46,170,173,1,140,
146,228,81,210,180,21,147,159,250,61,217,238,64,147,96,173,86,218,248,252,63,174,247,89,223,7,2,162,186,9,98,238,
11,80,177,116,203,38,224,242,49,147,156,21,121,244,28,56,189,198,249,93,216,215,51,120,211,28,140,11,39,111,196,144,
16,117,203,9,101,218,208,243,106,22,49,108,224,159,236,149,30,60,64,131,242,59,157,35,75,70,230,254,77,166,50,79,
148,245,184,15,106,36,89,117,250,3,54,130,21,61,124,1,10,96,137,243,56,90,14,10,108,212,67,116,166,203,254,85,
148,37,106,188,11,225,91,206,90,121,195,42,227,48,217,93,123,127,194,49,122,220,98,138,133,37,61,140,229,113,142,211,
52,247,78,169,99,139,180,254,66,93,217,60,100,222,29,14,100,224,91,90,182,251,86,159,15,142,170,242,71,19,147,248,
78,140,232,93,83,118,237,154,194,243,100,108,120,211,147,196,249,32,10,194,41,152,190,8,30,102,188,10,133,149,236,54,
63,149,52,116,158,223,22,133,206,48,182,222,217,121,145,224,57,197,226,39,136,75,162,253,183,223,8,106,91,201,21,144,
184,50,89,100,188,11,163,174,63,148,169,3,91,223,250,252,136,146,195,76,220,253,77,162,170,202,83,220,25,71,109,109,
8,117,230,211,243,187,183,11,122,245,217,86,199,201,20,137,249,39,101,129,139,216,123,224,240,47,145,213,43,84,10,15,
78,176,185,50,91,238,22,44,171,151,63,155,34,78,129,236,232,1,143,11,14,114,233,235,82,169,35,21,107,239,248,90,
121,11,85,148,227,7,93,190,17,94,167,6,11,86,210,253,28,160,11,10,37,106,75,102,163,16,25,43,205,87,120,172,
31,29,121,220,17,58,90,17,26,90,166,33,132,195,234,46,97,173,64,139,167,44,18,63,192,30,78,183,26,10,108,243,
115,145,178,55,73,160,5,79,156,220,65,66,92,247,127,132,195,72,81,132,208,134,115,169,5,72,114,218,87,165,184,32,
42,165,221,94,128,235,33,49,135,16,95,141,202,84,49,141,238,88,135,198,31,105,204,38,93,183,247,52,98,205,42,182,
209,15,71,92,213,62,175,185,27,134,144,231,26,186,227,37,127,76,217,74,162,202,44,142,116,178,81,145,176,233,133,98,
188,36,195,191,5,105,149,191,41,166,242,5,110,113,184,35,158,189,61,172,171,189,115,225,21,88,174,192,9,48,213,254,
24,159,189,12,129,239,22,31,168,208,27,130,191,250,106,191,196,254,132,255,19,107,208,222,9,136,4,53,122,209,229,64,
84,207,216,124,225,152,251,137,5,20,95,228,242,62,132,34,83,147,246,206,73,174,44,76,79,232,254,49,149,51,91,119,
193,5,32,123,240,82,101,203,216,82,138,12,54,152,206,221,53,189,12,59,116,199,215,45,136,68,121,174,204,39,112,224,
95,123,195,24,228,100,201,31,110,204,35,47,71,190,106,133,192,6,49,135,215,107,150,218,17,53,140,249,122,151,225,72,
1,87,156,124,167,148,254,49,136,211,90,165,233,65,44,165,18,142,183,197,76,86,175,11,74,169,245,52,61,182,26,114,
130,252,35,35,115,17,96,140,205,85,50,142,243,147,143,212,48,101,143,250,117,194,213,61,68,194,250,123,160,206,55,64,
141,50,186,216,211,103,113,162,43,187,220,44,129,137,181,37,195,240,37,105,149,244,89,213,204,48,147,159,237,21,199,252,
24,122,166,252,61,160,3,7,96,99,243,43,170,214,57,111,127,215,94,173,219,28,162,127,220,58,224,220,34,133,120,213,
57,171,20,96,184,125,37,124,3,47,98,205,201,226,112,236,239,83,202,204,51,138,4,246,92,221,219,52,159,213,16,128,
213,223,25,159,26,46,134,235,249,36,163,31,80,149,236,0,91,111,234,243,141,248,247,18,87,52,95,146,242,6,16,186,
68,101,153,12,10,102,201,246,93,134,11,217,47,171,73,78,176,239,27,78,157,29,52,170,222,34,61,220,28,127,155,32,
41,127,192,27,36,197,42,39,123,234,25,128,191,11,55,106,182,108,148,176,250,3,72,201,39,129,193,10,31,152,1,114,
124,222,73,83,170,221,125,166,232,66,15,156,13,101,141,239,81,55,117,20,84,115,172,72,37,127,226,134,130,199,35,88,
130,236,99,181,200,49,51,181,237,110,144,251,49,64,150,32,111,157,218,100,65,158,3,104,151,214,47,121,220,54,109,199,
7,68,111,214,60,191,221,34,130,153,182,38,196,241,38,106,150,245,90,214,205,49,148,160,238,22,200,253,25,123,167,253,
62,161,4,8,97,100,244,44,171,208,58,112,127,211,95,174,221,30,163,128,222,60,225,221,35,130,179,221,72,195,16,35,
140,142,16,72,201,243,86,140,156,238,123,202,248,55,133,149,235,48,19,46,124,223,229,55,77,7,47,88,226,200,6,165,
32,37,76,174,166,61,174,31,3,144,233,1,29,141,43,88,141,209,253,92,193,61,52,152,251,7,85,125,47,41,163,202,
14,41,200,32,107,170,12,242,40,109,67,116,169,177,28,117,205,70,121,108,20,44,123,212,96,125,194,35,222,115,215,36,
76,163,5,246,135,235,102,107,170,244,21,74,175,11,146,206,234,50,90,214,57,97,219,61,70,97,0,88,104,150,57,79,
155,187,102,170,236,83,59,178,3,145,170,178,56,84,184,24,144,194,240,57,101,175,17,151,166,254,99,113,115,43,154,191,
7,5,112,201,33,154,205,192,97,60,146,246,172,177,19,117,126,177,21,120,184,26,60,57,206,50,186,191,33,72,105,191,
70,193,174,40,62,100,157,81,191,229,47,145,86,212,84,210,255,29,160,150,255,84,152,228,54,166,171,254,108,214,229,71,
157,164,5,80,228,15,83,106,84,9,106,159,6,23,121,130,19,84,242,26,89,152,161,223,91,249,213,85,196,195,213,120,
243,40,68,201,151,5,105,7,47,51,208,141,55,143,7,56,41,221,217,62,163,27,63,53,214,223,66,131,33,14,101,199,
243,73,114,40,4,136,243,242,238,173,49,79,52,254,250,95,196,60,96,81,195,20,35,96,54,103,156,164,15,104,192,57,
108,95,7,31,110,199,83,112,181,22,209,102,156,23,63,150,27,36,122,163,89,70,192,231,8,61,162,254,136,202,32,39,
136,160,90,130,171,48,57,143,208,110,115,178,252,64,150,250,58,157,220,242,24,81,244,65,129,168,10,78,164,8,72,171,
199,17,9,160,17,130,102,213,83,95,186,253,153,174,0,83,37,159,22,159,195,255,107,99,164,36,162,207,186,93,115,191,
223,138,206,16,119,95,214,39,181,206,214,92,120,220,60,180,230,20,97,134,223,72,119,160,192,132,144,218,60,194,158,28,
104,148,175,78,142,182,13,111,155,165,38,132,235,42,118,162,248,92,180,255,27,125,110,255,99,222,203,69,167,100,251,108,
221,193,80,174,186,21,84,226,18,21,140,183,22,128,236,33,62,191,194,29,135,174,23,99,187,128,222,142,14,45,97,205,
205,229,145,8,51,119,180,208,46,86,230,48,120,224,218,61,127,25,64,132,236,170,247,120,243,254,124,235,209,39,174,41,
46,85,242,192,13,107,32,28,95,198,242,28,134,255,79,98,202,207,79,135,9,51,149,203,219,46,186,9,56,119,254,219,
50,153,2,49,103,10,32,108,140,87,123,189,36,8,113,221,28,89,186,37,52,123,236,69,140,197,44,59,61,240,110,68,
139,53,58,147,252,82,141,212,250,24,144,253,126,151,227,35,75,155,4,133,115,193,77,36,97,252,132,137,200,77,86,137,
213,139,120,174,10,77,119,221,95,170,189,37,40,170,226,100,141,240,38,53,137,21,100,144,206,89,54,146,240,151,147,217,
59,105,147,254,123,140,210,52,52,203,60,173,145,32,126,138,229,36,178,226,229,92,135,230,80,188,241,14,143,146,237,87,
140,214,52,154,153,250,83,212,251,245,87,65,246,87,140,243,28,161,111,0,41,164,228,35,168,101,15,103,223,16,235,181,
177,22,123,243,23,8,160,184,12,129,247,34,34,127,200,21,139,183,39,106,134,185,227,59,3,31,113,199,150,43,131,21,
237,116,218,157,30,85,196,3,59,155,170,245,92,208,72,139,167,220,1,104,215,34,100,242,234,76,168,236,84,138,254,184,
86,190,243,69,88,174,4,78,197,52,34,160,246,22,28,200,71,41,147,200,197,50,143,8,54,106,207,204,114,218,15,99,
113,180,24,119,209,242,130,180,37,47,130,226,15,109,187,27,53,134,237,41,76,203,36,63,70,182,51,89,146,253,251,69,
192,52,90,159,249,246,89,195,65,103,160,4,6,95,183,85,128,235,60,81,159,204,135,166,247,10,31,119,217,78,127,179,
9,41,120,218,91,123,174,29,44,133,231,92,134,190,1,101,196,30,63,201,11,97,104,201,225,155,195,236,113,63,173,17,
140,215,219,120,129,180,59,182,187,221,114,123,163,7,189,229,233,75,84,170,38,137,236,43,82,91,236,33,146,187,242,95,
98,185,11,197,237,22,155,105,215,59,182,1,5,162,171,222,101,224,229,7,156,165,205,49,231,15,19,117,126,212,80,179,
22,85,124,133,22,75,232,16,33,131,199,29,70,193,233,40,162,147,36,136,200,240,106,140,145,30,130,231,50,54,176,185,
15,150,214,57,120,183,227,57,127,220,56,119,171,180,69,169,233,17,80,178,211,17,176,43,24,87,244,186,12,127,246,30,
94,153,4,93,181,46,97,84,245,254,62,138,64,45,132,9,18,104,169,251,64,98,209,224,57,155,16,63,83,23,35,109,
207,85,49,175,17,39,66,225,33,73,136,234,11,132,173,64,80,126,253,233,126,239,71,111,209,51,25,87,246,54,85,142,
42,7,97,200,104,100,171,7,58,100,206,71,151,170,18,25,151,207,81,117,221,21,33,115,2,81,124,188,70,35,128,222,
132,128,197,41,86,128,234,98,179,198,46,53,121,228,64,202,12,98,105,202,226,156,196,16,114,123,174,53,176,157,220,86,
130,157,1,148,147,239,52,145,229,76,183,132,37,138,135,219,74,121,224,44,107,92,202,22,145,244,248,114,123,185,29,152,
251,23,97,89,204,19,233,182,54,172,180,5,68,228,6,74,94,132,189,103,221,16,86,170,122,196,105,248,31,89,153,182,
30,131,239,36,106,115,153,210,124,242,37,107,191,143,217,128,4,33,104,206,207,36,68,220,231,129,229,157,231,140,24,51,
123,208,202,56,152,22,83,57,184,164,64,159,37,84,133,162,8,235,177,47,75,136,245,178,78,193,53,82,162,249,8,93,
115,45,63,102,200,12,39,198,30,70,133,10,19,105,205,4,99,175,17,247,53,153,44,84,123,245,230,60,184,86,91,154,
220,198,126,229,84,122,196,218,34,133,174,100,140,144,45,54,140,181,72,112,151,52,241,100,171,101,119,158,24,68,95,195,
86,161,189,31,75,102,193,61,70,228,67,6,170,15,143,99,225,80,30,175,19,83,182,245,87,37,147,247,90,189,176,97,
109,113,35,159,204,183,88,110,196,5,104,144,231,73,58,168,244,111,175,17,80,89,134,62,173,210,26,46,137,210,69,193,
230,33,53,132,213,68,198,224,218,129,147,223,233,204,241,48,151,90,197,44,211,234,53,143,83,198,13,171,214,65,146,167,
245,34,221,252,77,96,181,248,109,221,3,81,143,183,17,48,213,209,4,179,176,25,113,178,25,76,197,126,32,113,253,26,
87,200,173,34,138,192,19,37,123,155,234,76,201,234,44,130,223,34,151,7,45,123,185,225,59,90,1,248,24,226,237,67,
172,225,28,141,239,234,72,161,38,91,109,236,250,71,167,51,63,141,246,2,76,182,60,105,79,206,186,70,185,50,107,165,
10,212,37,213,59,112,172,169,26,109,209,81,51,133,25,34,106,214,70,120,196,238,36,115,229,87,116,196,10,34,127,230,
85,131,205,52,228,87,158,79,134,195,54,58,147,184,46,162,204,59,65,50,254,108,163,227,66,71,79,7,128,171,218,225,
69,164,254,31,169,235,65,72,169,193,123,163,204,22,31,117,241,84,148,187,29,38,148,27,115,155,218,95,57,122,28,166,
199,251,110,108,200,43,96,137,191,109,121,195,37,171,135,5,103,90,211,55,143,183,246,123,132,183,3,150,225,253,71,80,
178,18,140,156,33,140,152,156,63,186,239,11,85,94,204,48,171,187,18,116,160,199,31,149,198,240,150,170,177,84,207,225,
67,165,139,225,69,227,11,39,113,146,11,76,175,215,34,111,175,5,83,241,25,53,151,160,25,125,213,229,60,193,167,229,
73,189,242,37,144,155,228,68,203,249,58,154,140,39,148,5,233,122,207,231,62,159,22,240,110,213,200,65,165,253,37,100,
233,242,37,113,4,79,107,181,190,3,172,48,78,82,179,189,244,186,56,84,145,254,187,87,202,62,91,171,2,17,102,124,
54,107,170,209,242,48,207,15,79,118,216,249,114,155,13,54,86,26,38,112,210,88,52,178,254,7,128,169,36,76,198,40,
14,100,200,43,142,170,47,56,66,195,33,128,215,60,62,156,253,105,147,212,11,32,153,2,115,125,223,74,84,171,222,126,
167,233,67,16,157,14,102,142,240,82,56,118,21,85,116,173,73,38,129,232,135,131,199,44,89,131,234,99,182,201,46,54,
182,238,107,154,252,50,63,150,33,112,155,221,101,66,156,2,105,152,215,26,130,213,243,188,229,41,55,127,191,35,193,174,
237,79,147,233,42,165,205,244,145,119,240,84,131,255,50,145,163,171,97,207,6,70,165,170,178,91,223,253,226,160,178,11,
29,215,233,75,114,123,209,77,200,216,82,116,113,6,106,183,247,30,152,161,247,126,249,33,61,159,168,254,133,180,37,105,
125,207,44,129,4,53,117,140,209,40,137,20,51,124,165,187,47,162,236,57,126,227,228,72,159,35,5,69,167,167,65,176,
198,77,137,165,242,18,150,36,88,143,172,210,40,111,41,94,122,220,8,94,159,2,101,105,194,197,85,141,12,51,155,209,
225,49,192,15,61,118,4,225,63,159,66,62,131,227,20,62,169,36,113,132,234,246,113,169,43,83,183,237,252,76,220,43,
90,151,230,246,67,232,112,142,137,47,14,113,243,125,114,228,70,77,154,247,133,172,220,1,65,164,229,96,171,234,41,26,
171,212,70,104,225,23,36,120,6,85,133,190,74,39,132,228,136,132,201,41,90,132,239,106,125,195,37,37,217,252,90,174,
241,49,90,195,51,166,137,28,114,120,215,215,177,214,207,117,84,185,71,144,159,21,132,106,192,71,194,199,238,139,89,166,
4,185,181,246,95,139,181,31,148,232,251,100,110,232,32,161,199,46,100,113,198,83,162,208,9,151,116,209,53,213,209,23,
123,109,202,46,160,28,79,174,192,178,112,181,242,79,190,173,30,136,241,30,21,148,128,28,123,1,48,97,104,203,235,100,
253,50,84,218,211,54,161,195,8,42,210,214,55,162,15,225,123,230,229,225,167,37,65,126,235,168,61,161,238,81,144,242,
216,22,146,245,53,151,190,2,53,153,8,27,152,9,11,86,203,59,105,167,195,205,26,202,72,100,161,14,203,96,196,41,
116,120,242,30,116,181,48,123,151,225,234,76,169,33,54,187,38,50,54,217,62,78,200,7,16,102,237,69,85,207,246,23,
93,184,64,92,150,4,245,143,254,42,145,208,28,72,99,223,125,165,193,35,79,130,206,73,125,167,64,73,137,16,80,144,
242,84,58,144,23,111,127,190,25,44,121,228,93,126,185,41,54,135,235,84,193,9,97,38,206,37,175,216,20,114,45,194,
38,139,214,218,84,128,214,23,146,221,249,67,76,145,58,190,220,224,65,75,130,66,198,241,222,127,114,235,20,143,183,14,
112,97,242,22,133,236,56,119,163,214,58,181,221,4,102,170,197,41,188,7,35,133,101,4,109,154,11,81,164,181,20,121,
169,13,34,145,184,29,80,240,25,91,181,204,21,130,183,224,31,120,197,38,37,255,36,29,194,162,7,149,222,237,99,210,
184,14,149,16,21,60,217,167,244,82,12,8,73,178,222,8,114,231,59,78,183,193,59,115,244,26,129,183,196,25,166,245,
35,92,234,199,36,136,40,36,106,206,192,29,129,243,111,162,1,19,5,194,8,69,162,17,0,113,219,68,113,104,231,211,
111,206,84,131,180,187,29,62,183,80,133,167,45,38,137,244,22,91,125,37,41,138,245,98,47,205,44,239,136,183,82,141,
216,50,246,105,205,43,146,222,29,38,159,3,91,107,229,12,12,92,250,73,116,181,62,27,119,221,124,120,190,34,78,120,
226,88,171,190,39,45,171,227,102,137,183,32,32,202,34,154,203,166,97,53,160,7,174,197,16,106,46,161,232,134,177,28,
109,130,208,253,184,215,40,59,76,234,6,125,153,229,66,75,172,7,139,179,242,74,85,176,13,139,167,246,160,97,176,245,
203,252,49,57,164,253,85,206,1,244,149,158,198,101,165,205,71,110,178,229,73,196,236,31,108,179,24,117,229,30,82,186,
194,210,55,169,29,95,181,188,29,53,239,23,40,162,206,1,77,3,240,47,145,154,43,84,231,247,66,157,164,230,144,20,
63,44,205,192,254,103,250,34,132,171,180,34,134,233,17,104,178,211,41,129,240,19,93,168,245,86,107,37,77,94,216,4,
55,131,57,38,101,199,208,97,138,29,45,120,197,5,91,145,36,111,139,213,25,52,152,19,59,181,220,253,59,152,26,68,
123,227,243,58,154,35,72,140,234,226,125,234,91,63,208,37,61,148,245,108,70,196,38,1,111,246,78,94,216,255,8,94,
194,120,101,188,6,254,153,6,119,100,162,5,239,159,14,58,174,240,70,77,174,198,128,168,185,86,36,122,25,148,129,192,
34,43,153,229,96,148,190,32,57,139,238,105,144,199,53,61,147,248,114,142,201,56,66,153,242,100,216,26,112,119,216,240,
170,210,251,128,78,223,67,155,230,234,76,144,230,74,150,252,61,66,145,240,87,128,231,51,114,123,244,88,211,251,23,156,
165,192,95,218,2,6,104,125,199,38,172,189,64,173,103,252,96,197,16,20,177,186,237,116,180,220,86,184,193,6,110,246,
251,58,191,200,30,130,218,37,100,139,207,37,137,201,241,92,158,146,31,144,232,16,114,212,221,51,116,18,58,62,219,228,
63,104,227,4,120,231,205,35,170,37,77,140,203,247,77,118,44,84,147,186,195,17,113,249,34,98,176,254,93,183,238,91,
163,251,170,91,200,57,7,160,13,199,105,208,63,101,175,197,13,99,153,44,60,182,245,230,84,219,51,79,197,34,47,134,
232,90,135,191,226,246,71,179,46,85,147,243,252,73,164,107,150,201,41,61,71,234,101,119,158,24,68,95,219,121,126,224,
31,75,102,202,69,109,184,255,8,92,6,138,181,162,67,76,140,19,142,182,245,28,96,123,26,149,189,193,59,44,154,254,
109,137,195,28,97,183,237,128,144,10,73,58,168,47,135,134,9,118,48,197,41,142,158,245,122,72,182,61,149,224,252,129,
79,165,9,132,184,25,123,110,172,40,198,179,10,143,117,238,47,205,186,249,91,100,183,27,199,239,0,122,107,252,61,160,
224,66,129,123,10,112,216,198,60,158,145,10,110,233,17,21,178,128,17,117,240,221,52,126,159,245,60,234,18,59,192,201,
31,131,195,38,42,199,208,38,79,226,242,73,171,148,225,138,14,44,39,206,224,44,54,11,62,46,220,237,55,153,31,251,
121,219,182,12,136,235,19,82,239,248,78,119,45,38,93,195,202,25,109,52,95,146,242,6,16,179,46,64,103,201,234,99,
164,31,71,134,208,241,71,171,26,58,124,215,224,37,210,74,44,115,213,21,107,161,28,92,131,229,238,127,227,94,75,197,
229,35,121,175,42,106,145,243,252,141,241,108,89,211,244,49,135,213,56,96,183,60,34,120,220,87,103,190,32,41,96,249,
116,134,173,15,48,169,234,101,141,204,22,55,141,241,76,137,199,28,30,107,35,146,183,255,19,96,193,214,157,200,251,91,
111,121,28,164,145,232,50,59,204,245,171,211,239,57,125,176,8,110,150,225,67,72,164,7,119,167,237,71,85,169,2,121,
173,238,85,79,156,76,202,230,35,144,77,226,83,147,246,53,92,101,246,90,178,253,60,123,167,206,112,237,184,61,168,180,
184,91,214,11,74,137,122,11,111,234,215,22,179,129,18,118,206,234,29,122,144,205,117,251,212,82,193,143,32,132,196,236,
102,200,174,39,139,227,46,92,194,203,46,146,234,250,116,214,223,250,94,20,1,123,226,200,50,118,220,59,122,233,242,37,
113,39,79,142,181,190,79,120,46,86,114,181,243,73,186,53,58,97,254,7,93,134,1,100,104,5,14,65,133,252,48,113,
216,201,100,209,66,38,170,21,20,38,207,81,128,177,206,46,117,218,88,121,115,41,48,137,221,19,127,201,220,42,137,227,
26,135,207,39,236,135,244,101,51,205,56,55,51,249,119,147,208,61,250,143,243,88,104,226,68,18,104,228,95,111,174,75,
25,94,223,61,169,190,44,88,179,13,106,181,253,96,106,143,24,148,191,246,75,101,188,26,154,163,12,60,44,185,42,130,
170,12,110,84,146,49,113,144,201,101,66,156,3,163,159,229,68,117,159,11,126,210,229,77,82,210,10,139,180,24,78,91,
180,61,140,187,250,129,94,186,24,191,187,1,95,145,187,38,162,238,1,106,110,238,38,167,209,52,106,122,210,89,168,215,
24,157,122,214,56,219,215,29,127,115,208,55,166,34,95,196,189,215,28,246,27,20,181,190,254,74,0,40,44,142,175,5,
81,204,47,51,132,225,43,140,16,234,121,206,213,54,154,209,55,138,229,227,74,163,36,75,68,167,167,81,181,246,40,136,
248,2,86,183,60,19,83,172,250,89,179,243,18,150,1,0,252,187,63,93,66,255,17,93,103,61,110,163,171,22,111,199,
64,115,102,14,38,117,206,90,119,188,29,216,109,209,89,94,133,34,240,129,194,96,77,164,6,15,77,168,90,130,147,245,
22,84,243,51,91,178,20,5,91,191,117,93,144,49,36,122,1,65,105,192,34,78,105,205,96,171,175,17,85,171,207,62,
165,182,24,92,143,219,110,150,189,55,99,118,187,152,195,246,86,106,116,23,159,199,227,104,113,199,43,131,206,234,111,120,
130,3,97,200,241,59,92,213,254,121,185,27,90,99,220,5,119,160,192,129,135,151,73,197,242,221,126,148,234,43,201,241,
48,146,120,241,50,208,248,235,156,168,172,94,218,7,242,147,156,196,40,187,203,69,108,117,227,71,170,210,17,174,107,21,
109,229,22,7,187,183,28,129,249,29,14,182,186,27,134,243,214,90,197,196,192,134,4,32,93,202,135,28,106,229,13,111,
150,218,48,113,212,20,59,181,149,8,79,18,73,134,166,209,70,174,31,82,134,238,246,232,174,44,72,133,242,175,68,146,
13,53,92,214,199,88,188,20,36,82,209,189,27,182,49,43,106,228,213,102,143,10,74,137,211,220,50,209,0,53,103,8,
251,81,181,83,64,186,28,2,64,188,31,95,126,229,13,119,225,99,134,208,51,43,130,139,101,138,131,36,23,109,209,52,
116,155,56,65,116,192,42,110,145,4,10,98,182,133,161,221,72,237,161,15,136,110,194,39,92,161,17,132,103,195,8,52,
141,29,135,187,242,29,102,179,41,85,201,245,104,102,186,45,98,180,199,29,115,189,52,163,145,15,101,133,139,59,163,220,
16,112,136,152,39,117,145,231,66,73,161,254,124,152,43,122,148,223,65,203,173,24,73,51,231,85,206,180,6,154,163,235,
87,199,249,69,122,160,251,86,205,6,41,154,170,3,91,220,15,83,92,130,187,85,223,5,85,178,190,213,52,251,14,90,
185,93,17,127,248,222,48,196,205,21,129,241,35,111,153,207,30,144,2,31,111,181,205,42,145,0,46,120,223,143,2,73,
250,49,110,225,229,62,99,222,82,124,235,241,226,174,28,83,147,242,247,255,183,48,91,138,145,245,84,174,207,76,117,215,
3,30,130,21,61,159,198,207,61,196,4,44,166,8,197,56,127,71,99,181,11,218,101,210,66,118,184,210,39,120,219,93,
125,177,22,44,56,211,56,96,194,233,242,96,196,98,79,142,8,52,79,179,105,145,141,230,62,151,169,120,155,217,66,67,
142,245,125,91,209,64,73,100,3,91,107,194,36,45,166,207,133,173,177,19,20,97,20,146,104,175,17,39,114,221,92,127,
183,27,41,120,223,78,134,13,42,50,130,218,93,150,205,41,61,146,250,101,141,173,113,125,199,41,175,139,9,107,129,215,
0,182,187,29,127,136,163,31,189,194,1,134,143,153,26,120,239,50,79,141,236,83,194,242,238,81,59,243,90,201,239,57,
79,151,237,59,182,198,64,162,171,222,101,165,188,24,93,165,229,73,196,212,43,117,185,15,80,179,180,96,179,189,22,115,
169,31,95,198,123,249,106,210,230,91,190,195,28,60,251,46,8,204,216,34,132,10,230,100,198,185,15,91,17,22,85,218,
168,57,86,238,249,106,239,241,44,162,42,86,136,228,239,14,140,36,72,152,252,243,76,172,58,40,132,240,1,98,122,246,
255,160,5,2,86,197,244,91,154,230,215,69,169,12,52,115,213,25,52,211,2,71,105,19,38,122,156,57,128,195,27,47,
122,228,94,34,195,40,37,121,232,23,126,189,9,18,139,204,71,111,150,51,60,146,170,66,77,203,45,8,94,218,61,160,
164,6,39,125,201,68,108,230,252,18,91,254,121,139,178,44,53,115,215,82,122,244,27,95,83,25,151,179,240,93,26,175,
19,155,136,223,65,50,195,39,127,167,206,107,116,143,11,134,150,196,67,47,217,56,152,205,29,116,123,224,254,152,212,25,
130,134,231,76,182,223,195,132,138,154,61,184,237,241,107,116,178,81,204,209,16,90,158,244,29,176,216,255,80,117,175,36,
156,198,245,171,168,251,104,149,255,78,163,168,8,33,225,18,71,79,186,19,107,228,23,10,171,134,244,88,246,251,58,156,
141,30,71,253,37,41,122,160,217,124,225,9,107,146,155,9,109,11,248,55,177,221,248,92,18,58,23,216,222,243,150,227,
11,133,196,181,35,135,234,42,140,162,255,73,170,46,242,147,248,245,73,184,231,78,141,252,202,91,156,58,39,161,224,209,
98,163,65,70,168,207,19,29,158,252,52,187,214,206,49,136,80,108,190,20,227,110,219,75,127,193,219,27,113,226,34,98,
161,235,47,133,198,65,81,203,45,251,105,205,48,71,149,232,48,134,212,79,95,217,59,68,119,254,62,97,148,6,87,101,
197,52,108,243,14,15,70,255,76,140,203,80,54,140,240,83,182,186,87,96,123,206,102,113,253,83,111,185,227,157,185,15,
33,97,161,5,163,144,207,73,82,203,244,111,175,17,56,65,210,54,101,151,204,54,71,229,2,108,161,211,116,125,224,9,
191,196,38,77,145,196,16,198,203,45,108,152,179,82,129,179,232,90,97,193,22,148,176,255,169,108,195,29,121,252,68,156,
75,3,106,217,255,73,95,167,207,75,174,17,45,178,152,214,58,205,245,33,131,118,233,48,248,20,102,188,139,32,128,0,
226,88,140,173,3,138,226,10,73,147,215,242,145,12,249,39,147,146,39,139,240,24,63,220,199,29,164,228,71,70,156,228,
58,171,235,43,106,180,248,78,143,10,26,148,246,196,50,150,249,25,57,253,9,83,181,59,23,149,201,234,99,140,7,106,
110,232,217,106,147,38,54,176,18,224,59,137,33,44,191,28,10,109,226,82,120,198,226,18,129,224,102,36,197,42,39,123,
234,25,128,145,46,20,82,206,108,113,211,53,242,101,172,102,142,183,1,34,120,196,63,103,166,67,17,162,186,64,93,219,
15,48,169,210,77,176,180,46,31,176,217,108,124,246,88,38,129,207,84,114,240,36,69,131,34,122,197,225,43,52,162,6,
110,150,169,105,124,208,242,130,173,24,105,126,204,235,131,142,240,85,138,207,63,178,163,32,133,142,224,26,200,164,26,78,
146,197,17,164,239,11,144,153,175,7,193,187,53,116,101,211,90,178,253,60,82,102,177,84,161,225,67,106,115,4,45,192,
208,74,113,146,208,111,234,215,27,112,90,14,124,245,219,45,193,202,18,126,238,32,108,161,199,34,125,244,45,80,193,209,
42,130,3,54,122,131,169,226,124,6,44,124,217,229,252,91,34,53,129,229,137,61,171,36,10,92,240,249,65,173,29,79,
155,197,251,74,188,46,75,155,225,249,86,189,44,90,164,11,187,46,117,38,93,154,13,17,106,143,5,121,163,18,24,9,
204,68,38,180,26,222,105,214,84,112,183,214,224,45,158,12,115,178,33,42,69,228,60,135,198,40,246,100,235,67,107,205,
47,236,96,166,41,136,199,19,28,90,249,116,156,184,61,11,80,195,47,103,238,11,19,87,198,54,110,245,20,17,94,22,
133,170,242,6,81,183,14,133,183,171,82,100,176,186,144,193,246,254,97,194,215,158,201,252,92,112,122,29,130,205,233,51,
119,146,14,137,212,240,82,67,153,56,132,151,214,66,77,161,8,135,160,235,75,80,173,11,126,162,243,80,95,166,1,200,
243,38,134,154,164,71,194,247,54,93,161,247,91,155,219,26,124,168,254,98,186,5,33,119,190,22,29,222,15,81,97,169,
255,53,235,240,23,145,189,19,60,207,26,54,152,137,235,67,185,238,20,186,206,213,120,243,40,103,142,210,40,140,204,12,
75,173,217,47,147,235,54,82,198,211,41,95,21,26,70,192,236,66,107,254,73,101,199,184,58,126,228,67,130,182,250,45,
121,12,87,150,189,222,87,152,19,35,91,242,251,35,194,26,42,129,6,15,42,166,68,73,136,210,211,37,155,17,63,102,
13,31,107,139,75,124,177,185,32,128,226,27,88,154,40,32,130,222,20,89,123,0,12,142,225,104,136,144,50,50,154,175,
118,139,219,50,57,158,188,97,93,144,63,60,165,253,62,165,216,81,10,172,253,137,166,227,84,23,152,207,62,125,181,21,
32,111,214,69,193,237,96,94,178,37,90,174,188,255,102,198,40,97,156,13,111,106,200,33,166,219,237,108,122,199,39,179,
191,13,118,130,204,54,188,233,207,78,58,198,57,178,235,37,138,84,165,85,187,240,44,41,144,240,82,139,198,55,153,148,
242,75,208,5,12,155,157,1,92,204,5,40,153,169,2,90,219,14,82,91,129,186,84,222,4,84,177,189,212,51,250,13,
89,184,92,26,113,251,36,96,190,121,35,133,3,27,255,188,206,26,36,249,44,28,202,214,32,130,8,228,98,174,183,48,
148,236,55,59,157,190,252,96,219,32,95,181,252,84,91,28,77,143,159,231,74,139,41,81,109,183,251,81,181,13,41,92,
185,203,12,180,58,19,145,221,230,95,195,27,102,106,204,237,43,143,10,74,137,253,10,109,174,76,116,144,218,30,116,216,
48,108,139,35,45,129,220,92,125,131,26,40,119,236,29,69,187,42,16,137,237,69,85,207,49,58,109,178,52,98,147,241,
6,100,200,53,107,154,243,65,160,250,49,158,230,62,237,165,12,123,161,235,1,80,181,18,130,187,239,87,95,103,10,111,
127,214,91,41,127,251,153,134,197,39,72,158,37,160,132,250,92,55,141,9,108,207,211,53,86,172,248,115,155,21,55,52,
201,23,146,221,225,67,100,186,65,129,169,0,133,83,169,72,195,171,222,127,90,176,79,167,183,14,112,97,207,86,142,151,
56,157,154,238,93,140,243,63,161,135,0,100,223,7,35,168,142,7,107,154,223,1,162,149,211,79,237,218,25,147,191,242,
86,244,225,23,122,100,25,122,175,37,101,204,129,22,135,2,7,105,203,212,42,107,9,14,112,210,143,52,155,196,58,122,
225,150,43,143,225,9,96,170,238,9,109,0,40,79,177,186,75,99,50,78,138,245,176,88,175,57,98,158,252,183,83,178,
56,103,152,181,3,98,188,221,103,169,255,6,103,127,57,75,138,236,24,51,210,77,82,121,243,228,82,141,37,48,183,35,
42,62,196,94,138,191,44,42,134,233,0,138,204,34,41,138,162,92,110,173,15,0,110,186,112,152,180,254,246,105,176,51,
146,209,5,14,124,200,126,107,170,36,45,107,207,74,173,160,15,11,160,238,105,145,243,26,94,180,245,88,152,191,57,34,
125,0,143,189,3,96,116,203,30,154,103,5,100,39,188,10,133,173,212,78,63,208,52,140,156,202,72,53,156,253,122,146,
37,123,129,224,224,185,235,40,72,102,191,79,185,237,36,65,103,160,39,165,249,39,149,150,181,89,203,5,245,163,153,0,
89,210,9,2,142,107,181,102,213,16,67,107,179,253,120,163,23,67,182,180,8,123,176,3,21,107,139,218,60,185,218,28,
114,207,18,135,247,29,107,135,188,225,38,255,49,110,142,170,50,150,3,51,103,211,233,18,147,19,50,109,224,205,50,162,
32,60,129,238,252,249,122,216,54,132,228,254,79,182,242,21,160,237,3,86,85,46,96,157,189,217,97,197,50,98,150,2,
24,54,199,59,113,167,254,24,82,197,71,114,165,13,33,124,135,31,42,159,16,23,126,221,91,68,126,44,32,131,228,250,
138,188,45,55,138,234,23,147,208,53,46,41,232,108,138,111,43,63,70,246,116,144,205,58,247,140,194,120,101,223,30,39,
125,225,127,167,171,72,22,120,26,151,98,231,82,94,98,5,128,181,209,51,60,122,25,89,153,192,58,67,129,32,120,136,
211,41,45,140,219,154,205,189,94,57,202,243,169,174,237,79,88,209,53,117,216,220,104,117,203,60,148,188,251,69,137,164,
32,131,195,2,76,144,195,15,182,190,51,150,157,234,83,199,182,42,145,147,250,20,143,238,45,156,130,216,60,159,2,6,
128,113,223,67,166,9,37,111,113,208,49,165,201,20,122,126,207,58,181,212,10,177,195,15,47,239,32,85,93,192,33,54,
253,40,91,187,207,217,124,247,44,107,146,214,241,144,232,16,114,212,221,248,116,239,255,74,151,160,9,105,231,12,73,165,
188,13,119,239,25,73,167,190,22,119,233,8,147,248,245,73,184,231,78,95,193,226,56,132,255,63,161,3,12,63,151,80,
122,92,4,22,111,129,59,99,175,214,26,112,153,79,119,147,24,254,60,219,51,126,189,228,249,67,162,41,57,188,41,227,
120,174,41,105,168,242,251,105,240,107,147,175,35,48,134,247,55,154,217,0,68,154,219,121,126,165,66,40,161,5,69,153,
184,5,69,155,12,76,175,238,21,89,175,240,142,147,186,87,61,182,26,90,123,239,81,103,130,33,156,137,3,101,75,196,
5,104,203,231,108,117,144,236,99,153,218,57,48,203,56,169,141,17,124,123,119,48,149,189,31,70,79,189,33,191,172,235,
101,145,172,16,198,238,225,96,76,239,71,213,241,246,141,159,234,90,216,184,67,160,168,5,97,209,252,72,96,160,224,68,
226,207,14,136,145,10,51,174,238,80,119,128,17,117,173,204,90,191,118,32,127,249,40,95,182,194,37,63,241,38,101,140,
208,3,79,226,10,73,206,156,45,145,209,249,48,137,225,58,76,207,3,67,169,169,6,113,228,4,70,156,173,17,106,238,
22,74,175,172,10,119,249,20,95,189,197,18,118,210,92,158,244,251,92,116,46,86,103,201,234,99,140,7,106,169,11,20,
106,171,253,66,100,19,16,121,209,18,121,172,37,222,107,185,52,92,131,253,238,127,227,59,75,121,234,228,121,199,66,141,
145,243,20,106,241,49,89,176,53,3,89,248,115,91,142,0,7,95,197,55,64,222,61,0,149,203,70,169,197,15,48,134,
210,101,176,163,89,86,169,22,45,170,233,29,38,148,27,91,131,253,95,104,190,34,122,121,213,26,98,184,238,105,169,11,
50,59,204,48,171,211,18,81,49,145,235,119,156,223,68,34,211,64,177,127,24,133,63,225,72,183,221,39,61,133,219,76,
199,239,11,85,94,239,24,147,211,18,151,160,187,43,221,0,67,166,173,250,99,215,192,10,103,121,206,46,168,215,22,105,
105,11,114,225,7,81,103,175,5,59,241,246,53,151,160,246,125,248,241,21,119,126,26,135,5,219,89,187,209,39,80,227,
243,50,172,157,243,146,210,250,81,214,176,250,89,203,47,110,226,235,65,130,229,13,135,174,183,37,137,39,79,83,164,241,
82,103,33,73,90,247,221,51,151,18,58,156,254,216,80,180,1,100,128,226,235,65,165,67,107,108,206,8,94,207,74,114,
142,216,225,114,155,22,86,149,26,35,62,171,95,137,181,221,29,115,228,95,76,163,237,246,100,176,43,142,146,244,21,142,
178,96,136,212,54,4,114,190,57,121,160,2,70,97,197,88,163,159,248,70,165,255,54,163,235,67,242,162,17,61,177,243,
73,80,177,201,131,171,247,54,63,125,249,92,156,195,37,70,191,244,173,215,185,97,115,204,222,152,192,209,51,84,170,246,
172,212,19,82,126,157,252,132,160,218,68,57,211,66,110,213,20,131,105,191,11,158,174,5,79,88,198,77,183,227,34,86,
95,205,49,148,247,54,152,126,247,36,154,239,14,166,176,4,95,223,0,6,157,171,250,111,160,200,62,160,123,209,77,200,
216,82,180,189,240,119,187,222,23,129,137,215,55,190,238,43,129,145,234,66,180,33,105,193,134,33,142,255,205,110,211,208,
36,147,194,41,104,215,224,251,154,242,61,129,227,177,31,166,254,38,136,234,167,26,97,43,87,81,232,250,83,171,46,19,
83,150,1,90,178,43,94,81,242,251,35,194,26,101,105,227,236,101,142,33,32,124,193,9,95,149,16,80,119,20,226,56,
180,47,63,126,224,36,46,159,13,116,157,255,8,129,170,96,136,164,238,15,77,201,5,143,209,39,46,143,167,97,91,178,
55,5,91,250,58,122,161,62,12,122,198,124,164,168,15,2,117,188,123,164,234,84,74,109,240,127,173,243,80,100,187,14,
138,109,202,14,39,123,225,92,133,179,86,108,184,216,151,192,6,112,102,137,20,168,203,21,35,123,212,230,151,206,11,126,
130,219,0,118,222,20,136,66,160,76,128,163,214,72,153,167,7,118,174,53,79,81,136,89,197,238,48,139,79,244,92,146,
239,55,156,153,247,24,148,179,255,84,156,242,99,222,203,69,132,176,6,106,170,234,76,139,148,13,113,160,228,7,168,177,
217,61,208,27,31,129,197,27,127,250,34,62,119,193,36,126,181,43,107,210,135,5,118,222,242,103,202,207,40,72,7,58,
20,216,228,46,144,22,247,117,215,202,32,108,34,39,102,235,185,74,98,250,5,118,251,253,56,174,54,98,148,240,251,26,
152,48,84,164,8,255,88,184,70,52,144,252,13,110,134,2,11,172,17,14,98,209,0,103,166,218,251,116,216,83,123,151,
249,2,88,188,55,71,134,35,44,54,183,21,138,189,50,47,75,228,104,133,208,53,246,76,247,118,89,205,56,68,142,250,
50,91,145,0,252,145,245,125,165,169,70,44,165,9,132,113,200,77,51,137,16,139,112,166,23,17,166,10,87,127,214,91,
41,127,30,153,193,0,98,72,129,217,100,212,203,41,38,140,56,108,140,172,112,124,198,40,174,138,8,119,93,179,23,122,
186,28,126,135,162,6,129,169,232,57,95,152,59,182,176,7,140,149,235,79,167,207,14,112,121,207,27,150,249,56,56,160,
243,17,203,197,4,161,135,197,65,188,204,35,168,101,15,103,223,16,235,162,184,235,79,202,218,49,182,191,21,62,185,225,
32,130,122,237,52,252,24,106,192,143,42,132,4,230,92,190,153,7,142,9,49,112,175,184,14,114,237,21,60,158,226,56,
80,218,248,63,230,227,76,164,229,79,135,160,184,255,115,54,24,78,176,154,75,184,41,247,152,253,250,78,189,236,83,146,
198,231,37,137,4,103,107,205,238,27,156,250,117,181,4,30,118,160,45,110,186,26,219,104,204,25,65,152,226,38,65,165,
56,96,135,233,242,131,167,22,125,201,8,17,103,179,70,145,208,50,0,86,186,53,93,148,215,62,158,0,57,118,184,70,
62,160,252,50,119,153,30,42,172,255,134,166,174,78,90,176,16,97,188,175,72,81,121,245,88,128,191,92,42,128,252,90,
118,244,86,49,159,235,102,142,8,47,56,166,225,103,132,2,54,87,208,249,116,215,219,85,70,215,0,147,163,29,127,77,
168,255,91,229,39,125,132,229,253,183,223,43,82,150,201,45,203,184,15,89,98,167,40,134,237,22,120,164,191,35,182,222,
64,103,112,222,101,165,205,71,169,80,5,102,155,2,19,117,185,236,56,203,243,26,148,192,202,130,241,22,94,92,186,16,
129,193,36,64,162,206,233,101,200,240,30,157,137,44,132,18,46,51,212,209,62,82,4,22,85,218,168,254,127,250,69,73,
171,204,69,110,233,76,139,161,180,0,108,239,95,87,168,190,7,170,37,31,118,251,4,90,190,22,62,125,223,232,62,138,
5,104,167,189,208,28,144,9,59,107,208,205,43,143,20,52,122,226,221,53,159,18,58,90,23,41,117,127,88,138,199,231,
3,139,239,92,140,192,44,66,107,236,108,139,198,57,38,139,246,116,144,213,66,80,77,206,44,138,216,56,82,163,10,70,
105,232,65,92,99,3,131,180,175,59,12,108,198,128,168,244,27,95,146,246,148,129,216,34,43,124,212,156,184,10,96,47,
186,39,151,203,13,39,108,199,52,107,190,196,48,47,196,40,176,157,23,86,95,216,1,148,164,227,64,61,160,255,122,173,
227,80,77,165,14,130,173,224,74,83,183,15,146,189,240,84,98,177,21,147,175,50,153,171,189,77,142,192,245,150,159,2,
43,225,230,37,170,120,230,50,173,205,237,173,192,20,54,196,30,93,177,194,13,123,3,243,95,186,209,30,119,3,15,93,
198,210,28,134,12,57,31,158,138,22,137,2,59,117,218,164,245,165,11,64,124,121,221,65,155,188,66,139,235,178,29,132,
43,66,141,231,171,30,101,3,46,153,234,255,77,122,53,84,165,184,13,80,197,53,91,169,197,248,34,122,66,94,176,6,
213,106,194,84,44,183,6,32,107,205,87,57,163,216,213,66,159,24,66,122,223,220,134,215,99,128,189,46,241,115,166,2,
136,209,49,248,97,247,114,140,211,42,61,160,215,111,156,210,48,74,132,247,121,164,215,63,83,174,185,81,92,209,66,73,
176,15,141,118,176,94,82,181,22,44,178,251,91,34,139,33,156,182,253,84,103,202,246,158,191,12,101,99,202,18,156,203,
13,99,114,211,60,94,163,197,93,117,201,62,180,223,223,60,145,210,67,187,126,37,122,146,233,74,193,155,46,142,154,224,
233,191,240,37,45,144,241,6,205,248,43,139,159,169,76,212,193,59,157,107,217,37,219,200,7,129,173,200,68,191,219,88,
188,104,4,113,239,197,67,178,152,214,117,181,24,87,150,159,245,65,212,228,94,192,154,228,67,197,218,93,202,132,25,138,
202,45,108,147,180,242,145,209,249,80,213,163,17,117,2,46,122,185,175,64,105,31,71,99,197,206,12,136,235,78,141,224,
201,85,186,51,82,150,241,193,76,181,41,98,87,185,249,92,157,0,99,103,4,13,64,164,31,47,134,208,20,106,140,14,
53,109,203,224,53,157,15,63,125,214,214,113,222,79,51,183,34,33,29,219,97,58,197,42,39,123,234,25,128,191,46,20,
141,241,49,148,176,250,27,89,248,80,120,171,75,86,79,249,125,168,149,54,63,162,203,129,169,232,39,48,134,234,77,176,
180,22,31,129,217,79,125,170,80,100,107,14,137,190,218,95,104,131,34,122,138,225,43,111,162,6,147,191,254,109,59,204,
48,171,176,239,81,90,152,55,119,159,222,108,85,225,70,191,222,34,125,77,216,65,181,238,227,69,133,219,76,140,239,46,
144,118,204,48,171,187,53,92,101,187,24,155,197,249,87,108,194,38,155,202,15,98,98,253,106,219,191,67,174,173,169,111,
237,9,70,179,112,5,105,241,246,29,151,160,246,125,213,229,95,158,143,212,85,179,227,45,147,152,230,81,202,249,42,109,
216,49,137,2,53,40,201,223,53,153,20,25,64,167,176,30,106,32,72,100,198,242,37,96,248,3,74,172,194,13,123,251,
19,84,187,189,244,186,56,84,145,254,187,87,202,62,91,171,2,17,102,124,54,72,111,12,21,48,148,15,55,177,240,249,
114,146,68,121,184,247,232,62,186,53,69,156,230,239,93,228,60,100,134,220,36,100,200,102,83,146,12,21,142,183,50,114,
212,251,4,149,249,52,80,206,48,11,121,221,123,128,191,9,42,128,204,130,118,176,8,242,170,17,128,166,240,6,78,177,
21,109,184,247,89,98,149,28,116,191,254,20,58,115,22,123,139,226,103,53,139,7,165,170,233,110,60,137,238,74,209,13,
41,128,215,64,103,206,26,124,98,219,63,186,226,254,131,105,226,70,117,236,46,62,149,236,85,124,227,47,145,119,181,25,
172,212,251,117,102,188,56,214,219,26,83,176,250,91,223,185,74,159,183,14,111,230,192,69,162,182,19,105,159,12,84,172,
91,16,113,166,13,76,187,196,26,91,249,33,37,135,168,33,74,197,5,27,209,206,33,142,187,51,101,197,217,47,79,1,
54,117,156,189,251,154,218,26,70,168,201,66,107,222,253,129,236,235,231,173,43,71,132,241,174,67,121,47,87,115,248,198,
87,187,54,18,110,179,4,100,198,255,73,167,13,12,109,198,71,110,73,13,25,99,197,75,39,165,20,250,56,215,23,63,
185,27,36,46,175,13,130,181,42,39,67,230,85,148,131,48,58,125,242,111,115,209,55,251,124,179,34,158,202,61,59,143,
2,89,160,227,0,52,93,181,71,104,165,13,11,66,8,134,162,223,76,9,158,236,138,178,241,83,33,178,219,145,126,248,
55,99,126,226,76,145,179,29,114,181,42,154,192,14,76,116,206,237,146,130,221,35,52,148,250,117,148,219,59,73,146,246,
82,217,21,49,121,185,64,187,227,34,73,141,168,71,135,234,6,139,89,175,2,190,243,40,70,162,249,74,214,0,27,156,
169,186,72,139,209,242,147,156,255,64,163,227,34,132,176,227,47,229,234,17,98,191,9,106,238,178,83,184,181,9,120,167,
14,77,153,162,224,68,191,34,38,195,204,231,134,198,238,69,126,164,221,119,1,39,119,212,224,247,86,17,48,129,148,232,
63,144,28,75,102,231,244,5,147,226,254,124,235,209,15,174,238,22,144,242,251,17,105,35,75,116,190,2,29,153,55,95,
158,221,198,253,182,49,102,130,204,16,43,202,34,109,113,235,244,74,150,8,103,166,242,251,57,157,24,123,127,28,37,64,
223,31,71,158,227,224,117,195,62,137,141,239,16,102,237,45,85,172,49,255,85,244,111,87,138,50,54,151,2,111,91,123,
63,75,149,247,125,89,215,57,79,165,230,73,172,235,42,86,113,213,139,120,183,8,46,103,1,139,177,1,94,106,129,224,
155,186,11,30,94,180,37,125,141,228,70,79,200,9,108,207,235,53,57,131,38,174,179,218,119,69,155,58,181,221,220,50,
122,208,30,129,228,232,98,142,228,72,160,168,200,127,136,235,44,143,242,246,147,121,242,27,174,214,21,95,95,236,80,216,
0,28,102,170,0,65,223,204,11,168,118,204,43,154,1,42,140,184,211,55,202,242,84,123,132,242,121,185,225,91,189,134,
208,122,240,35,105,189,138,193,135,5,33,94,203,136,29,129,230,246,53,175,219,49,90,213,56,60,158,226,253,80,237,248,
109,222,229,76,171,41,18,76,238,238,86,107,50,71,151,238,245,90,154,52,96,90,230,195,13,176,56,61,100,1,207,37,
196,63,103,102,188,4,90,168,11,110,114,236,24,110,210,42,50,82,9,18,117,182,25,124,128,29,3,124,165,56,96,159,
233,233,118,218,63,79,142,8,52,138,179,46,145,149,247,59,86,181,36,139,215,57,66,152,217,60,100,163,29,14,159,3,
91,131,229,36,16,90,4,122,173,243,71,20,75,17,143,171,232,85,18,167,24,88,187,250,92,42,152,31,154,194,222,64,
49,194,3,126,125,217,30,102,201,45,133,149,212,78,87,149,17,116,156,243,120,94,180,239,117,146,7,120,127,230,69,195,
172,230,136,136,240,5,136,248,239,77,74,177,18,145,179,230,88,169,183,20,112,237,44,155,129,191,94,158,1,29,162,112,
222,66,189,205,3,156,178,205,108,231,15,19,141,185,15,115,203,243,26,183,157,243,58,169,16,92,190,199,29,94,193,233,
40,162,147,36,136,224,8,106,169,149,223,130,253,247,78,176,220,15,115,214,22,85,159,227,5,105,209,22,85,154,247,75,
178,29,9,41,243,239,84,185,49,85,70,252,3,92,176,208,83,153,2,253,248,190,60,88,149,2,191,84,184,29,69,108,
206,215,104,145,71,111,115,16,222,52,176,2,71,105,1,25,109,226,88,131,131,224,41,118,236,24,139,203,26,52,140,204,
102,146,140,24,245,63,226,106,111,150,51,1,87,246,113,153,152,238,54,140,218,61,160,164,30,74,160,4,92,100,132,72,
84,158,0,134,98,224,79,53,174,18,82,146,209,51,60,122,25,72,141,175,71,95,179,40,158,201,201,38,111,188,50,94,
210,254,113,111,195,54,141,212,23,52,103,145,233,163,216,244,62,130,157,1,183,223,30,64,61,210,54,155,171,37,76,109,
230,74,197,202,233,44,151,240,72,193,244,231,136,158,244,88,211,192,255,156,130,251,36,218,199,30,104,113,223,50,172,189,
25,94,166,9,109,197,213,20,142,151,213,81,180,220,51,184,158,244,47,181,210,71,184,191,38,133,3,236,38,200,200,48,
69,200,56,47,141,138,241,82,209,243,38,152,233,247,84,176,45,108,219,193,4,163,227,70,98,231,181,35,135,2,18,72,
225,234,42,142,241,25,88,245,195,84,184,248,91,95,193,226,27,115,45,63,126,3,209,39,163,30,105,109,207,240,105,146,
13,112,175,209,206,106,201,79,126,175,213,191,106,206,86,91,130,31,237,126,191,93,74,161,3,12,74,165,87,140,168,45,
54,81,205,72,112,175,249,61,83,171,101,119,182,59,9,95,219,86,161,165,7,40,161,202,69,168,231,9,6,162,1,135,
182,231,13,247,162,6,142,147,186,87,37,182,247,149,130,217,59,68,130,221,143,196,3,101,110,137,237,163,168,10,49,117,
144,12,111,151,238,63,71,146,234,164,182,245,122,72,158,26,149,224,228,70,103,224,9,132,231,38,72,69,218,62,139,203,
10,143,117,203,23,170,210,249,150,107,188,13,165,205,239,165,172,5,89,152,161,72,157,181,12,109,228,190,81,177,189,3,
12,226,19,72,80,179,20,41,240,27,78,174,194,204,111,212,31,59,192,201,31,96,219,38,66,164,149,238,87,214,243,50,
146,156,225,145,15,43,104,213,146,39,139,216,0,87,185,199,5,164,252,71,134,232,182,36,136,235,78,94,188,190,27,118,
225,82,142,170,187,17,172,17,92,120,253,6,92,157,24,99,127,225,210,43,148,0,93,134,11,241,106,206,73,78,141,18,
248,78,154,24,69,118,12,21,61,161,52,92,155,229,41,92,227,94,134,138,4,13,75,234,35,128,191,243,252,106,206,73,
89,211,18,62,148,248,56,120,183,1,69,88,209,75,102,158,247,84,158,255,131,93,224,77,7,169,16,127,165,239,5,77,
163,20,143,148,246,29,62,183,248,115,155,253,48,119,207,214,151,200,10,26,98,162,6,105,145,232,74,59,204,48,171,152,
215,57,78,152,247,124,142,17,126,56,205,49,185,225,253,130,80,190,69,157,197,4,137,129,219,41,164,180,243,109,118,180,
83,206,246,250,92,101,231,43,220,5,66,155,169,248,35,211,0,56,171,106,192,91,192,232,15,113,146,232,52,234,18,81,
120,129,215,52,183,222,21,115,136,223,73,183,230,35,126,126,25,134,247,219,95,202,201,219,132,6,53,102,131,227,42,143,
13,46,40,222,229,62,146,200,52,126,150,228,67,157,212,65,137,225,166,65,174,31,237,142,243,240,68,179,226,73,136,247,
221,51,127,18,34,121,254,228,58,158,60,53,95,255,23,102,191,75,104,173,14,209,40,131,74,117,168,8,28,38,201,22,
62,149,247,35,86,186,53,128,132,254,7,81,174,43,59,192,43,55,59,222,102,83,170,47,21,142,183,50,90,153,7,4,
85,193,40,148,222,241,57,97,197,88,128,226,33,42,128,7,71,135,198,28,16,157,211,78,142,205,82,56,142,242,144,125,
212,54,32,130,219,97,137,187,25,47,131,237,106,122,254,105,104,122,48,158,213,21,116,121,129,36,113,153,240,82,126,177,
21,144,219,223,89,98,143,56,188,218,222,63,73,128,63,195,225,198,138,150,224,66,200,164,41,154,156,231,92,204,250,56,
76,148,234,91,214,195,61,124,133,195,39,162,202,9,131,107,248,105,228,233,16,114,147,233,53,200,216,23,145,189,240,84,
178,206,76,152,161,26,67,190,254,61,194,144,230,98,0,237,44,201,210,232,64,250,34,51,173,182,47,112,235,251,82,180,
165,54,102,220,250,31,227,239,57,155,33,253,123,234,243,38,173,40,80,143,206,250,45,180,47,11,103,172,244,52,128,19,
94,98,196,229,94,159,26,101,105,194,204,3,198,62,32,173,16,30,32,195,75,115,143,20,29,115,215,47,122,150,27,36,
46,225,95,53,194,37,51,53,216,96,136,164,238,247,101,201,44,108,147,245,22,143,208,75,74,221,51,57,152,174,123,150,
228,71,77,159,181,118,153,227,76,71,88,1,133,163,136,73,79,95,2,125,178,241,83,57,178,22,86,126,213,90,40,126,
250,76,200,251,90,108,116,40,150,188,6,104,45,186,43,166,147,234,52,120,147,15,114,154,241,118,68,146,237,173,222,19,
27,134,223,55,176,227,214,119,82,227,71,159,234,238,139,148,234,2,154,165,44,152,159,179,57,211,255,52,161,159,251,94,
117,255,65,151,158,255,23,209,227,69,167,176,6,47,229,210,76,115,183,234,113,177,217,7,134,114,208,128,232,33,85,181,
205,255,130,1,228,77,119,156,214,66,201,238,46,137,152,241,89,197,237,13,209,221,39,137,15,235,105,203,225,55,96,243,
32,95,169,202,32,108,255,74,61,188,168,75,163,49,77,82,243,240,93,113,55,96,140,255,10,60,191,62,33,139,192,189,
103,184,68,97,158,15,244,105,209,7,90,108,194,226,49,147,20,49,103,212,210,48,157,18,65,133,217,195,120,217,14,117,
158,35,44,130,230,38,137,141,42,248,137,202,104,85,148,229,47,146,236,35,158,222,45,71,159,223,121,165,159,43,252,112,
182,112,152,228,35,20,130,230,97,172,200,18,86,137,213,63,187,238,77,95,81,23,149,177,238,91,24,173,17,153,158,221,
98,48,193,2,160,165,228,105,55,141,9,132,131,223,36,99,200,42,182,217,27,62,66,216,51,192,153,35,134,124,227,73,
160,231,42,71,122,164,252,182,222,42,140,90,200,44,167,183,14,112,97,207,86,145,173,63,162,152,255,101,188,3,70,99,
152,189,2,223,10,61,157,177,187,94,230,235,77,140,184,235,79,202,242,49,123,191,21,45,197,208,69,182,189,36,131,1,
234,36,198,198,46,67,245,29,105,168,153,7,107,230,49,77,151,219,14,90,208,236,106,204,226,56,97,249,33,96,170,203,
33,109,0,75,74,160,232,62,140,239,82,86,208,252,82,182,14,22,54,237,224,30,154,56,37,100,222,10,37,137,4,68,
131,8,17,35,190,57,110,138,236,24,51,210,42,117,145,243,31,58,158,49,89,123,209,25,89,189,91,72,135,1,10,131,
172,39,103,201,240,249,138,238,41,69,202,39,59,152,238,45,54,202,22,7,117,252,60,100,187,64,14,100,200,91,131,229,
71,12,153,10,98,173,201,78,52,138,238,105,145,184,85,94,116,204,134,152,215,92,42,128,252,119,194,198,40,73,194,235,
102,201,8,42,39,195,34,168,215,8,46,24,208,55,166,204,22,44,116,156,59,182,187,29,127,77,163,31,113,182,216,112,
136,220,81,199,242,242,79,152,229,91,135,230,37,148,122,184,52,175,215,57,120,105,250,59,158,193,244,109,111,195,45,160,
188,58,156,143,205,108,172,236,78,176,185,236,48,140,9,50,124,157,22,63,186,250,92,131,140,226,94,217,36,99,129,193,
233,136,3,8,106,204,154,240,108,202,230,100,211,220,50,150,238,254,61,159,192,254,162,29,34,97,230,204,5,93,30,65,
139,244,239,9,78,43,86,137,233,253,7,170,37,55,94,192,225,90,190,254,38,160,199,208,97,138,244,57,91,243,11,95,
212,74,117,117,210,27,104,222,10,126,170,29,27,111,226,57,128,195,224,19,61,149,39,72,133,237,238,56,219,86,104,143,
44,250,104,239,106,146,174,240,218,133,233,113,118,157,58,8,153,218,120,101,188,30,39,101,192,114,154,195,13,22,132,11,
134,115,178,79,29,115,18,82,117,168,73,95,181,25,148,153,192,34,43,153,229,155,195,223,65,109,160,231,86,196,254,107,
123,195,235,71,209,19,105,112,209,233,163,216,220,121,130,216,1,148,223,30,128,102,188,8,190,195,2,59,97,154,61,197,
237,9,83,92,202,46,145,209,248,90,123,244,53,176,175,249,80,143,244,86,226,5,71,106,110,4,95,236,197,12,182,119,
201,33,173,210,21,113,110,212,128,179,212,244,171,180,23,88,187,30,34,191,165,30,71,218,2,65,139,139,24,137,201,44,
107,205,155,9,144,11,51,79,177,162,51,116,239,250,45,206,228,63,163,30,35,74,172,181,35,111,37,77,105,203,247,42,
113,224,71,134,186,219,49,184,16,56,95,217,226,32,191,6,41,85,212,221,22,206,71,114,161,199,177,111,198,80,121,181,
19,206,120,218,88,112,84,17,33,126,212,244,126,192,22,29,126,150,80,120,161,3,244,133,233,100,105,203,242,234,93,164,
39,134,210,52,26,88,188,79,119,158,24,9,95,219,121,126,189,246,12,85,248,69,168,231,38,82,109,12,135,175,171,18,
58,164,14,144,179,253,96,88,175,184,146,183,176,81,90,154,254,97,196,3,101,75,196,237,87,155,190,40,59,146,238,112,
143,197,123,120,203,56,79,204,245,63,96,217,2,125,189,31,70,79,165,33,156,231,38,68,123,224,66,206,241,51,86,90,
240,75,216,177,60,139,165,240,82,220,224,62,164,104,232,32,143,4,55,172,169,197,104,215,22,5,179,169,16,105,226,25,
52,181,194,211,98,176,204,34,125,132,220,57,171,222,18,133,139,229,67,178,46,90,205,203,31,146,233,48,115,144,197,234,
81,192,39,80,178,222,249,93,240,24,122,161,175,29,164,228,12,134,232,177,251,158,25,19,106,204,248,43,143,242,50,113,
187,255,33,128,232,45,108,177,14,98,201,52,32,64,10,6,107,208,72,108,93,19,26,115,199,231,106,178,10,185,113,216,
71,109,183,205,21,107,220,52,92,190,229,41,92,227,59,99,197,236,245,99,199,25,94,128,24,48,132,249,111,154,154,247,
64,141,3,47,162,226,49,75,163,227,125,169,163,47,12,86,249,116,169,232,15,48,134,234,77,141,204,22,55,176,212,67,
190,254,77,103,191,255,153,197,191,77,37,92,34,160,188,249,102,35,184,41,105,145,11,50,118,204,245,112,211,18,81,90,
176,20,143,142,234,47,110,211,53,193,228,38,73,77,227,62,203,164,47,126,152,227,69,207,211,49,151,91,219,19,130,233,
40,151,160,187,55,178,218,1,123,132,194,62,220,196,247,173,163,10,99,220,19,46,175,188,205,93,167,176,81,182,179,7,
118,165,12,75,151,160,246,90,189,229,60,158,167,212,85,179,17,95,191,217,42,145,205,240,111,200,227,234,154,2,59,111,
207,231,25,156,27,254,103,162,159,66,154,40,68,73,234,231,84,104,47,68,148,235,242,87,151,49,93,87,228,192,10,133,
249,31,96,187,187,28,117,1,38,105,197,194,108,189,73,102,163,20,249,110,214,12,96,110,177,15,79,155,46,121,125,223,
0,121,162,29,69,156,254,42,128,160,82,122,198,5,14,135,176,102,107,205,12,21,142,183,50,114,177,246,243,136,214,81,
156,160,2,35,121,0,64,104,191,68,18,104,7,130,106,157,69,73,170,21,130,110,142,69,56,118,242,144,125,188,54,98,
125,225,92,156,219,96,105,123,22,158,139,202,103,53,198,42,106,146,12,110,84,170,14,137,177,211,41,113,177,21,179,160,
223,89,98,219,4,127,191,33,72,81,226,70,129,157,34,127,147,240,70,133,142,34,110,95,205,84,148,188,19,152,102,188,
32,179,219,61,159,100,241,85,186,226,33,131,116,202,70,193,233,11,97,169,233,77,235,216,23,145,154,19,60,183,247,89,
128,137,26,126,185,213,83,181,144,254,98,0,5,68,142,175,5,81,7,251,53,132,170,0,71,22,60,126,208,157,212,160,
14,69,138,233,238,246,174,39,82,129,136,236,75,165,198,73,145,233,152,80,183,38,76,150,172,251,96,189,45,102,154,2,
10,18,181,48,42,129,227,236,101,166,68,73,171,13,243,49,208,7,102,178,20,250,56,156,47,87,126,248,233,63,187,89,
94,157,223,201,129,232,87,125,199,221,37,123,201,68,143,171,13,22,143,243,75,74,166,235,51,150,250,117,122,161,3,36,
122,222,124,164,159,2,236,164,11,122,160,234,0,72,171,15,103,178,241,83,92,143,22,110,185,248,14,52,109,16,117,133,
220,97,47,133,1,159,164,227,104,54,131,232,68,203,7,35,122,209,58,97,200,7,83,92,213,22,145,185,27,125,99,144,
67,193,151,36,135,149,151,58,194,234,6,139,148,234,78,166,241,13,146,155,165,88,214,172,57,156,170,172,79,215,255,27,
101,110,220,64,163,227,10,108,141,6,71,194,193,84,170,176,15,37,242,13,91,190,196,22,44,237,16,90,195,190,207,120,
252,26,255,192,198,214,121,244,41,104,202,176,41,141,205,245,76,209,159,245,113,195,63,114,209,227,235,159,13,56,130,228,
169,54,167,34,15,102,176,244,15,139,238,22,109,242,192,14,105,41,90,143,151,2,91,179,44,95,82,243,206,95,195,27,
102,106,7,16,102,126,22,33,168,20,27,47,181,79,123,176,29,27,119,218,241,123,189,19,26,123,147,77,117,158,0,241,
71,171,97,78,200,42,248,137,178,45,109,131,2,238,122,237,102,159,217,62,8,89,253,111,169,153,70,80,147,8,133,137,
231,77,17,145,201,56,179,243,66,92,180,244,142,186,180,65,29,103,10,133,151,190,91,41,151,30,153,193,221,31,9,193,
40,151,189,7,29,101,200,9,167,207,211,77,86,172,16,115,214,201,72,52,192,51,172,229,31,132,78,159,67,181,239,223,
141,131,234,67,188,243,14,143,156,173,59,138,166,57,136,162,237,79,217,221,59,161,101,230,29,140,243,50,126,111,0,41,
188,7,70,168,142,196,9,230,17,68,164,184,194,101,237,21,84,182,132,218,121,209,28,32,189,139,249,69,192,0,46,143,
129,244,59,245,42,105,168,153,239,107,230,246,77,151,160,14,149,237,21,43,152,150,34,149,19,76,134,235,181,6,170,28,
86,70,176,1,15,111,222,23,83,185,188,6,122,61,29,85,152,253,92,195,236,83,124,1,207,37,137,28,68,107,8,209,
27,190,35,110,114,15,221,51,175,42,117,104,19,33,41,214,88,113,184,35,45,56,239,15,118,181,1,10,72,172,39,138,
142,43,52,79,238,46,86,173,242,239,132,245,77,152,215,254,31,117,217,84,100,222,0,253,146,3,126,166,229,12,21,166,
231,133,114,236,19,52,114,214,105,128,190,9,111,113,204,139,190,152,89,95,111,251,131,152,195,91,101,183,30,85,209,4,
99,117,125,35,174,201,4,112,46,201,54,167,117,18,129,130,165,28,185,232,22,103,139,154,53,154,229,233,134,84,170,38,
161,236,232,43,150,239,71,192,243,230,135,144,243,87,151,250,22,155,164,250,35,182,1,29,127,171,1,25,177,188,74,176,
116,255,108,234,6,77,108,118,173,126,234,19,85,176,116,210,118,251,33,30,162,202,36,126,4,33,102,199,130,229,60,246,
8,106,145,213,240,84,231,15,113,144,158,19,139,12,59,117,226,236,49,155,209,23,56,174,177,14,93,25,78,131,161,249,
83,114,34,83,149,235,252,15,116,230,27,77,238,247,90,190,254,97,125,2,11,97,138,29,104,132,230,18,104,128,23,35,
114,28,226,35,200,80,110,105,25,35,126,142,49,102,146,224,31,118,214,84,56,187,40,204,140,221,106,138,140,55,42,136,
247,38,86,147,247,5,79,148,106,155,208,216,67,156,244,109,160,147,52,39,125,4,127,167,171,13,81,108,208,99,174,202,
20,29,139,219,89,117,231,51,36,122,246,148,188,251,58,67,141,232,102,143,194,44,54,119,26,127,167,9,107,116,143,243,
169,150,213,79,123,174,250,117,181,224,69,66,203,25,124,164,251,128,137,223,32,155,183,24,100,85,171,39,197,237,44,107,
116,173,13,191,209,16,149,158,244,29,152,251,255,97,130,251,60,159,199,30,108,120,193,89,190,206,13,135,179,9,109,197,
237,12,106,134,218,58,179,181,83,178,117,211,55,178,218,39,136,147,220,76,198,240,33,127,149,226,90,213,240,40,129,217,
50,68,199,239,46,158,166,254,85,220,3,68,152,157,5,96,239,23,74,164,173,250,178,33,70,142,162,239,80,101,44,87,
138,234,254,8,171,38,91,119,217,202,91,156,23,39,102,3,12,39,139,6,46,168,219,34,122,129,66,115,181,197,13,53,
177,79,119,147,245,33,84,184,86,67,189,252,5,79,167,29,79,120,30,50,57,220,87,140,168,10,251,140,205,72,88,151,
52,61,88,188,55,95,217,42,55,95,219,121,161,189,31,75,126,226,128,109,231,38,47,153,221,142,183,244,77,91,170,213,
133,178,234,93,28,114,13,90,154,252,94,68,154,33,121,161,3,42,110,161,5,97,144,214,41,46,144,244,111,145,216,63,
57,134,47,179,209,204,115,133,209,241,177,224,38,122,62,216,71,115,231,41,127,134,231,255,185,225,45,143,152,238,47,205,
245,52,91,159,210,54,165,184,247,103,113,197,45,166,193,12,107,117,201,44,159,195,22,116,129,199,34,233,20,71,167,187,
197,104,181,221,87,185,135,24,89,188,252,43,134,154,46,148,178,32,104,205,132,25,125,226,10,73,171,156,242,110,12,52,
115,154,187,5,93,211,4,46,212,237,244,151,228,12,134,232,182,71,136,235,43,90,181,231,65,165,10,50,113,211,196,26,
150,52,92,155,194,227,77,145,247,86,149,225,234,64,164,7,47,134,11,20,106,147,38,47,163,5,248,78,178,45,61,124,
246,34,120,220,28,92,123,217,246,72,176,18,127,199,31,228,127,236,93,65,197,48,47,43,234,110,140,113,59,55,156,1,
121,157,142,68,75,164,248,24,155,227,59,234,162,9,120,158,232,254,77,178,15,127,184,236,84,92,100,7,84,124,187,29,
38,148,248,115,190,185,82,104,190,255,98,138,225,67,52,162,238,105,169,11,74,83,140,228,158,176,239,116,66,152,20,143,
218,222,64,97,218,3,126,225,32,66,63,212,56,133,197,4,137,111,197,17,164,204,243,144,101,182,16,108,243,47,75,147,
233,90,154,253,1,99,108,194,62,220,201,32,106,98,213,57,151,254,74,137,146,11,111,199,215,81,120,120,200,102,181,224,
31,170,135,228,66,232,228,43,137,186,230,77,196,23,42,143,153,23,79,209,243,93,147,162,250,130,209,255,59,198,163,255,
97,202,249,47,234,231,58,167,190,78,128,241,251,78,174,219,66,129,240,249,20,179,11,51,90,188,197,27,127,18,25,143,
254,7,58,134,1,65,128,202,235,41,141,32,107,135,233,213,31,194,39,79,177,216,225,79,179,81,62,125,247,35,62,162,
88,128,127,213,29,115,169,60,100,198,5,14,76,200,67,83,205,251,255,75,144,102,149,219,47,60,143,173,103,143,219,2,
70,97,197,64,104,191,68,18,128,204,54,123,186,255,71,170,235,102,177,240,47,32,177,218,76,110,231,29,42,130,12,91,
137,194,80,45,137,236,142,138,207,47,96,140,243,106,189,208,55,59,189,245,118,152,3,57,73,153,40,119,166,222,50,66,
143,71,182,219,35,33,146,219,78,202,239,42,62,134,220,18,165,205,12,145,119,240,49,207,247,19,93,161,179,78,214,254,
26,100,109,219,63,162,226,9,107,140,5,70,193,201,233,166,182,19,105,137,25,75,188,198,25,121,166,13,54,128,196,26,
67,190,230,37,194,168,254,133,188,27,103,201,175,237,81,228,12,51,173,158,244,112,14,19,82,151,148,41,119,242,61,70,
168,201,31,166,230,14,101,234,184,14,173,40,16,67,228,237,21,145,12,87,115,213,198,52,152,251,94,105,198,197,252,187,
63,93,66,255,17,93,103,65,102,95,201,210,40,140,17,58,127,216,219,57,158,31,62,118,212,234,55,175,42,69,125,214,
46,135,153,28,68,131,239,249,85,176,37,85,149,253,253,76,172,52,83,166,8,5,83,183,41,165,216,55,73,81,249,127,
88,227,72,69,153,8,55,158,199,76,26,136,212,103,119,241,83,33,131,37,86,131,194,26,40,125,227,88,141,201,33,47,
134,239,176,123,6,107,104,188,43,90,193,0,52,85,147,247,114,213,20,118,68,213,22,145,185,236,65,58,214,67,193,151,
21,73,141,192,12,194,175,6,139,148,175,31,142,177,231,133,120,241,26,173,189,20,94,162,248,33,139,247,65,84,156,242,
40,187,203,10,108,176,6,106,170,13,41,139,148,222,100,223,217,48,122,131,217,120,243,27,31,188,162,248,92,185,21,62,
195,145,255,75,222,238,104,202,152,24,128,205,48,76,150,218,245,113,15,55,59,201,149,48,157,14,247,123,230,229,247,160,
34,81,130,159,244,77,165,30,81,68,229,251,22,122,13,29,116,214,223,29,188,55,95,123,0,206,60,131,49,43,130,204,
213,67,167,69,50,172,14,244,109,162,17,60,120,213,235,61,159,7,110,186,225,234,88,164,55,95,158,232,44,130,230,62,
137,141,7,243,124,178,69,85,148,14,23,144,185,111,151,179,56,18,138,192,83,99,162,28,37,158,199,125,165,193,70,15,
97,252,132,113,176,42,27,137,237,104,120,242,84,93,144,23,87,151,184,78,41,151,227,94,158,221,98,48,193,37,125,200,
196,34,57,145,243,115,131,7,114,113,109,43,177,138,21,122,119,203,58,105,208,15,91,76,221,30,188,228,0,133,142,193,
13,160,176,7,93,157,238,86,210,248,46,149,151,174,34,147,198,255,102,107,191,42,149,180,63,164,161,245,100,147,250,35,
133,177,7,107,230,211,77,175,184,14,79,178,218,84,123,144,203,47,168,22,94,195,122,15,115,192,232,98,161,170,35,135,
2,42,46,168,165,239,78,192,36,99,175,160,49,114,16,56,84,217,226,21,97,249,9,96,153,230,71,92,22,40,103,236,
245,75,175,239,82,145,243,252,47,123,246,89,93,203,246,54,154,56,96,159,1,207,96,196,63,103,131,205,214,103,144,8,
48,160,2,245,51,210,42,117,180,243,31,117,182,25,89,128,250,244,131,233,81,63,181,23,242,72,231,63,103,201,43,52,
138,179,70,81,195,37,0,86,245,77,117,215,57,66,152,193,84,92,146,57,75,151,183,119,168,221,229,80,169,1,122,173,
160,65,87,173,17,140,180,208,26,59,180,24,112,152,215,92,101,128,211,107,118,16,1,91,181,38,126,166,8,106,80,142,
45,109,140,197,97,62,151,1,159,155,224,68,113,155,5,128,206,225,73,83,206,6,136,178,20,74,86,170,57,136,182,239,
125,90,183,27,187,183,253,88,83,176,72,134,203,237,95,176,195,35,161,193,222,145,158,1,66,189,8,71,134,119,8,49,
163,197,62,116,128,220,99,178,224,33,167,132,224,68,229,225,38,137,183,225,76,201,20,41,142,147,20,76,199,240,90,146,
158,240,127,206,249,54,195,160,252,90,1,253,67,165,211,253,109,225,251,65,215,163,22,93,232,88,84,178,190,12,78,26,
70,146,209,218,83,183,15,31,153,192,192,16,174,253,41,107,242,207,43,145,48,44,114,214,2,44,150,11,95,114,219,224,
37,144,63,42,134,203,220,66,162,28,60,130,231,242,58,161,250,115,182,37,11,97,232,99,104,143,44,250,71,165,90,86,
152,248,44,86,192,61,137,156,6,8,137,193,66,108,207,5,21,103,244,67,113,174,254,14,152,191,87,98,177,91,31,135,
222,77,83,227,73,95,146,246,148,188,216,34,102,129,220,81,179,198,44,56,179,235,109,149,249,47,62,142,30,109,156,215,
98,63,156,1,160,156,225,63,114,156,6,127,207,226,75,80,207,7,136,173,21,75,90,174,58,137,184,243,126,91,184,30,
130,177,36,73,111,168,20,143,196,248,98,105,191,28,153,198,254,99,74,241,89,225,230,37,170,179,230,50,232,213,11,103,
170,212,60,185,7,26,132,133,7,63,193,231,77,131,146,230,114,193,240,47,182,147,239,85,244,240,54,149,198,240,91,214,
233,47,197,145,4,75,206,3,63,163,163,7,110,232,3,69,133,223,57,170,2,42,140,238,212,18,177,241,16,73,229,194,
27,126,35,31,101,201,245,31,137,2,82,101,206,215,82,138,12,48,152,206,221,45,189,12,59,116,199,215,97,136,32,43,
122,36,232,67,163,22,28,172,18,40,91,191,93,133,161,235,47,74,165,26,124,143,244,3,124,180,53,95,194,248,8,89,
231,54,100,165,43,8,101,203,105,101,170,10,59,101,207,71,94,164,58,6,121,192,75,187,181,28,33,111,177,125,169,245,
52,61,182,26,114,130,252,35,35,115,17,96,140,205,85,50,142,240,147,143,212,50,101,143,250,117,194,213,61,68,194,250,
124,166,206,55,116,141,14,108,164,43,72,80,164,4,93,214,25,136,110,196,75,198,203,242,143,93,170,8,189,185,251,92,
143,185,37,155,236,255,104,110,236,36,166,208,50,104,119,207,87,166,212,15,97,113,251,34,186,197,12,122,134,216,52,183,
222,34,118,130,182,107,234,31,59,157,201,31,96,195,38,42,131,134,22,78,204,241,92,146,162,245,129,208,255,63,197,162,
255,94,3,255,68,168,218,4,110,229,253,67,217,165,24,95,234,90,83,197,207,14,80,28,72,148,211,220,85,185,17,33,
155,194,194,18,176,255,42,104,244,209,47,142,50,46,115,209,4,46,153,14,97,116,222,223,97,153,27,68,167,221,236,68,
204,27,75,131,16,237,73,171,20,67,182,219,1,58,174,113,83,162,5,247,43,224,95,148,176,18,62,148,213,56,155,159,
248,251,139,195,64,110,209,7,22,105,246,69,116,174,58,23,115,217,120,116,186,24,16,109,5,67,136,170,20,42,129,218,
96,134,197,28,40,92,17,144,197,225,67,111,197,6,105,204,208,41,44,188,244,115,151,2,56,73,155,39,118,165,230,107,
72,164,9,169,165,234,78,123,165,15,134,158,228,122,70,185,0,131,184,250,88,88,180,29,139,182,211,134,147,246,55,178,
253,60,123,108,253,38,152,186,51,105,118,200,88,167,215,18,156,121,214,60,218,214,27,126,172,214,64,189,9,28,132,137,
9,65,194,228,79,133,149,229,58,188,24,26,153,133,227,81,206,247,44,150,161,247,79,205,211,99,201,223,18,118,20,60,
88,167,235,6,97,214,56,75,177,185,56,112,242,26,126,180,195,27,163,242,33,97,231,196,33,128,37,33,102,194,247,33,
140,9,84,103,207,218,84,140,13,49,96,201,6,31,160,254,54,189,217,229,62,150,239,104,171,26,0,86,221,88,93,132,
33,239,60,154,79,75,142,241,33,75,181,42,126,145,249,4,126,182,56,92,196,250,9,90,233,56,103,163,45,10,104,198,
49,96,211,248,30,87,195,75,114,181,10,29,112,203,73,79,223,69,91,142,242,144,184,212,30,98,125,216,77,175,194,40,
51,175,231,105,144,245,43,60,138,26,105,151,216,94,59,152,253,156,152,221,64,110,152,4,123,203,224,69,74,203,3,129,
170,17,71,87,170,54,133,179,239,64,80,218,1,153,164,235,91,96,175,29,150,195,243,88,63,230,78,214,219,26,159,168,
219,39,221,202,0,92,159,201,47,177,252,15,120,129,252,52,181,215,66,120,135,223,103,182,229,32,171,136,229,73,233,229,
43,138,187,229,80,205,24,43,144,154,24,80,210,247,94,148,163,246,73,203,39,41,168,148,250,166,219,6,77,163,138,49,
153,33,38,101,234,243,38,114,40,21,75,167,234,20,123,252,71,90,194,201,71,127,0,40,141,195,210,38,178,1,48,107,
246,211,47,144,52,48,117,209,6,48,155,22,99,118,224,229,41,148,67,46,138,207,232,134,163,51,73,128,192,26,116,229,
61,101,199,41,15,77,236,44,75,132,32,253,86,185,94,90,160,0,48,90,196,65,141,160,8,13,83,190,109,88,180,249,
10,96,213,65,115,178,9,20,115,204,74,80,224,70,92,143,243,145,185,213,31,99,126,217,78,176,195,41,51,176,232,105,
139,246,44,60,146,27,106,152,213,37,53,191,230,126,137,216,130,68,155,16,116,122,10,112,134,185,29,187,227,255,73,141,
168,3,120,218,237,83,94,218,18,149,181,32,86,102,186,69,148,194,255,137,102,195,39,199,195,6,105,153,195,45,162,246,
9,114,123,246,46,175,213,2,107,168,193,66,160,208,24,123,132,211,67,191,216,26,90,180,14,127,215,255,97,195,169,231,
134,198,229,30,186,151,240,81,248,244,57,153,202,244,95,212,39,58,162,169,39,95,225,15,114,168,184,16,151,230,20,85,
219,184,20,114,25,21,91,183,177,14,166,228,41,75,181,190,30,122,252,35,98,189,200,35,128,254,4,148,250,16,67,167,
69,109,137,211,23,50,141,2,100,119,221,234,100,156,30,66,170,224,239,65,207,30,77,137,19,240,77,172,81,77,147,240,
35,77,184,48,128,147,252,1,70,177,96,75,167,236,5,163,210,66,94,123,46,59,158,223,90,165,228,35,20,165,206,64,
98,219,17,28,121,0,79,125,182,68,33,126,227,130,126,195,39,84,126,232,95,119,189,83,31,146,217,92,132,211,39,55,
142,233,102,151,203,48,23,190,38,174,179,242,119,128,179,255,181,162,216,52,119,161,8,128,212,231,80,86,212,12,142,177,
26,80,96,177,63,142,189,249,131,96,189,29,135,182,41,78,116,173,25,158,191,12,109,103,192,2,240,165,70,171,168,252,
107,154,1,77,140,184,211,79,178,242,84,182,132,218,86,185,208,44,113,213,186,111,238,35,63,161,205,35,100,199,42,46,
135,138,26,82,207,254,96,150,165,245,133,212,3,67,201,166,2,100,12,10,76,170,222,8,109,231,59,80,181,186,59,115,
242,25,129,183,199,23,166,245,36,96,234,199,36,138,238,29,144,181,219,20,174,56,94,174,11,23,46,141,72,103,184,203,
224,59,151,15,64,116,202,234,57,155,28,60,111,222,237,70,168,29,75,127,228,203,114,218,98,103,166,43,52,103,179,105,
86,140,232,43,85,189,58,136,155,4,15,136,192,65,99,206,4,20,102,243,66,112,172,55,20,113,214,117,115,181,19,71,
113,213,81,164,185,30,35,164,220,91,133,234,32,47,134,15,94,141,201,83,48,141,239,145,141,211,54,41,134,30,92,161,
195,91,115,199,60,178,221,221,58,131,208,70,114,167,228,76,74,167,2,113,175,240,72,83,165,253,133,179,245,85,88,181,
13,139,145,33,135,157,208,52,210,250,22,96,164,191,26,143,241,4,105,114,241,41,171,208,55,109,125,211,92,171,217,22,
160,125,218,63,222,218,32,132,118,211,107,169,238,16,168,192,20,137,255,42,42,135,208,29,147,191,244,55,150,151,239,79,
190,252,61,149,160,242,74,210,0,62,166,165,253,95,221,227,115,217,239,34,134,36,76,104,178,246,17,108,225,67,86,187,
202,67,123,252,30,137,191,207,30,174,253,43,104,184,200,82,121,17,28,145,2,9,112,207,77,54,112,18,18,122,143,25,
62,125,217,228,54,142,31,73,126,231,231,49,162,36,72,143,231,242,65,168,1,122,189,44,18,104,239,106,111,150,51,1,
78,172,97,93,159,255,51,93,199,64,144,163,12,22,144,200,73,111,214,12,28,114,251,74,121,186,5,21,159,198,94,105,
222,79,86,189,28,154,131,189,95,95,199,220,104,139,206,38,49,131,219,108,151,203,52,52,126,239,112,151,215,52,63,142,
245,78,199,10,121,95,181,60,183,188,227,128,78,155,249,174,170,236,82,128,170,22,137,221,240,89,94,221,21,150,190,35,
89,105,185,72,151,197,2,82,98,236,19,171,182,43,156,163,10,105,231,208,10,172,172,20,41,173,213,27,125,124,212,52,
163,225,34,122,138,215,47,183,230,33,139,138,226,63,189,195,83,185,207,2,102,4,44,72,146,214,241,76,193,35,54,156,
167,35,91,221,1,105,159,175,7,147,226,18,75,157,173,55,94,246,1,118,231,238,85,180,50,27,85,247,247,95,116,248,
35,103,194,199,31,127,238,44,110,197,208,34,122,2,48,109,211,213,45,138,8,14,158,4,26,77,177,79,119,147,221,33,
60,151,12,110,129,231,245,110,166,40,77,180,234,250,74,217,40,86,145,29,250,86,180,91,87,157,251,45,87,194,58,80,
150,44,248,107,178,99,154,215,74,78,167,204,66,170,224,84,14,109,216,83,117,176,20,25,99,221,90,120,185,23,20,119,
225,98,137,190,34,36,125,191,139,183,3,66,75,196,40,128,144,10,49,49,129,31,110,152,221,99,64,156,251,161,157,228,
66,115,157,8,132,208,227,76,86,208,10,136,172,22,76,89,173,59,138,184,243,127,92,184,26,189,185,254,90,143,185,36,
155,178,248,142,90,205,20,197,252,57,172,176,9,46,164,12,66,182,112,208,52,181,213,18,118,123,197,63,188,218,27,121,
118,217,67,189,233,32,132,134,223,33,237,25,101,164,173,38,138,226,242,108,147,147,227,129,208,252,58,197,162,255,99,3,
255,68,164,218,4,110,234,55,74,178,189,55,111,241,26,125,179,195,27,162,241,32,92,230,195,32,132,36,32,101,201,246,
32,138,1,25,95,245,193,52,123,44,99,160,19,23,112,149,11,115,169,29,215,55,161,21,62,121,221,226,44,166,36,65,
130,224,221,64,170,43,82,135,235,237,70,136,84,128,204,11,20,141,241,73,89,211,250,250,74,232,55,98,158,44,9,102,
199,106,102,172,15,60,102,209,71,153,172,20,31,153,209,82,118,165,14,75,100,229,67,161,239,79,105,186,33,93,128,255,
88,115,122,233,100,146,200,40,51,133,221,110,152,205,49,54,128,241,114,153,218,54,65,144,247,80,201,12,123,97,183,62,
185,190,229,130,80,157,251,176,172,238,77,130,172,22,146,223,242,90,97,223,23,153,193,37,91,107,193,74,153,201,4,142,
109,198,38,204,200,9,114,158,200,51,168,251,14,119,125,251,51,181,222,65,119,135,222,102,181,228,32,170,135,228,67,174,
221,80,117,155,212,110,248,30,110,203,215,238,77,8,39,120,139,160,242,88,217,247,56,150,147,255,101,214,5,59,150,172,
8,114,234,10,75,166,178,230,155,26,79,107,205,249,79,144,243,86,90,179,182,70,126,253,40,140,194,209,41,177,0,47,
112,245,210,46,140,51,47,117,211,5,49,152,15,98,117,219,231,98,154,27,65,168,222,238,63,205,28,75,136,17,238,75,
169,79,75,144,240,231,68,220,26,95,129,25,49,133,250,112,155,155,248,65,142,4,48,100,166,10,16,94,196,59,87,172,
17,15,108,199,54,107,176,17,32,108,210,70,113,142,65,78,177,242,109,184,247,54,39,184,225,83,117,238,36,48,140,19,
98,144,209,87,52,144,244,149,145,214,57,103,145,252,121,196,217,62,67,196,252,122,160,10,64,79,159,47,126,173,236,115,
80,173,10,119,166,25,62,100,157,55,193,231,55,148,160,183,22,209,240,65,84,106,193,37,154,192,1,95,92,201,38,159,
201,4,90,112,204,48,169,206,15,106,118,170,95,222,19,47,145,189,19,84,183,26,30,119,122,10,66,192,230,80,134,150,
236,117,196,242,43,185,150,242,86,247,243,57,152,201,243,94,213,38,59,160,165,38,94,220,3,113,167,184,7,150,229,19,
80,218,183,20,116,24,20,90,190,176,13,165,227,40,74,226,250,78,195,57,100,100,193,10,87,205,249,46,107,211,209,46,
137,248,54,119,207,218,44,132,12,58,119,224,223,55,148,18,24,202,185,36,125,213,78,129,116,21,43,129,194,61,136,199,
238,247,136,201,68,143,206,48,22,67,196,34,165,115,42,64,115,215,117,157,185,3,71,98,189,50,148,167,12,21,148,204,
78,115,218,16,32,118,255,78,124,185,67,32,125,226,129,125,195,39,25,118,221,76,179,255,62,71,192,36,124,140,6,45,
45,125,27,106,149,218,95,60,152,246,157,153,223,58,111,153,3,124,146,216,61,58,207,64,152,192,34,132,106,168,71,135,
166,223,123,88,177,19,185,181,250,90,139,181,32,156,232,251,99,106,232,32,162,202,46,100,116,204,25,155,198,249,154,176,
227,71,229,13,41,115,183,210,45,162,4,23,124,137,4,60,191,223,74,128,144,226,111,190,236,43,179,144,237,75,241,237,
50,146,137,230,77,188,35,111,174,183,48,148,236,252,118,157,157,237,139,218,11,76,212,177,14,110,18,14,84,179,228,14,
122,239,7,77,178,175,68,181,13,53,151,249,223,29,188,252,27,84,240,205,39,144,46,42,112,207,0,42,149,10,93,112,
216,221,93,149,22,56,163,217,233,59,200,23,70,130,210,226,59,125,77,130,158,0,44,130,195,38,137,141,230,233,121,177,
46,92,191,245,4,85,228,51,99,158,40,5,98,199,102,98,168,11,56,100,203,66,149,168,14,21,149,205,78,114,219,17,
32,116,0,79,125,182,68,33,126,222,72,119,185,15,87,186,251,118,193,0,63,48,193,234,92,126,247,45,58,143,28,107,
154,217,96,61,153,251,158,154,223,66,112,154,4,129,205,224,73,83,205,5,135,177,19,73,89,172,56,135,182,245,124,89,
181,27,186,182,251,89,82,175,22,133,236,56,119,128,249,93,181,197,63,102,102,182,84,163,206,10,152,117,210,51,214,210,
24,123,168,210,61,179,5,24,128,139,5,61,190,226,17,122,134,208,115,251,0,63,196,205,0,76,2,239,37,129,196,238,
85,205,33,52,156,166,33,89,218,0,103,157,173,3,140,224,15,78,213,178,16,112,19,17,83,177,229,15,117,247,66,85,
190,193,66,122,252,33,136,190,206,37,173,252,43,107,241,206,43,140,47,43,113,206,199,36,139,250,97,173,236,245,110,210,
42,58,180,219,219,43,201,24,68,134,13,234,70,172,75,71,141,241,29,71,177,38,122,141,246,251,122,180,50,86,192,246,
3,92,229,52,98,159,41,6,99,194,103,99,169,9,57,99,206,67,150,169,17,24,92,199,69,75,223,78,52,138,17,140,
145,184,85,35,112,206,131,127,193,41,85,127,233,102,178,197,45,54,178,234,107,148,248,46,62,150,29,110,153,212,97,62,
151,249,159,155,224,60,113,155,6,129,206,225,74,76,148,255,125,153,23,134,108,194,73,196,201,240,141,91,168,6,187,183,
248,96,141,183,34,153,234,253,101,110,234,34,163,201,48,102,118,198,85,164,211,19,153,120,209,49,215,211,18,117,169,213,
60,179,6,25,126,133,6,62,191,229,76,130,146,227,113,192,239,43,181,146,239,79,243,239,53,152,139,232,79,168,67,15,
211,223,41,139,17,237,107,159,192,254,162,250,69,132,195,204,10,110,216,29,63,252,148,63,176,8,48,146,244,218,24,183,
247,22,79,235,200,33,139,41,37,106,206,251,37,143,10,88,107,211,221,88,144,18,60,158,214,226,52,195,18,58,122,7,
230,63,159,69,65,131,227,23,65,171,32,116,135,240,249,116,172,46,79,128,233,245,63,226,106,111,174,51,60,111,187,113,
94,148,240,51,93,197,67,144,163,11,22,144,200,74,116,214,12,27,107,251,74,121,180,5,21,110,198,128,181,209,51,95,
181,246,89,188,192,25,28,172,228,98,136,242,40,55,143,23,102,150,206,91,56,148,250,153,149,219,57,107,149,255,120,142,
212,57,54,203,60,148,188,30,128,102,164,67,131,162,219,119,84,174,20,181,177,248,82,135,177,28,149,228,247,95,102,228,
28,158,198,42,96,111,199,79,158,205,9,147,112,205,49,151,198,8,94,166,9,74,197,16,79,142,127,16,57,171,205,70,
124,136,221,107,186,233,42,175,140,232,74,237,233,47,145,191,233,84,203,28,47,151,154,28,84,214,248,40,145,157,231,138,
18,23,86,219,228,28,104,30,11,65,157,224,10,113,242,61,80,184,195,61,117,247,26,131,185,200,32,168,247,38,103,236,
201,37,135,42,38,107,202,194,31,134,223,92,168,231,240,105,205,37,53,175,214,214,38,196,19,63,128,8,229,65,163,70,
66,135,229,24,66,173,40,117,136,240,247,117,173,47,89,129,234,246,64,227,107,112,175,52,61,112,188,114,95,149,241,52,
94,197,63,145,164,14,18,145,201,75,112,215,13,29,117,252,75,121,186,64,29,121,217,68,115,181,11,83,182,247,114,189,
252,59,44,189,230,88,122,243,41,53,136,24,103,150,210,92,57,150,251,154,150,220,57,108,150,0,125,201,220,68,73,143,
250,120,148,18,129,103,189,68,191,196,235,136,86,163,1,182,178,244,85,136,178,30,148,229,248,96,101,229,29,159,193,43,
97,114,192,80,159,206,14,148,113,205,51,210,206,21,112,164,206,56,177,199,13,114,111,4,117,205,245,87,185,159,221,124,
188,219,20,176,141,231,71,238,234,49,143,192,234,85,210,29,48,152,162,29,85,214,0,99,153,168,250,78,208,251,46,207,
234,29,129,31,71,99,173,241,12,103,220,62,81,183,193,62,118,247,25,132,186,201,33,169,248,39,98,237,202,38,133,43,
39,109,204,253,39,147,8,32,102,203,178,93,206,38,78,176,18,248,54,213,21,52,109,9,230,64,166,71,67,137,234,25,
67,175,34,118,137,241,252,118,174,48,89,188,242,1,88,225,48,96,155,37,4,93,189,99,95,161,4,53,95,202,66,146,
165,13,19,88,195,65,93,219,74,48,134,13,136,141,180,81,31,108,202,127,123,189,28,81,123,229,94,174,193,42,45,174,
230,103,141,244,42,58,145,25,104,151,216,93,58,150,252,155,151,220,56,109,151,2,119,144,214,59,56,205,62,150,190,32,
130,104,166,69,133,164,221,121,86,175,25,183,179,248,88,137,179,29,152,230,249,97,104,230,30,160,196,44,98,113,196,81,
160,206,7,149,114,207,51,211,207,22,116,107,200,47,158,5,81,144,153,18,118,206,222,88,127,127,207,109,188,231,37,177,
142,235,77,239,235,48,148,193,235,85,204,228,42,143,140,33,146,234,18,116,214,188,250,153,217,248,49,210,175,9,110,16,
12,81,173,226,12,119,242,63,82,186,193,5,112,238,10,136,247,221,51,186,53,58,97,254,204,25,119,44,40,107,207,254,
40,148,7,91,110,215,222,91,147,20,58,161,215,231,61,198,21,65,129,10,231,67,161,72,68,138,236,26,68,174,39,61,
131,232,207,122,235,67,107,205,47,21,83,242,50,81,138,38,3,93,197,100,96,166,4,54,96,202,65,147,166,15,21,147,
203,77,112,217,15,31,112,254,77,124,184,66,31,124,220,70,117,183,13,85,184,249,116,191,254,61,46,191,232,90,124,245,
43,55,138,26,105,152,212,94,59,152,247,156,152,222,59,110,152,3,123,203,222,71,76,145,252,88,243,191,131,143,217,59,
193,157,27,138,88,233,77,141,205,12,110,119,205,84,172,171,7,76,176,149,78,214,219,26,159,168,219,39,221,202,0,92,
159,201,49,169,252,15,120,126,252,52,182,222,66,120,136,217,103,182,228,29,171,136,229,67,233,231,41,135,187,229,77,198,
24,43,148,153,24,80,210,244,94,148,165,247,73,203,246,41,202,224,19,119,21,61,94,168,236,7,98,215,57,76,178,183,
57,113,244,20,127,181,197,29,164,243,33,90,232,197,34,136,38,34,103,199,248,34,140,4,85,106,207,212,85,141,12,50,
155,209,225,51,192,15,62,119,4,225,63,159,8,55,121,207,23,122,187,54,129,192,255,240,129,170,28,62,183,237,250,79,
220,43,89,146,32,253,90,190,94,90,159,251,48,90,197,65,141,160,8,19,141,197,71,113,211,9,24,108,248,73,116,175,
60,25,112,211,122,120,186,24,76,118,221,91,169,188,37,42,169,225,98,137,239,37,52,136,20,99,146,210,88,53,146,248,
150,146,215,55,104,146,252,116,139,209,54,51,200,57,145,185,27,125,99,161,64,128,159,216,116,81,171,16,178,174,243,79,
132,174,24,149,225,244,93,98,225,25,154,189,39,93,109,192,76,155,203,4,144,111,200,40,206,202,13,109,160,202,53,172,
253,16,121,124,253,53,184,220,9,114,126,200,107,243,248,55,188,197,248,68,250,231,29,121,188,230,77,201,25,44,149,155,
25,81,211,245,95,149,164,247,132,213,0,59,200,165,255,97,6,7,77,171,221,7,114,231,58,77,183,188,0,107,233,5,
131,242,216,46,181,48,53,92,249,199,20,114,39,35,102,202,249,35,141,10,86,105,210,213,86,142,17,50,156,210,225,53,
193,16,63,126,5,228,61,157,67,63,130,226,21,63,170,33,114,133,238,241,114,170,45,81,126,231,243,61,224,104,109,172,
49,58,109,185,111,92,146,238,49,91,195,58,142,161,10,16,142,198,72,108,212,10,26,113,249,72,119,184,61,26,119,219,
123,119,189,28,77,119,227,86,170,189,38,48,112,219,55,210,158,98,110,184,26,160,124,250,70,114,200,241,167,207,14,53,
121,148,51,98,167,201,113,117,214,65,174,123,28,129,126,210,65,112,215,0,74,142,169,37,136,176,239,105,90,235,79,167,
242,49,71,109,166,94,215,2,49,56,163,252,84,205,0,243,148,157,221,100,188,7,11,133,118,7,48,154,223,1,169,173,
14,121,230,179,84,185,182,10,121,168,15,91,154,198,28,128,216,35,39,161,146,35,76,223,239,70,144,136,251,66,24,66,
14,210,222,40,138,16,236,106,204,226,21,156,249,9,96,194,203,68,133,35,40,138,177,169,28,99,57,99,47,243,255,73,
171,49,13,139,237,224,30,154,21,61,124,1,231,96,120,16,27,181,25,175,103,206,61,99,173,195,11,51,151,42,82,145,
22,252,82,217,8,77,111,226,232,69,126,91,134,185,25,45,55,218,98,138,142,43,17,79,203,70,110,208,247,59,145,186,
53,76,168,237,254,84,196,53,100,170,11,6,94,201,59,68,229,74,71,155,10,57,160,236,19,87,114,214,81,180,208,50,
35,180,221,88,111,203,16,116,204,189,154,197,248,88,108,118,25,126,166,229,106,80,142,45,168,149,195,66,46,210,49,175,
117,22,123,120,204,59,106,209,226,127,101,187,7,130,170,1,99,143,170,14,137,160,252,65,144,225,80,210,236,208,148,160,
234,76,210,174,44,142,105,250,94,217,1,64,103,112,198,66,224,229,251,122,102,2,97,231,22,71,78,185,18,106,227,22,
9,170,179,22,122,186,226,57,190,140,250,129,176,245,23,139,144,232,38,3,46,97,193,213,223,130,253,15,54,211,185,50,
91,238,254,120,183,151,10,86,23,58,132,237,232,227,169,39,67,128,237,170,63,176,43,24,87,185,253,48,183,15,90,94,
216,201,90,190,237,50,84,252,0,97,204,57,6,167,12,9,93,204,251,98,161,16,25,111,211,19,118,122,23,229,59,159,
85,49,141,210,33,114,225,99,125,97,37,49,123,221,99,63,189,31,250,80,180,47,111,174,16,25,111,187,37,106,140,52,
56,153,4,113,62,223,68,65,149,4,51,154,230,72,46,167,208,134,139,178,20,29,139,239,106,105,197,10,89,170,25,155,
181,153,93,105,179,21,155,119,245,65,50,195,236,127,167,9,48,116,143,11,110,133,225,38,117,198,53,183,209,181,121,133,
207,49,183,147,17,115,137,223,67,131,195,234,135,85,171,254,150,161,38,131,151,244,74,106,244,54,140,147,244,12,198,238,
255,156,130,192,95,183,2,30,128,113,199,102,149,218,252,164,168,9,116,225,174,79,180,177,5,116,163,10,86,125,158,244,
88,187,30,58,191,200,30,71,194,2,24,151,131,52,154,162,44,110,196,203,44,68,254,38,79,212,162,51,151,239,23,121,
219,169,4,163,30,70,98,155,193,250,185,54,235,140,241,238,66,177,224,71,134,186,195,25,149,16,91,95,252,226,32,115,
11,22,176,161,251,85,198,30,70,168,10,240,46,205,13,44,101,1,222,55,152,63,59,129,224,17,59,166,28,110,129,234,
238,110,166,40,77,180,234,250,76,159,33,125,127,254,234,148,246,116,140,146,232,44,134,247,79,119,217,59,33,95,254,62,
93,150,50,15,105,209,112,108,178,16,66,108,214,77,159,178,27,33,159,215,89,124,229,27,43,124,10,89,136,196,78,43,
136,232,82,129,244,25,63,120,48,169,212,3,44,41,186,34,170,175,238,115,124,175,251,177,158,212,48,115,157,5,129,208,
227,75,78,208,8,138,178,22,76,91,175,1,131,223,225,96,76,246,88,214,238,244,52,142,232,89,177,217,59,157,131,193,
96,160,191,248,148,113,202,45,210,206,20,116,164,206,56,181,1,20,124,129,199,50,225,204,40,109,202,30,133,240,223,18,
175,188,31,96,219,38,101,164,149,38,79,193,227,92,146,158,250,129,208,254,59,197,162,254,98,3,255,68,164,218,4,111,
230,55,74,178,184,55,111,240,18,125,179,195,25,162,241,33,92,172,188,70,109,5,16,163,3,15,85,128,239,82,149,4,
234,64,199,66,71,110,11,217,38,132,57,53,120,214,11,53,161,24,104,123,228,239,104,160,33,74,174,228,243,75,211,34,
80,139,221,237,119,158,54,65,212,52,64,134,177,10,165,113,53,65,139,237,115,79,205,1,69,96,220,122,127,190,32,76,
103,227,129,110,197,254,36,93,209,74,117,141,81,93,167,9,143,107,240,97,99,174,35,147,193,255,19,91,177,34,98,197,
4,102,76,197,238,129,136,254,96,118,145,13,136,176,215,81,125,152,55,178,151,183,120,126,142,64,188,233,212,117,126,225,
10,157,197,4,78,111,232,17,199,239,226,147,159,163,85,199,2,61,83,147,233,90,154,218,25,123,108,218,97,161,4,67,
98,98,213,57,151,13,71,172,105,19,107,227,20,5,185,181,26,127,247,27,12,173,182,222,66,189,253,60,193,143,32,97,
196,219,95,202,201,197,145,255,54,118,213,218,226,133,0,53,57,179,188,18,94,241,60,64,226,235,223,158,34,64,37,233,
245,63,161,39,3,129,227,190,44,179,11,86,149,247,197,86,127,253,38,80,207,187,101,199,69,93,65,5,17,91,189,67,
31,157,233,218,107,148,39,79,118,216,225,38,167,5,115,173,26,42,114,123,88,131,182,22,42,52,215,36,135,198,40,49,
135,200,43,107,205,47,21,142,207,109,149,136,7,243,81,194,51,97,164,250,228,156,3,114,152,226,248,64,150,7,71,170,
174,40,25,170,235,137,142,164,35,15,117,215,86,86,247,92,89,173,28,75,178,241,37,105,191,35,123,163,202,68,112,198,
42,130,170,233,75,119,129,2,96,220,25,126,119,114,56,182,210,15,124,57,213,72,188,217,41,128,143,228,250,180,220,5,
79,112,233,77,141,181,12,145,95,181,84,148,188,251,93,93,234,56,155,195,61,159,133,195,63,186,226,9,166,175,202,46,
161,170,72,167,106,14,115,243,199,69,145,130,216,119,242,247,30,152,161,247,67,249,33,37,135,127,41,129,249,42,27,207,
203,48,149,13,49,34,195,217,12,112,14,54,82,156,224,251,86,203,45,69,170,176,50,106,236,17,120,174,190,15,157,236,
27,85,225,190,27,124,31,27,97,191,183,20,123,234,26,89,200,198,36,134,250,36,104,195,195,94,203,60,10,168,7,202,
101,203,70,53,152,9,35,112,223,95,46,193,23,29,124,124,89,132,183,23,43,53,216,96,101,199,6,50,136,236,44,143,
206,48,22,84,208,51,74,166,235,57,145,245,55,131,209,68,68,165,14,26,164,230,60,67,164,188,118,112,234,17,85,112,
15,103,178,241,83,57,102,231,69,193,5,94,92,117,16,152,157,255,62,106,192,36,100,199,6,104,78,140,8,107,139,193,
64,73,130,37,173,178,241,118,127,178,254,180,161,215,51,118,160,11,136,211,230,78,81,211,11,140,175,25,79,95,175,62,
141,187,248,72,88,165,74,210,240,235,85,168,186,52,212,6,66,160,158,12,69,211,7,62,91,179,12,30,235,207,63,171,
175,193,116,242,200,89,119,160,9,121,236,216,14,191,203,207,135,253,41,105,201,201,36,129,189,28,104,167,211,6,141,8,
48,52,209,218,48,113,212,20,59,149,127,55,158,13,56,130,152,224,54,167,231,15,102,176,244,15,115,238,22,109,191,199,
5,134,228,75,151,249,2,88,188,20,36,123,0,9,60,160,27,102,165,204,255,89,143,69,50,172,211,23,74,209,76,116,
144,6,210,119,222,7,55,194,41,41,116,155,77,130,158,35,9,130,230,97,78,200,42,51,102,178,69,85,140,229,11,97,
168,98,151,179,21,65,151,216,59,158,162,251,254,142,198,72,114,212,10,25,105,249,72,118,176,61,26,119,213,123,119,188,
28,19,112,203,135,188,241,15,108,189,32,162,194,246,91,113,125,43,98,174,252,111,111,208,57,137,216,15,102,114,213,240,
98,203,23,111,52,220,252,155,210,34,123,143,234,35,197,229,25,126,148,152,6,119,175,54,86,93,168,3,205,248,229,79,
100,187,21,154,194,245,56,169,242,101,225,6,65,85,157,197,100,164,7,11,168,142,7,107,230,235,13,99,171,1,114,178,
218,49,123,191,218,62,185,225,56,138,146,186,121,253,27,0,196,208,26,124,2,222,92,190,177,7,142,9,246,53,151,160,
246,114,214,255,43,170,150,49,151,23,6,88,236,245,61,176,250,64,146,229,240,78,181,55,6,148,249,176,75,177,44,27,
111,239,11,82,184,59,102,172,181,13,102,120,56,98,161,202,243,92,204,63,12,170,9,204,97,197,42,82,180,22,228,58,
158,25,65,152,227,237,48,213,93,123,118,23,32,96,172,98,79,166,240,249,138,203,46,86,173,15,239,153,241,105,154,117,
57,69,143,241,119,83,209,51,14,100,200,91,107,170,36,80,107,207,133,173,160,31,11,130,24,147,173,251,92,54,169,32,
136,125,210,89,107,180,22,162,197,7,112,32,197,44,85,188,251,71,56,201,242,133,149,212,113,87,149,249,140,180,180,120,
132,206,48,182,146,16,68,77,222,7,130,194,233,134,143,170,73,120,189,223,128,137,177,21,144,208,247,89,122,243,28,151,
250,57,138,151,237,59,182,1,64,103,112,198,42,165,229,13,112,163,166,105,225,195,65,117,126,15,56,179,243,26,183,192,
219,122,169,18,94,182,123,18,94,254,30,102,135,180,25,142,0,51,119,128,221,39,136,12,208,113,214,211,39,150,197,44,
120,183,227,22,162,29,69,73,230,239,69,134,233,41,80,161,199,0,165,8,85,140,247,191,57,172,56,87,161,8,162,90,
193,48,86,160,182,254,38,197,5,104,108,9,239,104,204,71,76,98,225,205,119,224,82,111,113,10,32,83,218,50,125,188,
30,236,125,225,92,97,136,2,243,65,156,52,92,126,31,53,104,204,106,146,174,248,60,87,178,39,137,156,5,16,137,193,
66,100,207,5,20,101,244,67,114,171,56,21,113,211,60,107,161,68,90,166,198,73,187,182,46,92,188,29,148,177,8,63,
91,189,25,79,198,8,24,115,133,26,159,194,189,110,122,126,52,107,179,5,115,116,142,233,179,222,203,129,133,223,68,189,
220,32,123,69,210,67,155,230,2,135,144,230,15,197,237,44,107,92,202,22,137,146,51,152,149,233,88,135,238,45,156,106,
192,60,159,2,6,104,113,199,67,174,213,252,123,103,252,109,232,16,79,177,151,213,81,239,23,51,149,158,23,123,187,13,
80,132,200,227,130,194,37,65,198,207,37,102,245,224,110,211,138,232,152,24,55,107,144,208,51,116,18,23,121,219,228,4,
163,30,70,98,172,205,11,103,217,30,93,162,234,77,142,9,84,147,210,195,84,125,239,17,138,192,208,40,175,254,44,101,
243,208,44,139,49,45,115,207,3,45,151,16,38,108,197,15,114,204,3,127,185,26,42,120,209,79,132,121,37,234,100,215,
99,130,204,51,17,142,234,90,133,209,234,234,129,242,99,71,216,246,35,136,253,111,162,230,29,77,155,244,114,167,148,0,
255,93,202,71,103,179,20,15,101,192,138,181,162,20,101,121,219,44,188,238,95,105,188,28,73,176,193,94,44,189,230,156,
161,3,101,110,161,232,87,190,253,108,58,144,12,111,210,214,56,65,151,19,126,165,182,115,133,209,219,176,227,211,129,141,
215,57,191,155,25,123,145,196,40,198,179,45,108,93,238,35,137,177,251,97,99,185,23,154,194,255,104,112,185,25,161,201,
15,97,97,3,106,217,255,73,95,167,253,110,174,238,21,178,152,238,58,205,245,52,150,194,24,77,6,48,18,186,204,37,
55,241,3,101,164,208,38,138,5,10,49,171,180,10,110,221,249,51,157,146,44,155,199,46,109,220,175,29,105,31,36,99,
173,206,36,136,3,78,141,222,235,43,178,10,85,148,246,255,50,126,17,57,120,218,247,45,124,46,64,162,225,13,99,199,
66,71,110,232,241,71,171,7,100,141,18,248,113,213,80,120,148,222,255,85,185,52,60,119,230,239,76,151,87,136,189,219,
41,136,226,3,134,206,38,213,141,244,99,137,211,233,49,89,189,56,96,183,60,69,120,220,87,127,166,32,41,103,6,53,
122,156,61,48,134,234,101,176,239,81,90,141,20,143,148,211,53,21,172,29,142,114,185,52,110,183,23,164,157,249,110,100,
135,1,161,210,4,100,126,207,54,184,135,21,122,49,198,20,143,183,246,123,132,218,62,150,225,32,95,104,190,2,116,221,
41,129,70,164,33,205,232,35,151,113,228,91,195,184,13,148,166,239,81,221,0,66,171,91,0,103,144,247,32,130,139,225,
104,227,11,74,137,181,11,76,199,239,14,162,181,13,113,179,238,94,179,184,246,117,233,190,95,196,193,21,132,179,26,43,
141,174,236,104,227,243,109,207,181,11,111,13,250,57,138,176,233,140,217,1,64,167,200,65,165,253,37,100,198,183,37,137,
236,79,66,229,251,71,103,35,92,142,236,216,75,194,42,31,130,243,13,90,201,73,2,163,8,5,89,200,247,94,135,12,
218,107,148,74,79,118,240,249,114,155,46,121,125,247,215,74,145,20,136,204,37,35,60,215,36,76,163,237,14,100,176,102,
142,170,12,21,142,183,50,82,136,7,16,73,236,116,121,184,61,70,121,197,123,104,158,250,61,103,210,79,154,173,21,24,
154,210,83,118,224,22,38,118,5,84,130,191,15,31,108,17,153,183,178,28,111,180,41,155,206,18,41,99,195,34,89,208,
18,34,125,194,55,169,220,32,55,86,209,63,183,219,15,137,103,208,64,179,150,36,137,64,232,59,199,230,48,151,85,203,
66,201,233,236,78,78,243,90,131,179,62,165,165,240,23,201,195,2,124,109,219,63,162,5,68,131,140,226,105,169,209,8,
97,135,221,36,222,19,47,145,189,19,84,183,26,30,119,122,10,66,196,237,80,134,150,238,117,196,243,50,185,150,242,88,
247,243,57,151,201,243,93,216,236,50,139,213,56,146,201,48,70,168,201,7,131,254,14,136,234,208,38,138,40,21,84,174,
174,83,186,227,74,150,213,222,87,187,19,35,157,196,196,20,178,1,44,104,246,211,48,145,52,48,118,211,6,48,155,17,
99,118,223,229,99,155,29,65,111,216,194,122,225,80,118,192,214,30,70,170,61,136,199,6,247,101,201,44,143,130,1,237,
130,243,75,150,213,20,5,115,215,82,157,220,62,12,81,246,126,156,151,1,52,153,14,128,179,247,36,74,179,4,76,152,
230,89,89,186,19,138,192,172,93,105,109,16,152,157,255,97,71,133,1,124,164,6,104,113,140,232,90,209,19,35,135,223,
208,173,216,11,107,127,137,44,180,185,224,90,75,161,5,187,227,255,56,94,151,58,135,175,6,139,148,199,19,166,206,245,
146,138,228,50,208,189,55,94,162,213,33,180,220,62,101,134,255,40,187,247,249,170,182,186,121,246,171,76,177,174,2,113,
160,7,24,122,155,20,61,208,27,55,188,162,248,92,174,243,21,127,212,47,138,250,229,91,202,176,238,106,205,245,52,209,
218,13,81,195,8,71,140,212,55,120,243,67,130,193,178,67,108,222,0,121,175,191,23,158,237,27,84,226,191,27,122,32,
28,98,190,242,28,134,255,21,91,180,254,97,187,242,34,171,228,18,96,205,7,69,169,21,27,109,198,89,86,168,22,23,
40,219,89,47,192,249,39,117,226,28,117,190,27,233,63,154,100,143,124,230,59,150,241,97,76,194,246,255,109,185,76,116,
155,56,65,116,216,83,158,162,4,5,82,211,78,89,215,70,44,130,9,132,137,176,77,27,104,198,123,119,189,33,77,119,
225,86,170,189,37,41,170,226,100,134,240,38,53,137,219,93,124,252,107,106,124,50,156,213,11,120,134,145,11,171,221,25,
119,117,227,28,170,222,21,59,59,224,71,112,215,0,133,83,228,13,195,200,239,105,114,235,20,167,242,246,112,80,245,92,
133,236,56,119,128,249,93,181,197,63,102,102,182,84,163,206,10,152,117,210,51,214,210,24,117,168,210,61,179,5,24,129,
135,5,61,191,227,17,122,100,28,131,242,24,98,120,192,22,135,2,7,105,168,177,42,83,9,229,65,134,206,49,149,16,
56,119,182,167,21,156,28,33,96,194,238,68,109,18,62,79,177,210,75,116,7,82,110,243,217,47,147,34,13,155,0,183,
76,189,56,96,159,1,231,37,161,63,103,131,229,238,103,203,11,93,160,236,24,51,210,18,117,145,219,252,82,217,25,89,
187,226,3,109,148,94,137,118,224,53,144,235,91,70,188,240,249,103,179,70,110,149,50,59,110,210,77,152,156,254,255,76,
205,72,83,209,64,38,124,3,126,131,170,71,21,98,192,117,113,183,27,71,113,219,80,164,183,31,35,164,220,94,128,234,
32,47,131,213,87,118,246,101,100,118,46,164,203,17,107,105,194,51,100,214,4,119,119,216,65,113,189,11,126,126,223,72,
152,231,30,117,129,228,255,113,218,38,126,67,235,62,202,233,51,154,88,210,69,209,240,58,161,127,252,88,200,243,63,79,
98,174,34,229,203,8,95,95,4,107,148,204,83,115,122,166,114,224,23,87,182,187,195,102,179,219,50,183,133,243,122,210,
29,57,155,164,221,53,239,23,99,197,171,36,101,224,43,47,204,115,36,145,2,208,105,214,144,50,153,8,46,120,142,214,
44,127,226,34,132,230,204,69,110,233,41,80,178,187,29,108,231,26,87,186,201,27,117,248,39,99,194,202,23,119,2,40,
107,191,191,97,200,55,93,167,189,5,104,169,71,76,139,237,222,111,176,19,83,134,38,49,42,212,88,131,112,17,26,125,
190,92,132,195,37,46,97,173,64,104,143,241,53,92,180,42,93,133,43,63,70,233,113,118,216,23,32,118,194,120,125,164,
30,57,147,247,127,132,230,72,81,167,11,99,115,202,44,29,115,18,126,134,176,73,82,181,246,148,188,251,93,102,153,229,
120,160,199,41,109,129,26,149,202,230,107,116,202,46,169,174,213,79,88,150,250,176,149,208,66,73,163,240,176,225,22,52,
130,225,59,92,222,40,59,144,233,65,186,237,224,129,92,178,46,204,209,16,114,99,244,88,211,251,23,109,180,193,37,165,
194,6,103,108,200,47,167,201,13,114,123,26,33,232,19,70,166,186,196,103,226,220,86,184,193,220,88,187,30,58,144,140,
210,124,0,43,24,185,148,2,78,4,241,107,205,155,9,109,208,248,55,155,165,4,92,210,241,108,160,169,28,163,251,35,
98,172,240,70,170,37,42,64,230,250,1,164,31,25,147,245,254,25,149,248,91,119,205,248,78,132,58,98,161,200,233,39,
198,30,40,155,207,216,70,205,37,77,140,214,26,112,212,79,84,165,11,230,84,160,86,67,189,31,237,91,191,34,74,137,
237,247,118,157,93,142,195,225,47,142,232,9,147,213,43,50,147,171,108,163,219,50,76,151,1,123,85,211,53,75,126,202,
93,109,196,38,23,109,209,135,107,225,67,89,140,216,107,147,186,52,96,147,218,73,176,239,59,44,189,33,121,161,224,101,
51,196,237,96,105,7,102,41,205,50,178,134,4,102,89,151,54,177,182,245,87,131,158,61,125,148,34,135,62,232,81,195,
224,226,123,132,196,16,198,238,10,108,117,238,23,205,186,241,74,177,198,13,199,252,24,122,166,252,61,160,3,7,96,99,
243,43,173,215,57,111,126,206,94,173,219,21,162,127,220,58,224,220,33,129,120,213,48,255,27,87,194,125,37,124,6,47,
107,201,132,46,144,14,38,32,199,217,37,47,12,55,106,202,222,232,139,6,24,63,161,234,5,105,228,12,134,173,206,12,
112,235,78,65,192,172,18,190,241,243,142,249,5,9,172,17,92,96,194,203,57,157,0,99,86,1,15,23,203,55,103,175,
18,208,93,193,38,54,176,18,248,78,178,80,61,183,222,223,44,212,90,51,177,19,6,68,168,94,75,138,236,245,134,175,
66,82,145,243,55,65,194,32,135,198,18,3,89,248,56,96,159,1,69,96,220,63,103,166,67,0,97,186,69,181,173,254,
76,171,5,38,173,233,5,77,163,241,84,124,246,29,38,124,224,150,131,218,36,45,131,34,81,150,213,26,51,209,237,88,
212,7,102,120,128,54,164,219,27,122,127,135,63,184,227,18,47,125,220,54,87,222,26,54,126,212,34,133,232,39,102,111,
197,76,140,239,243,127,140,226,83,171,187,18,116,101,211,90,178,238,240,111,120,177,105,226,13,60,89,182,0,97,229,191,
80,165,189,20,117,236,198,89,185,197,11,42,234,27,80,88,195,28,116,237,32,19,180,202,229,97,196,236,67,200,174,39,
104,227,226,62,131,223,54,152,10,55,111,152,223,56,164,13,66,55,234,238,72,173,38,69,137,228,174,59,159,39,44,83,
205,214,20,144,46,51,82,180,158,80,189,59,17,143,241,204,58,193,60,41,104,226,211,65,165,8,48,170,12,213,31,194,
61,55,142,216,249,114,214,46,86,184,26,232,86,221,88,128,115,30,44,52,232,84,132,204,47,237,122,222,67,83,205,47,
21,107,207,109,90,212,251,252,73,241,119,58,216,55,250,164,13,127,156,158,55,64,104,228,71,135,233,75,49,135,14,137,
118,205,82,91,177,210,68,137,200,13,85,184,249,116,191,254,61,46,191,232,90,124,245,43,59,146,26,105,152,217,94,59,
152,252,156,152,221,65,110,152,3,122,203,222,70,79,145,252,110,215,35,123,64,233,78,199,230,42,133,85,233,80,211,233,
53,77,141,227,25,172,188,19,152,161,212,56,214,254,2,124,168,254,98,154,185,21,119,99,248,105,169,233,16,114,147,12,
77,235,240,47,104,197,15,112,244,184,95,180,204,35,132,251,213,104,200,212,26,35,249,40,110,194,207,34,64,15,60,114,
201,149,34,134,211,19,117,215,165,251,119,218,26,94,168,177,66,166,222,253,89,187,167,60,173,5,45,143,241,215,21,180,
244,19,76,232,197,34,135,38,34,104,204,248,34,141,8,85,104,208,219,85,141,15,51,155,209,224,54,134,8,39,167,22,
21,39,222,90,128,182,29,31,60,222,92,140,185,40,231,116,216,37,101,199,41,247,77,201,44,108,171,245,254,143,243,43,
74,166,8,244,137,250,58,122,161,3,36,157,222,124,129,192,249,67,166,0,55,158,221,17,50,112,236,138,178,206,48,92,
178,219,110,185,248,90,23,138,238,76,200,5,106,99,116,44,155,192,8,6,119,192,51,175,212,15,35,128,212,59,166,115,
13,120,119,115,50,182,212,185,117,137,144,64,190,218,23,132,65,214,36,159,234,6,104,148,199,43,142,182,245,94,103,194,
93,211,255,63,159,159,250,87,147,203,0,108,113,200,43,163,208,2,91,176,9,97,218,13,0,161,170,210,54,177,241,48,
181,131,217,61,184,27,55,188,138,224,80,176,216,21,189,207,40,58,244,28,104,143,211,238,141,205,13,52,150,159,13,101,
212,247,45,203,190,20,155,243,32,130,193,202,8,108,231,22,85,159,236,77,98,28,68,85,183,192,46,146,48,29,92,190,
199,88,153,55,36,99,209,252,82,136,3,43,130,228,16,43,143,10,50,172,235,23,50,150,14,54,166,242,251,116,181,48,
123,151,249,234,64,164,38,78,143,42,53,120,162,84,124,200,239,51,78,237,45,109,148,246,255,109,180,98,138,214,253,65,
92,251,59,123,162,4,13,123,191,49,158,230,62,3,158,11,124,74,241,70,94,181,22,141,103,236,73,93,186,16,48,179,
251,83,2,186,33,144,182,0,22,101,202,39,151,208,4,108,116,124,31,154,148,14,53,62,148,51,174,179,21,119,93,146,
45,122,221,225,126,76,221,30,188,228,35,98,75,130,72,198,226,31,140,73,222,20,167,242,246,88,156,183,51,150,249,253,
119,104,249,93,157,202,243,114,94,243,65,188,228,35,168,177,7,107,195,14,77,140,149,235,38,226,23,76,106,148,27,114,
233,35,51,178,206,17,66,211,32,104,189,196,43,138,8,55,7,200,206,222,150,22,53,105,142,206,246,114,16,253,60,217,
167,21,97,28,9,96,170,238,68,109,237,8,62,254,198,255,162,42,47,110,243,252,47,123,49,30,84,176,243,29,136,5,
80,99,203,206,80,136,9,44,150,204,220,44,187,10,56,117,197,213,34,218,73,110,182,202,37,110,225,93,130,189,209,46,
127,231,99,137,191,38,40,63,218,39,138,142,43,249,138,203,105,145,208,15,248,69,238,114,144,117,57,69,143,241,119,83,
209,51,38,159,224,67,107,170,36,45,166,10,133,117,184,2,40,97,24,148,186,240,87,89,118,24,150,198,243,98,33,195,
34,161,202,7,96,110,189,226,148,142,8,47,115,142,45,133,208,15,113,87,141,241,77,209,25,126,53,202,46,182,222,226,
127,136,187,66,154,194,228,58,130,194,73,161,236,240,141,115,177,21,150,186,230,145,159,167,91,199,247,63,162,96,237,35,
182,1,5,103,171,198,66,165,8,12,134,119,8,108,172,217,11,100,177,18,17,235,16,9,190,200,28,119,247,24,30,190,
202,40,122,2,224,107,200,213,44,142,0,45,101,136,200,30,143,10,247,113,211,185,50,115,238,246,53,142,180,10,86,16,
56,97,230,204,10,110,233,41,104,237,246,76,120,247,7,154,240,246,85,107,56,83,161,4,10,92,114,44,84,160,2,208,
97,197,29,104,132,230,198,97,206,63,13,171,10,205,119,224,82,111,113,10,253,118,183,85,66,188,251,236,66,172,35,65,
119,246,255,56,219,99,104,167,44,53,104,180,106,87,141,233,44,86,193,62,137,156,4,7,137,193,66,101,207,5,21,101,
244,67,113,174,254,14,91,0,136,166,161,76,90,168,21,79,141,241,93,99,181,14,161,158,240,94,95,90,21,157,187,182,
107,117,201,36,164,197,203,107,119,213,39,175,141,24,117,130,217,59,173,218,18,53,127,218,54,186,161,246,125,144,227,67,
179,243,7,124,145,223,7,130,161,253,95,75,224,68,169,244,16,90,99,185,53,176,251,58,156,109,199,19,226,254,58,165,
74,8,95,233,18,78,172,103,252,96,232,16,20,177,186,237,116,204,244,244,177,195,15,25,239,32,85,93,206,23,138,6,
43,102,122,215,40,144,12,50,104,207,209,232,131,208,51,55,212,162,51,116,18,58,121,184,161,221,156,32,62,35,231,243,
61,159,37,1,134,247,249,68,185,41,87,149,169,241,71,125,51,91,154,217,202,56,132,255,39,104,208,200,85,185,30,105,
168,10,19,105,170,72,112,116,17,26,112,153,20,119,118,204,20,106,184,27,126,189,252,5,91,226,34,133,137,227,205,130,
227,24,142,206,53,234,127,227,72,88,210,52,26,112,212,114,95,217,0,248,157,4,45,169,237,70,68,93,248,115,133,172,
73,82,133,233,100,175,179,80,30,108,199,160,135,169,74,96,147,247,149,189,217,35,103,130,221,82,180,199,48,59,180,236,
109,143,250,48,63,144,31,110,157,214,99,64,156,254,103,150,204,130,127,210,63,108,230,24,137,147,230,70,115,239,44,145,
138,155,68,200,230,203,143,155,229,71,205,169,39,137,124,186,30,212,193,0,98,107,252,37,184,200,7,105,173,183,56,150,
206,85,111,82,4,113,239,197,67,143,187,214,58,181,245,52,126,194,204,121,249,211,98,181,198,37,138,186,25,88,164,149,
38,138,226,10,73,206,156,45,86,201,232,107,216,146,39,139,240,0,63,220,175,5,105,228,71,75,197,182,12,112,38,2,
94,163,235,65,143,242,26,148,187,196,26,126,52,33,120,194,203,33,192,239,34,86,200,25,40,123,59,108,161,169,17,100,
130,60,100,141,215,224,113,154,21,61,124,25,231,85,161,28,68,190,212,250,80,151,34,146,137,219,56,130,227,103,65,210,
39,63,150,247,110,72,219,59,71,141,172,108,157,210,218,66,149,179,109,149,190,8,76,162,227,94,134,232,15,83,110,252,
123,163,204,81,90,176,20,143,148,246,88,38,183,27,150,131,194,95,89,114,243,110,121,12,108,120,190,221,172,200,4,111,
42,210,41,179,220,24,118,49,219,61,187,211,205,116,134,210,220,185,228,23,119,139,149,56,192,173,39,78,111,232,41,140,
239,226,97,77,246,91,212,243,55,146,98,246,93,224,246,66,90,175,0,104,228,10,64,167,169,192,91,214,232,74,172,181,
11,111,199,18,81,120,188,18,118,182,222,88,119,128,183,119,251,38,19,180,189,229,97,255,39,43,141,174,236,104,227,243,
50,207,216,238,70,0,40,57,179,164,18,153,20,25,88,226,235,6,130,32,72,135,157,239,74,96,43,68,139,246,0,11,
166,33,51,90,247,0,51,151,18,93,97,254,204,26,117,52,103,65,2,8,24,208,80,111,163,200,8,94,148,39,55,142,
19,28,79,179,81,121,125,247,35,121,221,21,52,144,242,222,115,228,60,100,198,40,14,76,235,43,74,131,31,252,89,190,
93,89,159,3,47,89,196,63,140,159,7,18,140,196,70,106,210,8,23,109,189,63,94,222,77,76,94,202,144,185,246,79,
93,172,215,144,187,2,82,104,116,15,138,132,219,37,70,191,35,123,163,5,103,53,163,42,165,205,201,34,72,158,229,159,
212,216,117,67,177,56,144,160,26,26,136,225,243,193,234,39,128,142,221,8,193,236,51,131,153,165,85,203,247,55,151,151,
242,79,139,234,41,93,161,188,32,155,254,61,124,168,254,63,153,248,55,107,140,202,70,228,12,40,138,182,12,53,200,19,
82,180,122,208,52,166,235,42,111,183,26,67,249,230,61,194,168,230,133,189,220,111,197,203,42,42,13,40,118,217,223,49,
71,22,60,126,208,126,47,154,28,54,126,221,160,74,179,37,66,68,221,230,14,138,40,80,84,182,215,21,145,12,28,91,
248,1,20,111,7,47,81,242,8,59,159,61,101,129,203,15,42,133,250,92,111,216,226,92,148,22,64,162,216,232,62,199,
22,68,133,11,232,69,165,73,69,138,236,225,62,153,85,138,191,221,57,144,242,100,145,201,242,57,146,254,103,156,145,42,
51,91,215,117,157,161,3,36,98,222,89,105,168,69,78,97,188,84,124,158,63,85,112,15,79,143,241,48,33,178,202,134,
187,240,14,86,172,226,117,133,220,97,106,157,1,159,199,203,69,113,199,43,90,159,222,35,128,212,59,166,137,28,114,120,
215,215,186,213,35,134,140,222,244,195,233,43,125,43,220,73,186,136,33,142,72,234,81,192,230,48,70,142,182,50,173,189,
20,94,162,213,57,180,255,27,125,122,201,41,164,209,249,167,179,253,95,229,193,63,115,183,210,113,201,241,48,146,131,241,
120,184,224,43,134,140,227,67,174,31,91,119,136,222,121,198,6,69,143,176,238,141,229,13,76,209,183,13,82,2,252,83,
181,166,20,96,22,32,95,193,237,32,132,225,61,78,235,185,74,139,6,46,109,183,216,81,122,245,22,138,190,2,29,188,
20,60,123,221,206,60,195,3,43,98,217,225,42,135,249,117,168,7,25,33,201,79,40,179,24,21,105,216,7,110,127,28,
2,88,188,31,95,134,0,253,62,162,39,78,145,238,0,71,178,45,85,147,252,247,73,189,55,99,147,236,65,154,242,107,
158,145,50,72,158,199,66,130,193,35,79,165,206,97,125,250,94,10,166,19,145,103,229,71,34,144,23,87,186,249,91,41,
186,30,94,158,221,51,48,129,242,84,192,10,29,101,200,44,108,148,235,77,86,207,51,115,179,4,106,115,155,23,181,162,
28,126,135,162,65,188,169,0,98,127,181,4,182,222,239,105,149,176,79,202,242,246,147,156,183,51,174,183,43,141,104,214,
93,157,0,63,161,111,0,100,164,228,35,101,106,208,51,178,194,70,177,176,194,107,239,13,8,175,191,28,114,168,39,87,
186,198,21,52,3,41,107,189,129,27,138,182,35,107,195,136,35,144,1,229,105,212,211,207,142,18,48,21,223,219,64,165,
34,70,55,223,227,68,175,28,233,131,238,237,233,175,45,73,134,243,176,76,191,51,80,160,247,6,91,113,43,61,124,198,
10,96,196,63,68,131,205,17,68,203,35,75,105,2,11,75,210,42,82,121,243,228,117,158,84,124,187,226,235,65,224,32,
76,130,216,32,118,172,98,79,201,43,52,103,179,105,81,132,37,46,110,186,112,152,180,22,31,152,193,119,100,155,222,73,
162,250,115,166,153,58,21,131,207,133,173,177,19,52,114,238,81,121,243,26,94,180,204,100,111,182,79,88,128,31,95,194,
1,99,73,135,38,85,190,10,98,39,207,38,159,211,21,105,60,172,41,182,187,11,126,118,222,56,190,215,209,80,89,146,
74,195,238,29,67,45,232,79,120,168,51,154,154,229,12,190,230,15,148,122,208,28,175,191,57,96,164,250,94,158,198,5,
162,112,202,34,148,217,24,93,165,8,73,196,15,78,141,126,15,56,170,204,69,123,139,227,106,185,231,32,174,139,231,70,
236,232,46,138,190,232,82,203,225,39,128,202,45,135,190,238,121,200,210,50,143,211,51,117,220,219,245,149,16,34,132,195,
204,10,134,233,76,80,237,246,76,117,240,24,146,185,198,19,107,37,90,118,216,4,90,155,254,97,101,190,193,81,137,8,
47,151,205,220,44,188,11,58,121,0,221,57,151,62,58,128,227,16,58,164,33,109,128,233,244,109,165,38,76,121,226,235,
56,235,105,63,210,33,43,139,232,44,140,206,53,52,78,233,100,118,216,23,32,94,218,61,160,164,65,74,160,201,68,108,
230,13,26,103,191,121,174,202,44,88,174,239,82,181,185,18,21,165,221,92,128,235,33,49,132,16,95,142,201,84,49,142,
243,146,142,212,56,100,142,249,116,193,212,61,67,193,249,124,156,7,61,77,164,242,116,156,219,61,39,226,73,114,162,24,
122,85,230,15,197,237,44,107,92,237,5,193,246,43,73,90,250,81,202,254,64,148,103,209,84,225,251,34,172,180,247,110,
222,12,74,94,132,218,33,219,16,44,142,186,16,81,180,23,27,116,119,7,63,190,229,77,131,146,226,114,193,240,47,182,
147,239,77,244,240,54,153,198,240,90,215,35,54,159,170,35,91,220,2,47,152,152,66,169,210,76,126,222,243,76,162,231,
35,129,245,240,46,186,52,73,155,242,1,86,108,4,44,78,239,5,56,156,58,98,126,200,12,39,130,247,89,108,210,215,
89,145,19,56,159,213,229,55,196,19,66,130,8,229,66,168,70,66,136,234,24,66,173,37,117,136,242,243,117,173,47,88,
129,234,243,73,142,104,141,134,54,64,155,171,101,141,182,0,68,154,219,86,126,224,7,75,102,185,131,174,155,81,95,172,
5,67,162,225,45,30,175,19,107,147,210,87,37,182,223,82,113,14,47,27,176,33,121,161,3,101,75,137,40,104,135,192,
92,57,150,252,154,150,219,55,108,150,0,118,201,220,69,72,201,1,130,168,213,62,62,232,64,184,233,218,142,138,239,84,
204,240,225,151,158,247,75,129,238,54,142,61,245,92,203,241,59,81,153,239,61,160,200,66,105,114,200,44,226,207,38,112,
121,207,110,157,226,4,118,199,213,19,234,27,93,109,181,245,124,188,228,35,157,166,228,131,178,35,103,123,212,27,135,11,
52,40,193,202,10,86,12,52,80,178,187,52,93,19,0,55,144,226,67,88,18,58,99,173,182,71,112,235,19,82,239,189,
43,119,242,26,148,170,208,9,172,39,57,96,194,6,33,133,0,40,162,201,234,40,140,7,106,93,202,200,46,218,14,37,
169,20,19,15,210,74,44,170,12,255,61,161,87,68,131,229,238,127,168,59,75,138,236,48,58,187,54,65,144,58,251,65,
249,104,141,213,233,68,141,0,124,161,220,240,77,161,8,115,86,218,69,68,64,6,132,160,221,74,7,156,210,136,141,180,
81,90,141,217,108,148,211,88,97,183,248,150,114,206,19,112,203,38,150,129,247,89,76,197,6,129,145,232,50,118,145,48,
171,211,215,57,66,211,252,123,151,205,76,85,142,49,185,190,253,130,139,190,10,192,173,227,63,130,172,23,148,223,242,90,
93,223,23,152,187,37,91,107,187,74,153,199,4,84,100,177,86,222,252,247,92,161,247,69,227,232,39,113,146,208,111,175,
18,81,179,129,215,59,241,222,33,110,149,205,65,4,228,253,193,205,23,121,255,219,89,165,209,39,80,6,243,109,207,181,
11,146,234,53,57,155,147,6,77,14,49,123,233,228,223,159,35,78,59,220,207,72,113,236,20,107,205,190,79,115,226,73,
90,247,0,51,127,18,93,156,219,228,17,190,62,24,167,250,11,106,207,255,94,157,233,218,107,207,39,79,142,19,225,114,
155,14,45,176,29,193,118,215,12,136,204,37,35,60,215,36,135,198,5,246,100,235,102,107,170,236,236,95,195,33,136,212,
19,28,149,249,81,97,219,2,2,82,240,63,110,174,52,17,110,212,114,110,180,22,68,110,216,85,161,180,29,34,161,217,
90,130,173,22,22,192,24,144,193,156,93,99,115,22,99,198,5,68,53,163,42,165,170,233,34,72,158,229,159,212,240,82,
126,212,21,120,219,223,56,59,203,3,130,167,17,71,87,170,54,133,180,243,122,87,180,19,184,180,249,85,138,180,31,148,
231,252,97,102,231,31,158,196,45,99,115,197,82,161,208,9,150,115,209,49,154,201,255,162,184,4,36,237,22,90,104,176,
216,119,207,223,89,187,161,223,91,214,254,96,194,203,254,133,180,29,105,193,134,42,143,15,227,97,149,182,244,147,14,251,
58,180,165,19,95,218,61,70,227,236,246,174,29,66,138,136,230,38,173,40,21,143,182,250,80,145,12,87,115,248,198,28,
111,7,18,165,5,17,87,96,54,101,171,255,12,95,125,55,49,171,13,243,49,173,75,115,143,241,209,68,168,6,109,185,
248,1,122,222,54,70,192,231,231,55,213,36,80,139,25,246,84,176,87,83,153,253,41,83,189,50,134,153,2,13,134,190,
63,101,204,2,17,100,241,66,109,168,53,18,108,206,115,111,181,19,69,111,218,79,162,181,31,36,104,211,69,174,250,82,
23,117,16,93,192,220,38,106,192,1,100,164,227,69,113,199,43,131,206,193,114,126,130,37,114,178,217,118,127,154,254,145,
161,248,66,75,220,5,187,227,223,56,149,223,64,196,136,28,104,148,234,19,201,182,48,146,120,206,85,173,248,252,94,86,
201,16,223,5,71,153,71,248,99,229,255,66,161,100,194,93,170,13,76,139,124,234,113,236,241,48,105,143,229,44,230,27,
55,153,197,27,92,191,34,38,127,130,18,74,201,240,88,142,157,237,125,204,251,58,193,158,250,88,255,251,65,164,209,251,
101,226,51,70,175,186,51,107,236,18,121,177,189,15,158,237,22,84,226,193,26,122,32,28,94,195,242,28,135,254,79,98,
202,210,79,135,8,46,149,203,219,50,186,9,56,121,254,219,55,153,60,56,125,220,212,49,140,86,129,110,15,234,123,223,
55,71,158,35,44,95,195,21,90,153,222,38,137,202,69,144,207,14,255,144,185,43,77,198,252,9,91,235,58,105,165,47,
12,105,201,109,105,175,18,63,105,212,81,156,175,24,33,156,212,86,123,226,24,41,119,7,86,133,197,17,33,119,210,142,
195,248,22,94,134,2,101,200,7,46,55,165,241,132,148,211,112,62,207,51,98,222,17,112,130,116,45,146,221,28,67,135,
162,65,188,193,0,133,107,228,13,136,159,251,64,157,241,88,195,144,42,147,163,235,83,203,173,43,95,163,249,58,157,221,
63,161,135,221,24,176,216,250,155,177,228,72,230,14,42,116,184,211,46,163,5,24,126,137,5,61,190,232,75,129,145,225,
112,191,239,39,180,145,237,79,242,238,52,150,196,240,87,206,33,52,154,161,33,89,219,255,103,157,173,253,140,224,16,75,
155,171,248,157,37,67,62,244,2,79,168,230,69,132,208,252,47,147,246,54,93,250,200,89,189,56,37,100,198,10,37,141,
252,27,119,217,197,90,203,35,75,173,15,245,51,210,18,49,106,6,227,64,166,68,64,133,225,22,64,170,32,115,134,239,
242,115,171,44,82,127,232,232,127,240,97,69,216,39,49,145,238,50,146,212,59,58,84,239,106,124,222,29,38,100,224,67,
166,170,71,80,166,207,74,114,236,19,32,109,197,127,180,208,50,94,180,245,88,187,191,24,27,171,227,98,140,241,39,54,
142,22,101,148,205,90,55,149,242,152,148,217,57,106,148,255,122,141,211,53,53,223,55,175,224,187,114,101,222,66,130,229,
233,134,143,194,38,196,201,43,82,91,160,33,127,251,56,157,150,145,80,210,1,50,152,158,174,81,158,1,64,127,112,222,
101,224,229,36,93,131,217,32,218,15,43,141,185,15,80,179,22,26,115,118,6,62,188,229,76,130,146,229,113,192,239,40,
181,146,238,79,243,241,51,145,197,239,87,208,34,53,158,163,34,90,220,254,104,158,175,1,88,218,249,121,232,231,249,177,
49,80,132,169,233,63,141,43,48,111,185,218,24,183,247,90,153,251,201,31,131,57,38,105,191,191,50,150,244,91,167,230,
239,104,204,36,52,174,213,213,37,195,18,65,130,7,228,64,158,69,65,134,227,23,65,172,33,116,135,239,246,58,165,23,
128,204,36,233,71,247,95,136,209,44,254,140,243,115,145,148,45,54,118,253,85,125,164,30,15,160,201,127,167,230,13,22,
108,11,75,119,173,3,75,174,239,106,181,244,51,36,181,222,80,114,235,33,45,132,16,95,142,202,84,49,142,236,146,142,
211,50,42,135,235,93,212,22,38,131,198,43,176,209,217,115,127,218,52,115,210,17,93,137,188,32,131,195,234,135,85,230,
74,197,178,241,83,151,178,26,140,168,38,149,123,209,88,211,216,255,156,106,183,21,202,198,8,107,156,198,49,169,249,12,
117,120,249,49,178,215,63,117,132,216,100,179,226,29,110,126,212,56,170,38,89,184,202,188,117,218,37,100,139,207,234,137,
4,9,72,205,179,44,85,208,231,67,136,229,57,160,11,216,114,219,235,56,160,24,250,120,172,240,70,135,234,42,140,238,
212,42,101,253,37,71,232,254,49,149,51,91,119,193,5,32,123,240,82,101,203,213,82,138,11,45,152,206,221,53,189,12,
59,118,1,222,58,153,63,59,129,224,17,59,167,28,110,131,232,237,110,166,37,75,180,234,250,76,217,40,87,144,29,250,
88,184,33,80,134,41,63,139,171,122,167,221,52,0,141,241,86,161,189,31,16,126,202,128,109,231,73,82,109,209,76,175,
179,25,22,99,228,95,106,232,87,61,147,26,149,154,193,94,44,121,215,140,136,206,50,94,136,242,103,187,206,54,58,187,
243,117,151,1,55,70,154,236,110,141,13,124,123,141,69,173,214,31,122,76,218,65,193,223,226,123,132,196,75,163,203,242,
108,93,238,23,205,245,52,91,100,186,89,153,197,251,81,153,252,61,184,3,66,129,114,3,44,158,192,57,111,124,211,94,
173,219,20,162,127,219,65,224,220,34,128,178,220,70,188,15,34,139,145,15,71,202,236,27,132,141,218,146,1,38,110,108,
202,10,145,12,249,115,154,222,52,117,240,59,87,220,175,5,88,240,251,142,238,250,64,73,31,80,133,141,241,80,170,203,
77,151,170,255,88,176,41,92,79,240,6,57,133,24,64,127,4,13,40,152,81,48,109,213,212,48,146,9,56,112,216,227,
57,230,4,120,186,16,23,120,144,74,114,155,229,6,92,168,35,134,138,4,48,134,175,42,106,169,46,8,81,165,102,151,
217,233,49,135,213,56,96,159,60,10,120,255,122,162,225,20,17,98,189,116,169,197,15,48,134,234,136,176,180,5,82,179,
200,130,170,211,29,62,148,224,91,190,194,60,104,190,231,98,162,225,102,64,184,28,129,145,232,74,59,145,48,112,176,18,
116,66,152,20,143,218,216,110,132,183,3,150,190,253,130,139,166,52,179,219,4,78,87,173,76,140,204,46,144,153,239,68,
130,239,55,143,84,239,92,205,155,53,160,159,155,89,223,184,67,168,165,249,104,151,254,61,113,181,232,52,199,239,81,144,
129,227,133,182,222,24,127,137,229,61,189,236,40,129,144,231,80,16,219,102,203,200,28,139,186,33,96,172,181,11,111,13,
250,116,179,164,250,118,20,60,88,179,175,245,159,35,78,59,220,183,13,137,236,79,107,240,214,20,179,11,51,114,247,221,
27,139,250,29,83,241,250,34,193,25,41,128,226,14,65,141,247,99,173,192,8,94,172,39,79,142,19,225,114,179,22,62,
149,26,35,86,174,75,115,156,254,7,93,228,36,135,163,237,246,100,235,102,107,140,34,43,83,242,74,90,177,19,63,114,
190,99,143,160,2,35,97,0,88,163,191,9,77,128,228,95,170,198,16,69,94,7,139,169,164,75,93,169,179,136,187,171,
89,101,175,17,151,115,241,83,105,191,232,158,139,5,103,53,139,42,109,154,221,125,136,129,43,175,218,199,104,113,177,56,
144,184,247,89,98,219,4,127,191,230,84,81,162,14,117,225,43,62,134,220,77,200,181,47,86,154,240,25,148,247,254,101,
144,234,78,179,254,26,124,133,219,63,221,202,9,131,116,246,58,235,20,81,170,184,7,50,226,15,71,186,121,207,106,229,
247,89,152,161,247,91,214,33,37,135,168,230,67,198,242,36,130,151,242,89,198,245,59,141,141,40,149,6,234,110,217,216,
212,160,14,69,138,233,238,246,153,254,73,136,175,243,14,173,40,45,108,241,215,80,121,244,245,143,250,249,245,179,57,18,
157,2,255,83,194,241,88,151,203,236,42,201,33,73,136,13,22,49,208,75,115,119,241,227,57,168,14,54,129,225,234,63,
167,23,73,133,239,245,62,158,39,84,148,230,230,136,239,94,132,206,228,44,108,184,110,91,178,55,64,91,191,70,172,237,
242,65,160,7,48,151,214,69,78,105,205,131,112,175,41,85,113,214,91,119,177,31,16,170,25,69,172,213,31,99,126,250,
152,192,196,38,89,179,23,159,199,203,45,113,140,240,131,206,211,54,105,159,238,160,200,20,118,68,154,57,121,161,248,125,
76,163,254,174,214,34,132,82,168,71,135,175,6,139,90,177,11,130,184,252,95,79,234,87,200,172,48,155,154,150,84,218,
179,62,163,160,244,99,146,249,56,167,117,6,106,170,234,41,174,124,234,54,201,229,91,184,197,28,126,240,29,85,120,143,
221,73,191,236,46,144,147,223,58,1,44,95,191,211,221,128,8,13,111,209,159,13,89,236,20,83,157,166,55,108,204,249,
54,222,240,73,91,21,74,78,235,209,39,174,238,81,85,183,251,22,122,1,29,87,176,245,75,188,252,95,158,197,230,60,
195,3,67,106,228,196,94,205,249,96,172,235,23,109,150,41,57,144,242,251,57,157,83,76,173,28,2,123,223,31,95,134,
0,9,95,171,38,137,138,236,38,124,237,45,144,207,246,23,109,244,52,116,155,21,15,158,4,108,90,208,63,13,158,223,
90,165,169,70,20,106,9,73,113,171,64,86,113,16,104,144,242,25,93,120,220,146,127,190,24,24,179,32,145,117,249,100,
99,95,37,163,191,252,105,38,194,53,169,198,22,109,124,209,231,161,179,21,84,128,179,23,181,221,225,91,67,208,52,129,
228,232,133,142,228,37,136,235,231,42,146,229,3,204,245,57,71,143,229,27,209,190,56,154,163,214,34,216,180,71,157,163,
2,24,229,0,78,177,183,9,31,224,3,77,182,177,194,107,239,13,242,182,194,12,110,244,208,78,130,139,225,69,251,232,
98,196,146,0,76,2,42,105,203,136,251,66,17,52,114,219,220,39,142,22,244,125,210,217,59,162,20,6,88,236,245,61,
176,10,66,127,236,238,8,99,45,88,69,183,8,23,84,49,92,143,239,3,13,176,43,37,124,198,10,96,137,28,44,107,
205,238,44,144,11,75,173,195,233,34,218,80,119,189,23,21,110,223,16,130,180,20,41,130,216,29,101,187,43,53,106,222,
87,138,194,232,232,141,244,29,85,220,247,217,151,238,120,161,221,59,246,139,193,60,100,163,64,14,159,3,67,131,170,71,
80,166,10,57,127,189,2,28,111,216,85,104,246,91,18,167,11,88,152,191,92,101,128,252,95,135,198,64,49,135,235,126,
201,188,60,68,125,242,106,148,173,106,124,200,210,172,209,202,52,61,147,247,127,168,231,73,70,167,12,135,175,225,63,85,
162,26,149,176,232,65,153,242,4,135,175,238,93,103,189,33,144,195,3,101,110,183,23,159,190,17,115,112,190,34,148,16,
67,162,180,188,108,234,6,67,176,109,2,102,179,219,85,124,157,219,63,245,29,33,190,199,29,129,217,245,31,191,215,38,
127,11,40,109,206,145,232,67,10,53,104,200,220,230,137,4,22,61,218,168,57,127,29,34,97,183,188,16,93,30,79,145,
161,233,63,117,8,83,87,209,253,48,124,15,43,94,187,204,14,182,60,21,147,245,232,38,197,5,104,132,9,239,69,157,
3,98,161,237,222,111,152,78,83,181,244,253,52,159,26,60,134,231,228,54,169,38,76,139,217,39,134,224,23,145,195,52,
62,145,241,30,133,196,16,1,146,187,113,118,216,23,32,77,246,122,152,156,253,7,84,253,127,174,223,252,73,170,191,134,
177,228,68,88,98,5,128,146,209,51,60,122,25,113,153,216,46,117,129,235,95,131,200,45,52,131,236,108,151,201,48,62,
150,63,93,209,19,105,112,209,233,163,203,23,62,71,181,25,148,188,227,69,137,164,16,132,183,233,59,138,233,80,121,224,
44,107,116,178,22,169,209,248,149,158,209,37,158,204,255,92,92,238,82,183,223,30,128,113,2,67,190,230,252,162,182,189,
96,219,16,20,118,151,237,81,204,220,27,184,134,228,65,199,17,80,191,141,227,95,218,2,65,139,148,37,78,209,242,42,
192,201,9,109,232,16,55,212,186,16,116,1,45,121,184,193,4,104,251,35,74,231,240,35,119,240,62,64,231,249,69,101,
37,86,139,169,247,86,176,209,88,148,176,193,23,123,246,45,108,203,217,32,145,12,49,117,199,204,47,138,25,65,115,206,
206,115,218,3,51,114,212,236,66,163,35,60,136,234,240,75,159,22,75,129,247,0,74,166,33,64,211,41,47,142,164,99,
150,134,52,64,138,236,114,78,204,0,33,119,219,62,102,224,31,40,126,202,128,133,231,26,97,109,211,76,111,179,28,29,
111,216,87,129,181,33,37,199,206,149,192,243,83,103,113,20,143,161,200,66,75,196,5,163,144,10,73,58,203,12,170,163,
213,39,118,213,60,101,204,11,87,72,182,2,149,189,228,70,103,189,9,132,172,3,136,86,184,16,134,165,32,84,117,203,
47,146,186,52,115,124,210,30,212,217,59,81,158,255,20,206,246,31,105,138,224,103,191,10,14,171,145,207,110,198,17,33,
165,174,238,58,205,245,87,150,194,221,124,212,228,94,157,201,222,118,195,3,66,164,149,235,138,226,10,73,147,215,10,145,
251,39,102,178,163,17,93,240,24,63,161,199,29,105,228,12,99,232,182,56,95,31,80,133,163,241,80,170,225,78,148,253,
248,9,185,55,83,144,253,186,79,179,24,99,103,4,234,99,140,66,106,169,208,217,47,150,14,66,108,12,36,115,204,88,
117,186,27,222,53,144,87,130,181,21,41,51,214,81,134,138,4,245,75,175,101,106,204,46,20,106,206,54,89,164,252,10,
72,242,118,161,142,47,69,155,220,87,127,225,8,76,103,203,70,110,197,15,83,110,222,77,112,183,5,82,179,200,130,170,
246,29,62,124,224,91,190,218,95,104,155,255,122,143,201,55,43,184,28,164,145,232,50,59,145,48,136,211,18,81,90,176,
1,119,152,222,64,67,161,10,118,154,231,79,84,166,249,185,234,31,61,152,225,84,208,245,48,68,140,226,83,147,211,250,
92,101,246,55,213,253,25,123,132,199,38,144,253,69,157,107,192,37,151,4,76,164,83,11,114,225,7,81,103,182,27,120,
232,33,85,189,197,205,112,235,229,60,134,167,32,73,255,39,102,200,174,236,71,249,11,50,148,157,243,146,234,250,57,150,
147,40,94,217,1,88,167,176,65,106,253,8,59,220,229,13,137,4,20,142,181,249,20,144,243,27,82,149,253,80,110,55,
96,164,178,250,34,134,1,100,104,202,211,41,200,32,107,111,209,21,48,131,77,120,101,21,31,122,138,42,116,179,1,43,
110,229,81,66,165,26,31,120,190,92,128,198,32,10,130,230,109,66,213,43,49,144,166,115,142,220,63,69,151,173,131,173,
143,54,72,148,158,123,166,217,57,77,87,250,71,111,174,75,49,170,14,137,142,205,23,56,177,213,68,171,234,54,39,125,
28,151,132,195,96,70,191,35,82,151,185,107,103,187,42,165,137,229,105,114,180,57,161,220,12,55,100,205,45,171,181,23,
117,133,211,24,181,221,40,64,42,223,64,117,235,43,146,71,220,18,141,181,47,110,154,240,84,172,212,251,117,161,171,94,
220,178,63,162,176,178,85,208,226,9,107,175,5,46,169,12,40,173,182,192,115,241,199,84,183,197,199,126,244,15,93,194,
192,29,134,187,7,89,185,206,39,125,7,220,111,197,203,42,64,13,40,118,217,223,49,71,29,71,41,208,226,46,56,21,
64,120,216,236,246,153,20,38,101,175,243,73,138,5,45,143,241,174,33,104,62,104,52,242,4,93,111,41,59,157,196,205,
35,159,26,42,164,198,195,88,188,9,108,112,13,22,108,173,16,115,102,17,31,39,212,86,111,182,33,43,54,229,91,118,
196,41,39,132,237,34,110,192,32,53,142,228,110,76,130,40,60,45,240,104,74,219,48,55,153,0,109,95,195,70,60,165,
250,48,117,180,249,65,164,229,96,171,234,41,26,171,212,70,104,225,23,36,124,6,85,132,189,74,39,132,229,136,132,202,
46,32,125,216,148,201,254,28,119,192,34,169,212,5,49,78,209,59,175,205,27,77,89,219,46,181,213,207,133,130,213,66,
89,227,37,123,130,227,251,181,175,6,80,113,234,43,166,241,245,111,120,182,26,208,189,55,77,115,172,79,215,196,62,101,
110,196,99,187,227,10,167,117,203,89,235,6,67,177,189,5,51,213,17,75,166,114,9,122,235,207,22,191,204,221,118,250,
37,88,194,136,223,58,194,221,91,202,152,41,82,205,245,111,174,183,245,148,212,252,101,222,218,46,158,28,59,68,205,234,
59,152,214,26,61,177,182,19,107,199,78,138,166,253,84,189,228,75,92,214,199,53,188,20,60,158,197,230,60,136,3,102,
106,7,196,91,204,61,33,104,16,26,117,133,63,103,144,21,251,116,157,48,64,186,225,217,126,229,14,117,158,35,9,130,
195,62,137,200,239,16,69,224,91,85,207,246,58,144,244,76,92,214,245,254,75,3,114,151,223,221,72,161,249,114,165,152,
57,20,106,206,132,172,200,77,86,113,237,63,132,166,71,80,120,23,146,186,214,32,65,127,227,94,136,205,30,113,186,28,
163,206,255,43,71,206,37,156,172,6,48,45,194,16,115,155,218,60,128,179,255,122,154,186,126,138,212,54,188,152,22,120,
142,193,13,160,200,239,105,149,200,15,126,229,36,147,156,207,86,174,214,56,95,163,173,46,140,243,50,126,111,221,100,223,
204,11,133,177,204,48,230,211,18,116,125,202,101,224,218,84,123,191,21,121,209,225,91,122,100,28,131,242,24,98,120,192,
22,135,223,239,70,203,212,7,107,9,49,112,210,219,246,73,225,236,106,204,226,21,97,249,9,96,194,179,9,109,35,7,
125,223,245,40,116,7,47,86,208,252,47,118,229,76,93,191,200,54,130,253,96,100,222,199,254,196,66,94,155,8,197,90,
190,35,110,138,236,221,75,151,77,58,180,22,31,58,158,25,124,128,230,218,77,148,97,124,185,39,51,123,169,67,147,209,
32,60,135,241,107,152,132,53,65,69,4,129,54,215,60,57,141,252,43,146,209,5,73,159,224,126,107,194,71,45,131,207,
133,138,201,19,28,97,226,64,167,208,50,35,180,24,147,187,215,57,42,187,252,154,159,222,31,95,181,3,161,166,229,47,
80,142,45,109,208,15,113,63,149,249,175,156,223,56,53,202,46,123,222,226,127,136,222,31,130,229,228,58,130,216,14,161,
201,240,141,91,236,21,168,184,247,81,59,240,81,134,237,254,96,105,250,94,182,1,64,103,136,181,90,226,0,251,156,165,
8,73,172,236,78,176,150,236,115,238,22,85,183,133,202,111,247,21,16,177,186,226,129,252,1,99,138,171,36,101,224,240,
106,169,178,240,84,190,58,109,204,222,208,150,20,48,109,218,151,44,149,250,10,97,171,239,34,169,1,17,139,202,170,29,
100,239,95,86,146,247,86,189,230,77,118,251,201,31,131,22,62,101,2,203,21,184,51,45,132,230,215,104,169,12,52,174,
196,22,113,135,75,122,170,20,38,125,150,72,112,153,30,4,90,166,57,73,195,234,46,132,232,40,80,143,44,250,84,172,
30,138,212,209,57,140,170,100,140,157,23,32,94,253,85,101,164,65,254,113,213,51,154,230,37,46,167,11,99,115,237,20,
20,100,2,81,125,189,70,35,127,221,132,128,197,41,86,128,235,98,179,198,46,50,179,235,109,146,249,47,64,144,228,102,
133,24,110,116,211,233,163,203,244,62,95,157,60,148,223,251,69,137,188,247,143,154,24,122,109,171,39,138,237,9,142,116,
178,81,169,168,242,73,90,176,32,145,199,247,91,108,184,253,211,2,72,156,169,252,26,212,252,13,135,144,206,109,197,213,
20,177,110,225,69,163,10,86,149,158,23,123,211,227,93,132,132,212,114,193,236,44,182,147,240,81,244,240,54,146,198,240,
90,210,233,47,136,224,57,75,5,45,62,184,193,4,163,251,11,74,231,164,23,123,217,64,140,203,212,77,177,9,25,147,
186,186,10,168,247,34,98,236,201,38,135,42,38,108,200,252,38,144,8,89,108,212,219,89,145,19,55,101,206,206,120,208,
72,121,106,11,20,84,160,51,67,189,252,40,91,167,93,98,120,247,227,120,220,65,81,168,242,54,105,240,72,88,210,17,
241,82,171,46,95,157,250,9,94,187,23,154,224,73,68,158,255,52,155,218,14,47,133,209,135,140,179,21,89,99,228,95,
106,232,87,61,147,26,149,154,193,94,44,121,215,140,136,203,47,94,136,242,111,187,206,55,58,187,243,118,151,1,55,70,
154,38,117,164,227,48,64,141,69,180,217,33,53,125,211,33,132,196,235,136,110,231,40,139,238,10,67,105,162,69,192,210,
249,115,100,245,54,212,217,0,157,131,176,31,143,199,78,121,97,252,105,218,168,66,173,172,168,102,236,197,80,181,178,6,
117,164,11,87,126,159,24,65,247,31,35,157,142,240,139,1,45,109,205,205,40,133,193,250,46,152,163,245,92,213,252,48,
137,222,55,143,8,59,46,207,175,64,105,31,12,134,232,206,71,136,3,78,82,204,189,19,131,227,11,72,240,2,91,109,
39,92,155,218,227,92,157,0,99,162,225,222,40,135,249,93,169,208,241,106,147,73,113,117,239,224,37,205,83,44,170,222,
34,61,220,28,127,190,253,41,92,192,94,75,162,236,245,87,221,42,141,145,46,252,141,241,73,148,176,18,62,89,213,56,
96,156,254,56,155,196,87,162,166,67,76,103,227,70,119,239,83,73,101,0,136,176,204,46,90,141,217,143,183,211,24,84,
183,27,115,155,253,60,45,190,34,122,130,184,95,113,189,221,157,206,3,11,115,198,228,103,143,206,48,67,155,255,123,152,
223,67,76,163,251,114,167,221,83,92,165,2,116,235,45,61,78,164,8,141,183,246,89,87,181,27,150,191,242,80,102,179,
43,166,194,249,91,91,5,93,213,6,247,157,177,184,104,230,2,63,172,105,254,111,199,18,46,120,188,239,83,241,234,96,
189,202,33,131,245,34,90,125,147,226,76,195,239,44,145,155,228,63,6,49,100,196,216,226,133,234,18,116,214,188,250,153,
20,25,64,226,200,6,130,253,25,61,159,166,66,175,45,3,129,240,214,79,179,11,27,114,247,221,27,186,1,34,109,195,
199,20,180,60,65,163,226,211,100,165,32,107,94,4,24,31,194,39,79,177,19,249,55,214,81,86,125,26,0,62,186,53,
81,178,254,7,128,228,60,76,198,40,14,76,235,67,83,170,12,250,80,229,109,114,212,19,4,149,214,81,156,169,68,79,
146,188,110,163,191,68,77,128,204,95,170,198,16,84,118,211,73,164,240,47,91,177,242,85,149,247,54,39,184,232,92,124,
178,89,107,183,215,151,200,253,27,105,198,49,158,129,4,113,43,205,52,163,201,19,41,113,199,253,179,219,247,124,74,160,
4,186,191,230,84,155,243,250,187,236,46,62,134,220,42,141,240,47,110,119,181,25,207,247,251,99,114,188,27,160,178,53,
162,92,241,85,162,5,68,131,175,202,46,169,12,40,114,165,255,99,200,216,82,180,154,240,60,183,26,89,128,143,11,79,
0,41,102,191,205,28,71,247,36,92,207,142,228,127,250,12,51,208,217,12,112,211,251,117,215,165,1,88,218,8,62,156,
177,6,108,224,19,69,158,236,75,165,220,73,145,233,174,73,182,39,245,147,242,181,93,180,45,97,163,247,202,58,183,68,
73,153,12,4,108,198,76,101,95,222,231,32,216,81,124,171,200,32,121,139,14,130,198,31,29,54,209,76,94,192,255,8,
70,194,37,136,140,41,50,136,177,44,84,206,245,2,76,167,63,103,137,42,64,115,215,117,157,185,3,71,98,189,50,148,
167,16,27,148,204,77,111,218,16,31,112,255,78,125,182,67,32,124,222,71,118,172,79,101,177,209,84,200,244,87,106,185,
230,153,196,8,96,45,186,30,131,206,234,76,61,171,247,173,154,20,118,127,154,254,121,220,224,70,70,144,51,187,192,255,
132,141,192,12,194,175,229,65,132,174,22,144,225,244,92,95,225,25,155,195,39,93,108,188,76,155,202,10,144,109,201,47,
206,202,16,116,160,202,52,173,195,9,107,107,16,119,160,28,72,171,190,13,58,237,24,92,180,129,14,114,215,34,62,160,
145,255,75,1,238,104,202,211,238,82,205,48,52,154,154,228,135,15,20,83,216,225,20,96,22,8,62,154,221,7,111,230,
58,77,182,188,58,114,244,24,128,182,198,29,165,244,35,100,233,198,35,135,39,35,105,200,249,35,143,2,86,105,210,220,
28,135,2,42,105,194,31,105,202,78,18,166,8,251,57,181,24,123,151,28,2,64,223,55,54,146,215,31,117,195,38,102,
141,42,16,137,202,45,144,172,229,249,68,176,57,96,154,247,6,96,191,51,60,214,65,64,60,255,119,89,215,35,79,130,
9,97,137,235,77,27,137,204,126,166,183,84,34,179,23,146,151,190,91,33,110,38,149,186,2,0,94,180,2,101,165,204,
105,79,200,9,108,207,235,36,74,131,38,161,179,218,84,69,214,23,181,186,225,126,100,145,0,112,168,47,75,87,176,230,
188,237,34,42,141,238,3,202,245,40,136,156,166,73,196,249,21,154,104,190,93,216,197,28,114,185,17,24,217,10,76,92,
164,228,48,195,211,77,116,149,235,55,237,21,84,147,132,230,62,180,228,15,181,201,208,115,238,35,63,196,146,232,135,2,
239,70,186,199,7,83,230,246,112,151,184,14,90,16,56,119,182,167,41,109,35,76,137,226,240,63,106,26,71,127,242,177,
7,162,7,23,110,184,252,23,147,14,30,152,250,3,54,130,246,38,102,190,195,37,139,10,38,109,212,206,27,196,72,102,
97,8,26,102,112,69,120,104,22,34,108,206,84,48,174,250,38,89,189,32,72,159,1,45,96,196,98,138,142,242,249,91,
187,45,92,156,230,59,148,236,101,152,139,44,53,117,252,84,159,163,29,14,100,224,126,166,229,12,33,113,213,77,120,160,
75,81,97,205,72,167,208,85,59,145,221,88,152,215,92,66,152,31,154,135,200,40,42,181,3,161,166,229,47,56,166,10,
168,173,236,113,122,149,251,116,150,9,107,94,215,24,182,163,250,68,77,187,66,189,229,233,68,130,216,38,196,201,43,82,
115,177,21,168,243,50,148,98,176,41,163,190,246,79,172,246,87,219,181,56,165,95,1,104,215,253,71,93,165,251,73,172,
212,43,176,185,212,115,238,219,38,198,209,202,116,248,35,16,177,140,29,94,217,36,99,197,206,1,136,224,43,59,145,149,
243,67,2,53,37,198,207,15,91,214,22,120,218,168,57,162,226,52,119,171,239,34,134,36,76,139,237,211,76,141,43,68,
99,251,5,89,180,52,85,91,242,0,79,196,245,29,147,199,11,62,162,64,104,167,9,239,104,169,71,45,116,218,214,40,
152,21,67,116,222,228,51,142,78,127,180,210,32,127,217,16,125,195,44,39,56,243,95,136,202,37,233,147,245,115,139,133,
43,63,70,239,115,145,140,51,69,145,177,113,162,215,223,82,149,250,127,160,168,69,83,174,4,140,182,169,66,75,139,239,
82,181,244,51,60,146,25,148,124,175,108,4,194,25,146,198,8,92,33,148,219,149,189,206,107,57,202,46,169,174,213,114,
59,111,59,165,222,20,129,143,140,13,107,210,17,128,102,164,32,155,171,2,135,109,166,232,204,228,47,148,144,161,34,128,
231,38,149,158,209,88,176,216,58,97,165,175,30,142,245,52,128,113,223,43,225,230,72,135,120,9,74,134,33,12,79,179,
18,108,141,15,89,108,193,26,114,235,30,17,178,187,251,130,218,2,41,163,207,234,137,201,253,56,152,158,244,68,11,54,
105,201,221,231,138,239,255,62,219,193,63,163,251,70,86,178,186,15,119,217,74,134,162,179,9,164,31,49,147,210,219,25,
149,51,32,154,193,195,78,178,23,98,126,224,209,63,198,6,105,109,201,6,70,146,13,112,140,17,26,77,212,13,106,147,
221,230,119,184,86,126,154,31,229,80,179,33,66,120,46,43,126,235,24,140,206,36,43,140,164,94,147,210,52,26,112,188,
114,154,182,251,55,95,195,86,102,165,7,40,161,226,93,109,231,14,23,133,12,82,116,191,23,31,121,211,84,128,169,74,
96,182,26,114,154,193,94,103,154,225,143,137,200,66,51,137,237,128,203,231,73,58,203,244,111,175,17,62,65,163,41,118,
158,245,63,72,158,26,184,189,252,70,138,165,9,156,231,241,77,81,163,62,198,238,45,108,117,179,82,205,210,243,137,100,
186,54,153,193,0,122,166,217,61,160,3,7,105,138,3,50,167,199,2,112,124,207,53,157,10,80,185,180,197,128,236,21,
87,178,118,32,130,0,24,18,184,204,211,124,0,30,25,192,210,30,62,254,47,100,108,208,47,137,170,44,118,137,222,55,
143,8,59,46,207,221,5,164,31,71,75,197,206,36,112,235,43,106,204,189,78,119,254,17,80,191,201,26,128,251,26,104,
201,203,35,136,248,28,108,202,215,32,123,66,109,160,0,20,30,193,60,54,176,239,248,54,154,80,85,124,246,255,85,173,
102,144,114,26,44,133,151,81,134,162,4,13,99,199,42,82,169,11,20,141,182,49,101,152,245,8,72,240,118,79,205,47,
10,155,220,87,103,166,67,41,103,227,94,134,215,61,83,134,234,101,141,204,22,31,141,241,108,183,187,29,82,136,215,137,
190,218,60,69,155,255,98,138,225,67,76,197,238,105,138,254,109,83,169,13,136,176,215,57,90,176,20,178,159,222,56,61,
164,4,131,149,25,132,131,149,62,194,224,197,134,140,156,8,131,171,234,92,95,185,30,140,194,251,97,107,179,19,155,186,
13,111,107,186,21,223,10,247,97,106,192,52,169,213,21,106,129,209,57,181,207,10,121,121,227,71,182,214,21,110,203,21,
118,250,212,87,196,126,32,135,246,28,102,124,196,26,80,6,11,74,172,216,11,87,13,250,116,179,164,18,94,229,248,55,
170,177,9,107,230,6,80,175,191,14,121,228,8,88,185,193,12,103,46,89,140,236,0,10,173,40,58,156,195,7,58,134,
60,100,128,5,211,53,215,84,31,164,15,27,31,194,61,114,142,216,225,79,179,22,121,125,247,232,74,162,24,73,115,25,
45,52,215,82,100,198,237,49,100,176,102,142,170,47,253,125,229,96,149,177,251,4,114,214,57,156,160,26,11,141,209,55,
150,213,68,42,104,204,95,135,174,75,25,135,211,71,164,227,82,56,118,218,109,149,188,89,39,149,225,84,120,200,41,49,
115,28,160,190,185,96,114,190,222,158,205,19,103,43,197,52,96,212,22,108,115,212,236,166,160,223,89,74,160,28,186,226,
230,96,105,191,70,158,174,237,91,155,236,84,208,246,44,147,149,172,29,145,195,1,99,106,188,34,147,178,61,162,159,243,
98,145,248,33,107,116,202,105,169,209,16,173,123,209,112,188,201,8,104,183,22,125,166,13,54,187,137,26,91,214,254,96,
194,203,254,86,197,232,30,188,151,237,105,204,244,75,208,217,244,112,235,19,117,180,165,251,78,13,64,53,214,201,7,107,
230,73,77,175,184,73,114,237,80,96,228,215,21,121,244,87,91,189,198,87,128,251,94,95,193,251,35,135,26,42,105,227,
15,101,142,33,73,136,13,243,49,149,25,122,187,10,217,102,180,82,63,185,248,1,87,222,89,129,157,226,30,94,229,37,
136,164,6,15,136,236,103,108,139,228,50,145,235,34,143,215,47,244,143,252,109,59,213,64,63,59,250,126,156,129,66,72,
88,191,118,158,199,41,26,171,15,103,143,206,83,92,102,232,69,125,4,31,23,193,25,145,194,157,105,95,182,36,152,137,
13,107,119,207,231,153,193,234,76,61,206,50,138,178,241,118,127,149,237,174,229,29,116,142,217,67,189,159,21,132,106,192,
36,135,199,41,139,148,175,19,142,182,245,82,79,228,72,173,213,252,118,127,213,57,215,220,62,101,169,255,32,124,12,62,
175,185,12,108,153,2,14,181,174,16,119,229,200,37,105,180,214,127,234,30,96,181,99,20,129,242,223,255,188,206,26,36,
249,44,28,202,214,32,130,8,228,98,196,159,13,148,236,252,118,157,166,252,96,219,8,95,181,178,13,112,239,254,137,238,
235,63,174,221,68,109,242,216,22,146,13,88,92,214,199,53,129,252,60,158,209,213,37,143,9,26,162,1,196,34,134,56,
96,113,235,23,74,150,76,57,120,218,227,57,157,48,57,173,15,234,88,223,55,71,193,232,241,71,171,38,78,165,233,38,
102,237,69,85,172,14,58,85,209,52,116,155,253,30,151,185,105,123,221,28,13,123,223,125,106,193,11,44,106,206,97,172,
168,31,39,112,205,63,187,238,77,95,103,23,149,177,238,91,24,173,30,153,158,0,39,72,134,234,160,141,228,46,114,165,
44,120,139,8,121,123,198,59,171,217,23,51,61,138,58,184,212,17,126,59,208,6,188,228,232,74,142,193,72,195,176,7,
140,114,176,44,143,195,246,88,80,236,89,215,173,43,95,163,249,34,216,0,4,102,135,209,41,159,204,12,92,169,10,31,
217,211,77,175,125,211,114,202,21,84,123,156,21,86,185,249,32,142,130,15,69,251,35,39,137,205,0,135,2,239,70,203,
177,239,107,206,239,53,152,154,247,92,205,241,61,166,172,4,80,21,70,123,153,244,61,176,44,81,140,160,232,16,175,42,
23,86,243,217,82,182,246,54,152,215,200,54,130,236,89,161,249,199,28,129,243,96,166,15,10,27,214,66,107,173,8,204,
118,216,86,110,104,14,34,41,210,86,116,111,22,40,116,148,84,133,186,194,42,125,155,30,70,133,231,249,84,181,48,79,
149,252,2,88,178,41,94,148,10,19,92,185,43,162,228,244,5,91,191,67,112,172,14,14,107,212,76,116,169,7,29,106,
226,93,121,176,18,18,188,20,140,189,174,84,104,111,31,157,185,246,99,32,181,25,126,166,205,47,56,201,45,168,149,212,
113,87,161,60,178,222,30,126,126,217,54,114,169,223,68,85,164,15,134,172,225,58,143,232,64,185,236,223,128,115,177,80,
168,243,50,89,98,243,52,175,191,57,108,90,176,18,211,4,70,86,158,222,42,224,8,36,134,178,8,73,196,15,43,141,
185,212,115,191,219,21,110,179,9,87,210,226,33,131,199,29,129,193,233,99,162,130,28,139,183,30,71,145,213,8,143,10,
247,54,211,185,15,91,17,10,107,183,168,57,127,29,69,73,171,239,34,134,233,76,77,175,233,63,141,8,24,87,185,253,
83,183,247,31,153,216,210,97,199,47,29,147,223,208,97,197,29,69,167,9,239,69,204,36,76,174,213,25,47,198,43,59,
181,23,253,83,218,85,90,153,30,4,90,225,33,132,128,217,39,134,224,23,132,204,36,233,132,239,113,139,133,43,63,70,
246,116,144,205,58,247,140,218,85,160,223,6,74,160,4,127,132,195,72,46,167,208,134,127,169,11,29,123,223,83,130,178,
31,35,126,230,94,121,180,37,49,135,221,79,195,5,91,98,195,219,149,143,9,48,81,202,46,169,174,213,79,68,150,6,
191,233,203,115,133,222,240,170,210,30,93,102,188,32,131,230,37,100,109,171,15,150,178,236,88,75,229,84,128,231,248,149,
99,209,88,211,251,23,97,130,196,36,201,245,52,163,137,223,67,190,206,72,170,144,230,50,173,1,32,109,173,3,116,204,
244,51,149,134,23,123,211,251,34,132,134,17,117,253,2,65,163,172,234,137,4,9,72,146,155,233,73,211,254,61,136,214,
53,143,198,51,123,211,152,56,165,22,228,139,224,248,79,176,39,1,127,225,212,42,118,44,84,112,210,219,84,184,209,84,
156,244,163,83,194,238,98,164,250,1,98,122,52,70,168,231,240,70,146,72,77,140,17,223,77,212,44,72,125,221,238,67,
143,86,129,180,20,40,50,213,58,74,137,38,47,98,233,100,105,203,10,54,105,240,48,88,163,1,8,90,194,38,151,211,
239,0,86,241,86,161,189,31,40,102,5,93,133,231,14,47,168,233,69,162,203,80,54,140,240,83,182,210,52,96,123,247,
149,154,187,81,68,130,230,156,196,224,101,110,161,40,128,203,231,108,58,144,237,157,175,214,56,124,210,19,177,217,245,122,
96,217,26,184,165,228,62,92,177,8,124,155,46,132,138,233,255,198,241,36,132,152,162,69,146,210,52,150,159,210,89,212,
193,0,110,98,246,105,221,250,74,161,176,5,35,159,190,73,174,171,255,110,157,4,67,143,152,17,82,181,24,52,126,159,
221,65,212,228,47,134,146,211,125,1,44,25,186,195,38,103,202,45,108,171,180,10,110,233,254,64,166,163,244,93,216,239,
114,223,158,51,151,252,36,134,197,182,71,136,235,43,82,180,213,19,131,233,72,135,211,220,85,150,249,92,120,194,227,33,
133,24,40,96,207,204,44,148,255,35,111,207,218,46,130,66,115,168,198,33,106,221,89,126,185,205,21,107,185,52,127,155,
229,41,92,168,59,75,138,4,245,58,227,103,133,137,234,244,65,234,108,155,204,233,73,144,245,115,148,142,68,75,164,248,
46,154,228,247,69,164,254,53,162,234,66,7,162,15,128,78,231,84,14,176,23,134,172,246,12,84,170,224,91,190,253,95,
45,131,231,98,138,225,102,111,162,250,179,145,212,56,54,145,250,119,147,219,62,61,153,255,118,235,205,123,135,209,51,185,
149,19,117,139,190,69,192,197,236,78,111,173,41,164,192,242,68,147,242,89,130,233,40,151,101,187,55,154,218,25,123,108,
253,62,173,201,3,92,161,247,45,168,11,74,172,122,208,52,175,215,46,179,188,239,42,233,28,12,173,182,25,90,248,32,
60,134,143,253,73,220,4,55,187,196,39,104,6,46,74,148,157,11,87,234,18,51,201,210,250,94,20,60,123,167,176,6,
106,229,37,135,233,207,55,159,26,79,83,181,214,20,144,11,51,90,247,221,71,110,46,95,148,178,0,95,185,218,100,166,
252,3,100,124,61,116,172,3,29,104,210,76,38,164,6,249,79,179,22,121,149,26,35,62,153,21,30,188,27,222,130,231,
103,59,185,5,14,100,235,67,83,205,47,253,66,250,105,142,214,212,63,152,240,105,156,143,48,70,156,221,123,163,226,68,
42,163,228,130,170,157,28,8,157,235,78,142,240,23,32,142,21,109,149,247,30,30,117,186,148,185,178,83,105,191,0,158,
198,5,103,77,198,7,165,205,192,118,115,198,51,74,199,240,82,91,212,21,120,219,26,65,57,172,243,182,232,37,69,99,
188,76,182,234,33,40,140,235,69,102,233,49,137,56,237,78,131,179,242,84,93,193,36,163,198,251,105,113,203,42,154,190,
10,99,128,214,45,161,192,78,179,106,200,44,167,221,27,129,133,209,65,187,231,33,120,125,224,59,202,242,37,127,136,213,
141,252,33,105,125,210,43,131,252,47,34,195,182,244,112,211,54,82,156,224,251,95,218,26,70,168,201,2,153,20,38,136,
234,184,73,114,5,80,143,194,193,28,125,239,30,97,172,244,52,128,19,35,157,220,205,94,135,2,42,129,203,212,66,137,
55,95,136,13,22,49,208,16,80,178,20,238,102,202,47,122,185,224,36,63,187,89,129,128,222,30,94,170,61,77,199,6,
247,136,177,44,84,171,245,254,108,178,97,137,178,55,64,91,250,58,122,220,62,4,86,202,65,110,169,249,71,164,15,124,
95,234,79,76,160,15,62,165,241,24,57,119,243,145,126,213,55,99,185,226,117,145,187,91,115,194,27,167,196,9,106,45,
132,223,166,209,4,100,120,130,37,160,178,241,118,127,178,57,121,220,27,125,134,185,29,128,227,243,78,90,151,65,197,240,
221,126,135,234,19,201,206,245,87,96,206,26,149,189,252,118,162,201,33,151,196,4,84,161,2,23,209,249,34,132,176,6,
71,229,210,76,174,183,13,78,201,217,83,134,122,7,107,208,248,90,188,162,27,68,250,34,97,195,169,255,75,1,231,45,
144,146,246,74,193,246,56,153,164,228,141,17,47,42,222,218,63,164,28,69,54,215,224,32,132,34,74,102,235,185,74,174,
41,81,109,207,192,81,105,41,90,143,182,190,21,112,48,97,150,158,2,97,187,220,102,168,254,5,102,126,63,118,174,5,
31,106,212,78,40,166,8,227,57,216,24,88,127,225,37,88,155,23,32,193,38,35,119,230,21,124,200,7,16,102,178,45,
109,172,246,58,68,197,35,119,186,6,27,148,253,110,120,218,69,79,166,217,121,162,228,62,50,159,224,132,161,242,84,18,
159,16,104,144,242,84,58,120,23,87,118,175,75,40,130,229,137,133,203,39,91,133,239,100,184,203,53,58,184,240,113,151,
254,52,68,154,35,114,157,221,103,68,162,254,165,161,230,74,61,154,254,90,228,38,124,131,228,252,182,176,42,140,114,200,
20,143,183,14,71,109,166,73,209,214,21,119,104,190,58,181,197,63,85,159,2,92,147,11,65,118,139,4,109,222,232,74,
181,191,22,73,233,18,84,174,123,8,121,209,249,91,189,163,225,128,192,223,24,180,145,234,76,242,238,52,150,196,238,89,
209,33,52,157,164,33,89,215,1,103,157,172,0,140,224,15,72,213,178,14,111,19,15,81,178,229,15,121,244,66,85,189,
198,8,115,238,247,149,244,183,76,130,56,96,124,222,207,37,137,28,27,155,10,9,27,195,76,113,177,234,33,107,148,38,
119,169,12,31,110,209,8,77,140,209,46,130,233,84,55,202,32,38,133,133,104,131,209,52,58,140,162,113,151,217,43,217,
138,247,104,54,215,60,57,141,252,43,146,209,5,73,159,3,67,166,194,36,21,107,190,86,97,204,50,25,132,13,129,186,
232,76,102,173,30,49,184,244,16,88,174,228,154,194,1,40,108,159,3,102,142,188,114,111,194,47,70,202,18,119,46,195,
17,175,156,219,61,94,180,0,182,158,209,114,77,222,66,130,194,36,75,84,170,14,196,201,223,138,152,160,77,207,232,47,
154,164,175,78,206,239,63,105,127,243,102,176,253,61,162,163,7,94,226,196,4,102,102,0,111,133,12,72,100,193,221,80,
245,235,17,170,192,243,87,245,29,57,131,199,226,61,178,20,39,141,146,20,76,206,243,90,144,159,242,127,206,252,57,195,
160,253,91,199,246,53,142,216,59,154,209,1,140,168,209,58,170,29,26,139,240,1,69,182,231,16,96,238,250,85,175,238,
77,153,216,225,90,190,22,38,160,199,199,23,181,4,50,111,249,214,50,150,55,51,120,218,207,44,144,2,121,187,203,40,
68,181,78,133,145,38,47,131,222,82,141,203,30,234,119,232,64,104,202,44,18,80,239,47,78,135,35,0,90,194,97,93,
162,6,51,93,199,63,86,156,254,254,163,10,51,175,180,35,74,175,224,142,182,243,76,78,183,26,134,113,231,86,60,146,
25,148,153,192,93,43,120,214,139,135,200,48,93,135,242,110,186,205,54,64,186,242,115,153,0,54,70,158,37,116,159,219,
105,70,162,0,167,163,233,77,121,163,13,134,214,233,81,90,214,14,144,181,28,82,98,184,65,144,192,251,75,91,177,21,
135,3,54,149,167,153,101,211,10,74,169,174,182,110,231,18,65,72,172,11,101,134,13,73,101,194,222,81,246,236,18,171,
193,244,88,246,30,58,132,200,227,62,179,21,40,142,154,21,77,207,244,91,145,161,244,128,207,254,55,138,154,240,75,26,
54,114,221,130,60,157,210,57,98,172,181,11,170,37,18,140,203,212,42,142,44,25,112,210,178,73,186,43,15,115,247,0,
67,194,61,98,121,0,19,102,198,54,118,106,231,26,66,200,67,88,178,20,26,36,201,81,111,106,241,28,114,195,89,129,
189,247,37,133,230,93,122,209,232,12,140,194,95,135,179,48,57,140,172,94,88,210,52,2,112,247,55,95,158,0,68,119,
187,45,169,220,59,77,63,11,121,176,240,79,84,92,20,141,184,231,238,82,177,11,44,179,239,11,104,132,245,142,197,209,
102,111,195,30,146,205,11,94,42,183,40,128,168,10,108,82,144,47,111,142,199,99,64,153,0,161,157,227,70,115,157,4,
126,208,227,75,84,208,8,137,177,220,69,78,155,28,151,162,53,149,161,231,6,208,251,232,158,109,208,82,220,209,67,165,
172,249,86,228,11,59,96,160,3,68,191,10,73,136,121,10,51,165,199,64,118,131,221,101,180,226,35,169,134,226,67,173,
220,27,116,219,240,55,0,35,101,123,211,44,62,13,251,71,199,223,2,153,20,58,112,203,231,60,145,207,46,122,185,199,
64,164,252,12,134,173,173,253,155,234,20,89,223,188,25,126,29,25,95,194,239,25,131,252,76,95,200,211,76,132,2,39,
146,200,215,39,183,6,53,118,251,216,52,150,57,53,122,220,11,53,160,24,104,123,228,237,104,160,35,71,116,221,230,51,
245,47,58,199,36,48,58,242,97,134,206,204,61,134,249,117,154,213,233,70,154,1,108,57,211,62,61,57,247,125,86,225,
70,67,151,6,53,156,219,39,48,169,234,136,117,204,81,90,117,217,108,136,254,91,104,191,33,147,192,248,27,46,128,236,
99,139,208,49,55,130,221,164,207,2,98,118,128,35,171,211,18,81,125,176,252,119,183,222,76,58,144,242,179,228,38,54,
126,212,10,192,232,4,78,87,173,17,140,192,243,80,80,226,70,171,211,53,116,160,187,55,213,253,1,99,132,177,89,223,
184,54,165,174,4,69,227,232,15,113,146,208,64,221,18,81,179,153,18,83,182,222,53,127,133,219,112,235,253,60,193,167,
32,73,220,39,102,141,150,4,89,13,55,99,139,203,33,87,13,53,81,155,164,250,94,217,252,110,213,176,65,165,253,13,
76,174,183,13,105,219,72,144,232,173,72,181,38,244,149,250,247,75,186,233,80,97,254,204,34,158,60,100,163,202,235,65,
124,20,31,178,206,247,96,208,67,64,177,22,39,107,220,13,54,86,23,29,45,229,58,117,192,26,248,122,225,97,127,130,
27,49,100,200,102,142,170,244,56,83,174,35,133,152,0,7,133,189,62,102,203,1,16,102,182,56,96,150,71,83,87,195,
117,111,233,16,25,135,14,137,177,181,47,56,101,39,97,108,234,89,63,149,28,151,156,195,96,46,123,217,142,138,207,44,
96,138,244,105,189,208,57,68,131,238,96,201,21,109,50,199,253,179,160,223,89,133,219,63,127,191,254,55,158,179,250,180,
233,5,103,147,233,42,141,240,244,77,80,224,24,153,190,38,92,107,191,75,154,200,6,143,108,200,38,205,201,16,106,159,
201,52,169,252,15,120,131,252,52,182,224,66,120,136,219,103,182,229,33,171,136,229,67,175,222,20,183,205,25,57,2,43,
111,125,218,10,129,8,40,60,202,214,49,139,202,41,117,180,189,54,154,242,2,129,168,168,248,150,229,19,77,218,183,19,
113,24,20,90,190,176,13,113,227,76,152,240,181,89,190,62,18,165,225,253,95,187,11,95,161,8,7,33,188,68,73,136,
13,22,73,149,75,56,110,202,13,55,162,30,106,125,230,233,106,162,35,69,176,230,246,74,155,29,69,123,30,52,128,160,
105,146,214,228,65,113,232,111,143,163,49,61,152,242,49,144,220,27,36,157,1,89,105,227,10,10,90,248,71,117,176,60,
25,118,215,122,118,187,31,76,118,225,86,111,181,23,23,174,31,144,116,1,100,114,116,44,129,188,7,97,63,193,40,168,
198,201,98,120,171,15,173,213,241,59,127,154,245,106,204,223,72,79,204,4,134,171,18,72,88,176,55,134,180,245,123,88,
181,22,185,181,251,89,81,174,18,132,237,57,145,86,250,95,223,179,70,130,158,0,92,172,0,66,169,168,194,93,229,234,
41,174,183,234,54,236,217,15,107,174,216,67,184,11,30,134,137,11,67,197,233,81,135,151,239,118,197,243,48,186,151,244,
88,248,244,58,152,144,237,81,204,235,126,212,218,57,57,28,60,138,237,243,69,91,42,80,146,228,146,67,176,33,239,137,
244,243,239,174,50,80,53,242,4,80,90,47,98,82,0,12,86,184,62,26,152,250,237,43,167,34,74,172,235,244,50,209,
76,116,144,230,45,57,159,24,59,127,228,239,59,169,32,66,134,239,247,147,154,97,140,191,31,51,61,224,91,144,207,49,
255,109,209,76,116,155,9,5,75,245,121,164,145,50,59,158,2,90,130,169,35,20,165,206,73,113,235,18,86,125,213,75,
106,229,71,58,120,244,111,151,249,56,65,127,30,153,193,221,22,99,196,217,147,187,7,105,114,141,9,132,172,235,53,74,
194,38,174,214,21,60,93,179,23,146,162,219,113,122,186,6,153,193,0,133,107,193,13,195,235,42,105,132,222,66,202,242,
14,112,97,207,27,209,190,253,95,163,190,93,201,180,56,163,162,180,93,225,255,228,168,180,254,96,230,194,64,162,149,235,
114,202,218,25,123,191,21,86,185,249,91,154,198,225,52,204,215,66,168,155,253,132,4,34,67,200,218,49,150,224,45,109,
210,211,237,136,16,21,84,217,226,21,97,28,9,63,155,222,8,110,240,59,78,182,185,59,115,244,24,129,183,199,22,166,
245,36,97,234,199,35,129,40,36,105,199,250,36,143,3,29,99,197,175,100,197,250,97,160,236,245,110,175,18,58,121,22,
31,82,158,49,124,152,29,235,48,232,87,124,196,194,39,134,237,22,125,166,43,249,79,179,70,110,149,50,251,69,232,53,
152,215,254,31,152,193,60,100,163,64,38,83,0,128,90,226,75,69,163,16,140,105,226,82,37,136,10,148,139,239,82,94,
172,30,140,189,182,25,34,111,23,157,96,254,93,32,202,244,126,208,221,38,102,201,10,133,208,15,78,63,208,249,107,141,
6,60,73,162,43,122,169,229,111,76,169,10,173,169,239,75,69,162,6,120,225,45,133,74,223,45,144,184,247,148,157,184,
87,175,215,22,120,164,191,59,182,181,53,164,163,181,62,219,3,47,172,181,8,68,228,22,82,176,174,28,53,203,29,46,
178,187,254,125,248,29,16,179,201,21,53,213,31,94,173,209,39,136,219,40,113,208,213,32,156,204,15,120,172,215,45,126,
20,60,120,150,214,254,162,29,10,97,230,180,10,110,233,76,104,170,170,84,172,36,85,48,250,246,91,192,56,92,77,3,
10,99,183,215,90,162,250,169,90,199,56,6,160,11,10,6,210,64,119,183,22,27,35,205,67,118,188,16,190,111,220,77,
27,188,33,30,114,225,16,126,204,39,37,140,229,102,141,126,31,53,104,204,106,111,174,16,1,111,211,113,85,149,216,67,
156,244,109,160,147,52,61,125,4,127,167,195,72,46,132,208,134,174,237,20,88,174,198,94,105,231,27,60,122,222,148,188,
251,34,102,153,229,79,184,4,92,33,167,39,165,210,240,115,105,210,39,107,183,9,121,126,209,63,169,188,23,124,138,140,
49,185,215,210,100,137,226,75,165,238,26,143,137,168,48,190,244,47,142,161,230,53,204,247,59,81,91,146,88,214,242,47,
156,89,238,95,183,223,30,163,137,199,102,166,206,72,135,179,206,33,185,196,66,164,151,16,116,239,244,86,149,158,220,123,
246,30,34,191,200,210,119,255,29,24,202,207,40,145,231,34,105,143,173,37,146,19,44,120,184,224,48,153,26,238,110,221,
220,243,167,30,73,141,202,230,68,108,252,70,142,246,240,83,149,47,81,149,253,192,56,187,58,88,162,249,8,93,115,61,
104,85,237,5,89,206,68,111,111,204,21,98,216,4,56,121,217,220,59,148,3,65,130,218,231,55,143,23,69,135,231,234,
66,159,251,133,199,29,36,133,157,87,127,144,45,19,81,240,48,88,210,17,61,88,171,67,78,232,76,226,148,1,127,85,
211,31,75,102,202,69,133,196,14,82,104,192,122,116,238,80,30,140,19,83,123,186,28,96,147,206,146,191,176,91,107,178,
30,162,203,191,69,82,134,255,159,192,16,97,108,211,40,176,160,236,108,132,169,50,174,217,16,128,124,219,249,117,157,211,
121,141,126,65,185,155,46,86,110,238,32,130,225,45,108,117,238,82,170,186,52,91,91,171,73,152,196,6,141,106,199,40,
203,199,13,108,157,199,50,167,192,6,104,104,255,112,225,197,67,143,128,214,58,240,24,28,185,159,245,89,212,31,35,157,
166,211,120,0,30,25,160,203,33,114,8,48,108,166,212,52,149,12,41,128,151,187,59,113,14,54,98,223,237,64,88,20,
73,126,156,202,66,166,14,81,144,239,208,75,185,49,85,137,3,193,50,192,13,87,150,229,9,95,192,247,86,103,4,13,
40,164,66,47,110,208,217,106,171,6,37,184,14,20,115,115,80,123,174,14,34,44,207,52,127,155,229,41,68,192,94,134,
162,39,228,87,158,62,136,199,22,58,144,241,68,145,218,57,62,137,5,53,118,211,68,45,158,2,122,139,222,59,8,149,
203,129,169,173,39,83,110,210,77,117,239,46,23,78,17,137,107,233,53,97,148,224,150,131,218,95,104,155,34,81,205,0,
95,113,121,49,153,194,11,102,56,201,50,178,204,24,124,57,198,42,119,218,246,64,132,159,3,185,190,32,71,75,149,56,
157,232,4,78,146,173,41,199,239,11,144,86,163,76,208,238,211,144,162,238,248,205,0,240,158,170,244,86,220,184,54,130,
139,225,104,192,208,74,137,146,208,76,199,227,13,111,130,217,65,187,226,22,129,142,223,74,195,221,24,135,148,229,65,179,
39,105,191,198,39,63,249,243,50,207,216,46,87,210,18,116,179,223,18,106,35,77,47,220,238,71,89,19,72,135,198,242,
13,137,39,79,83,181,190,79,120,243,51,149,200,197,22,131,233,85,159,178,250,34,134,60,100,163,202,211,65,200,32,107,
135,251,8,107,207,39,114,118,240,28,114,155,22,62,184,223,232,86,221,73,81,123,20,42,128,193,95,76,163,40,49,76,
176,43,142,146,244,21,142,176,96,149,212,19,63,90,214,116,156,160,2,11,156,197,64,128,226,1,6,105,209,71,94,226,
77,76,94,7,139,169,142,74,94,101,21,147,175,236,89,22,171,249,92,156,254,37,105,156,232,158,163,202,103,53,198,7,
118,149,216,57,66,129,49,175,203,8,117,50,199,43,179,184,247,124,98,184,28,186,226,230,72,81,179,13,134,173,241,62,
144,227,1,132,172,34,110,95,205,84,148,247,19,93,161,212,32,214,195,61,124,102,241,63,162,226,68,107,175,226,46,228,
233,16,173,123,12,77,170,6,69,180,154,240,119,207,247,54,187,196,223,67,190,223,83,181,203,254,98,0,5,68,166,210,
40,81,204,244,43,162,170,243,80,194,62,113,208,226,234,146,24,241,129,230,227,55,166,213,60,136,234,208,73,114,40,45,
108,206,191,80,145,12,87,115,189,210,102,204,234,88,160,5,188,81,181,26,42,105,6,15,66,201,68,49,112,210,22,49,
173,28,56,114,220,209,107,218,6,109,185,27,1,122,163,89,94,157,255,240,129,194,61,136,164,238,33,123,223,68,84,147,
48,57,108,243,110,91,154,252,64,91,215,102,110,227,70,77,154,3,119,102,218,65,67,170,196,63,158,221,41,26,112,15,
138,143,241,83,33,119,219,145,126,213,24,47,118,214,93,138,203,32,48,136,225,83,192,8,96,37,192,45,158,130,6,111,
127,199,230,184,209,17,118,120,137,65,186,229,20,49,126,223,244,180,229,26,56,134,229,63,118,227,43,131,50,227,80,193,
143,42,149,161,165,72,173,248,252,94,103,213,57,156,255,254,84,156,196,99,222,203,34,167,117,203,47,170,13,41,98,180,
15,37,233,24,72,178,196,27,52,211,255,28,146,186,18,126,254,23,88,194,154,253,127,9,0,100,199,211,33,147,1,50,
43,142,151,228,140,18,213,115,210,149,63,105,243,74,87,160,224,67,132,255,74,137,200,185,74,115,229,7,128,182,195,28,
165,244,35,95,233,198,35,132,39,35,105,197,191,28,128,242,91,167,255,196,89,167,10,50,113,14,23,50,209,41,81,144,
242,30,57,181,48,47,175,30,29,47,184,85,125,169,38,47,130,190,94,144,204,42,40,150,175,69,151,168,44,53,120,247,
114,151,138,45,67,143,175,79,153,216,39,75,161,2,85,162,235,74,79,154,22,70,137,242,38,81,167,248,142,182,242,16,
80,120,23,146,127,214,91,41,127,227,94,193,221,31,31,201,33,153,202,165,105,117,191,33,167,131,1,77,121,172,248,174,
155,242,119,128,179,58,105,174,208,87,130,216,41,191,231,35,93,139,235,76,195,224,55,78,112,228,87,178,245,52,147,133,
239,78,141,236,253,154,163,190,58,216,197,4,102,111,0,65,156,165,67,162,101,250,72,230,235,18,175,125,235,114,237,242,
84,106,199,17,114,246,208,99,178,188,28,121,189,32,100,203,198,41,143,190,29,92,144,212,7,83,9,246,53,210,184,49,
90,208,236,106,182,226,21,97,28,9,96,229,238,33,168,224,255,131,238,237,233,168,44,74,47,235,255,6,182,52,80,141,
250,183,76,176,21,37,100,198,231,37,196,63,44,107,205,17,68,156,2,42,122,220,220,58,155,11,63,123,221,235,64,150,
13,67,128,227,227,48,224,94,122,183,36,225,118,172,39,79,142,8,52,138,238,70,88,149,3,74,162,169,106,155,221,237,
53,139,252,60,159,163,29,73,100,3,67,131,229,24,21,102,211,57,165,239,2,74,114,214,81,121,208,85,94,180,245,90,
128,233,79,88,187,228,154,135,222,99,49,194,235,126,201,249,59,47,188,32,168,149,15,54,87,208,249,175,156,243,120,63,
202,46,182,163,29,68,101,222,7,189,170,1,134,76,158,16,137,178,223,134,152,228,4,196,245,42,50,150,245,79,112,250,
60,146,153,250,18,204,198,64,127,112,198,66,224,8,36,110,143,229,49,231,195,31,100,125,27,55,140,16,88,189,116,9,
87,245,226,33,131,164,250,70,252,228,23,184,193,36,101,224,8,47,169,178,240,84,207,15,113,211,144,47,152,197,54,124,
207,224,63,169,217,56,119,171,239,34,110,36,17,80,237,211,76,117,232,7,138,247,155,77,186,56,14,142,3,12,83,191,
61,105,84,211,191,37,209,5,40,91,197,215,39,146,4,35,166,19,183,111,214,69,107,181,203,19,59,183,85,125,129,227,
236,90,225,33,97,160,217,255,56,191,61,145,191,45,46,77,241,99,157,141,52,49,154,242,51,159,205,60,59,156,254,52,
97,163,77,20,96,184,67,179,176,5,17,91,207,146,114,173,3,89,163,26,137,119,250,75,97,173,28,149,120,188,33,114,
134,224,79,127,200,35,53,128,228,95,104,9,110,107,191,46,93,196,213,55,64,209,18,176,216,23,86,95,157,25,183,159,
210,115,124,164,67,155,171,2,135,85,195,39,197,202,9,83,151,178,21,128,197,231,153,149,233,88,211,183,52,165,167,242,
103,215,5,67,95,105,160,99,219,189,59,111,120,206,109,173,213,20,118,186,237,116,180,220,86,125,117,12,125,238,210,54,
186,195,5,138,242,45,93,136,179,37,126,6,52,68,200,209,224,152,7,44,116,114,227,44,159,27,64,123,143,189,58,158,
5,78,122,239,233,8,142,37,66,142,246,208,72,172,232,71,134,245,219,49,149,248,56,119,193,202,32,156,58,98,97,183,
255,39,163,65,105,109,207,216,70,205,13,77,140,206,184,105,214,71,21,188,17,41,128,225,88,50,183,20,40,133,219,251,
126,198,30,236,35,230,94,64,190,242,251,81,240,72,147,210,52,26,112,188,79,154,141,48,70,146,178,108,148,165,66,40,
102,226,128,109,196,38,82,133,233,76,175,179,20,13,183,15,135,184,147,74,37,182,247,90,130,217,94,103,154,230,121,161,
200,101,34,149,220,150,144,10,73,58,144,12,170,210,238,56,89,175,251,177,141,215,46,71,229,2,86,214,37,122,127,223,
226,184,233,30,38,153,220,82,197,176,56,132,149,246,14,145,183,249,83,61,238,91,204,154,52,159,158,154,102,212,11,75,
170,175,183,90,167,10,38,112,121,231,110,233,238,21,143,152,214,117,142,17,89,177,96,24,127,238,20,94,116,195,40,133,
245,46,98,202,210,218,125,248,10,73,147,180,45,145,209,249,56,213,187,249,117,207,46,122,220,175,64,105,228,36,99,232,
241,12,112,38,43,141,180,181,236,178,48,76,137,246,179,72,172,249,92,96,253,6,92,157,0,99,86,213,193,107,188,72,
101,162,19,241,114,199,74,51,182,11,18,116,219,72,44,186,31,214,107,220,87,68,190,229,238,92,192,94,134,138,236,48,
99,234,42,43,201,40,235,143,244,116,72,198,40,3,148,189,115,155,218,25,10,155,179,125,168,149,69,79,170,186,135,162,
223,77,89,161,207,113,173,231,5,93,182,200,145,186,254,12,103,176,18,153,196,245,33,62,193,43,159,189,11,61,73,203,
30,165,197,191,117,114,197,50,95,217,11,124,134,217,57,102,212,14,123,139,211,242,178,227,24,32,136,219,249,179,173,236,
78,146,173,17,140,180,46,109,153,180,24,206,187,233,140,162,238,14,174,248,55,133,175,242,105,213,198,41,158,163,252,66,
224,4,74,164,142,6,106,241,198,89,175,181,20,20,241,28,79,175,195,205,112,189,229,36,193,167,32,132,255,4,67,141,
174,39,75,186,33,96,148,157,46,146,210,18,81,179,223,18,94,20,25,123,226,159,18,89,36,63,124,233,242,4,133,34,
74,117,248,238,87,172,240,60,142,236,248,48,183,46,93,148,215,2,88,200,249,2,160,255,194,87,141,8,48,170,233,21,
107,207,39,79,118,240,28,38,203,83,113,108,13,22,62,162,88,128,132,254,7,93,228,60,76,198,5,49,135,159,91,144,
197,227,63,144,231,113,87,186,47,54,152,255,108,163,143,69,66,149,2,25,163,229,59,66,163,187,117,157,174,40,25,111,
14,78,142,205,47,32,118,242,144,184,171,42,22,178,17,151,198,247,254,99,194,41,82,185,226,103,53,139,239,130,170,209,
110,55,129,36,172,177,19,82,126,212,56,120,219,26,124,98,160,28,127,150,30,133,64,223,74,182,230,46,145,79,240,79,
189,244,241,119,147,231,87,213,239,61,85,85,239,94,116,251,55,83,174,192,75,218,253,248,119,128,185,111,221,3,78,179,
174,206,89,232,11,6,169,191,11,43,248,220,64,195,185,34,119,173,242,49,118,190,33,98,221,40,103,166,151,40,81,195,
229,94,148,161,249,131,210,1,58,199,164,1,98,5,1,76,176,162,255,90,41,69,129,236,145,60,160,237,45,84,182,250,
21,145,12,52,91,189,222,87,187,234,47,81,7,14,103,187,219,88,151,203,15,42,201,68,108,136,210,22,32,161,255,102,
178,241,29,80,215,82,122,126,27,36,122,187,30,94,133,192,33,135,222,85,135,101,34,52,128,138,96,145,198,206,49,146,
167,110,153,204,44,64,74,237,117,122,185,3,12,98,222,89,129,192,69,43,105,229,72,171,187,19,33,113,215,62,178,244,
74,81,178,202,132,172,248,55,40,185,250,93,133,220,38,71,133,36,100,164,215,48,58,139,248,90,203,7,35,52,138,37,
173,178,241,59,68,154,22,145,185,248,125,99,161,29,128,227,224,119,141,192,36,135,175,238,104,113,199,43,201,206,245,111,
96,241,20,195,235,55,118,103,248,57,156,196,27,101,134,196,99,163,227,3,154,163,6,71,170,13,41,115,124,234,54,201,
217,83,122,155,209,74,196,223,23,112,205,23,120,252,214,89,198,128,34,137,248,30,104,126,198,28,141,205,245,76,174,218,
48,148,236,8,126,219,232,63,161,19,69,125,160,183,5,114,237,18,82,182,192,7,98,41,84,135,231,251,5,168,13,88,
92,249,2,88,188,20,60,158,221,206,95,160,62,102,118,189,198,26,196,72,115,96,1,10,74,150,17,57,179,21,227,116,
157,24,123,186,249,2,123,223,43,71,129,218,31,117,230,38,78,165,7,51,137,237,69,68,199,52,238,131,209,111,92,214,
56,65,151,216,83,158,186,4,72,123,2,125,118,215,35,79,106,9,132,172,235,42,51,172,237,80,179,207,84,93,117,217,
133,173,249,32,41,151,251,153,193,0,63,57,200,46,150,132,250,92,79,141,241,108,207,14,53,121,148,248,174,214,242,84,
128,214,250,168,208,249,67,76,162,65,188,169,35,74,83,228,72,160,200,42,140,82,159,72,204,234,229,140,158,234,10,202,
249,63,147,87,4,89,213,0,56,85,178,6,109,216,187,62,171,101,0,109,222,194,70,177,176,194,107,239,13,242,179,185,
201,53,176,216,23,130,140,229,76,185,232,40,141,153,224,64,200,231,58,156,152,231,66,12,55,36,142,151,237,90,214,1,
67,151,167,254,101,232,1,60,171,171,21,121,232,8,71,160,253,71,168,44,6,137,246,176,82,185,40,78,152,174,246,76,
130,56,96,100,1,10,61,137,4,44,107,229,238,44,203,70,63,181,18,31,118,216,74,119,175,210,229,55,160,28,71,134,
231,241,57,148,91,134,185,25,45,55,218,85,79,201,8,17,103,179,46,110,173,3,241,71,169,106,155,221,237,53,139,217,
60,159,187,5,14,124,3,91,107,194,14,22,119,207,69,100,223,65,28,173,17,81,180,243,50,35,121,221,88,152,215,33,
101,187,211,146,197,181,86,95,135,38,126,166,229,47,56,166,10,121,195,2,54,122,173,17,140,156,219,85,94,153,253,169,
209,226,127,136,163,66,189,194,233,75,84,170,38,161,177,43,141,100,243,89,193,175,37,135,122,184,87,175,191,254,120,164,
215,35,182,200,6,98,158,244,66,165,8,36,110,119,229,108,196,212,43,119,127,204,39,231,24,77,107,185,24,114,169,22,
92,197,192,209,121,255,216,99,200,197,25,136,183,30,47,169,213,8,84,10,15,113,152,161,247,115,214,22,85,171,242,255,
106,230,5,75,172,175,10,114,234,12,80,180,192,93,100,43,86,137,233,253,7,170,15,90,118,251,201,31,131,254,97,125,
2,211,44,150,4,28,161,12,24,28,191,58,52,139,213,25,111,152,43,83,146,23,229,59,171,26,61,115,17,236,90,225,
57,73,195,2,46,73,173,40,104,143,9,18,63,231,109,70,196,16,60,111,246,54,94,157,255,67,118,253,64,107,176,52,
39,160,225,127,108,171,13,22,167,232,134,118,184,14,75,115,239,141,146,185,86,60,181,222,89,129,216,34,67,153,15,142,
182,199,65,50,195,39,103,167,230,72,116,143,243,154,133,9,116,115,133,46,178,208,203,114,132,208,218,180,217,210,130,140,
231,247,177,217,234,100,85,171,74,138,202,9,107,92,178,46,204,244,231,157,154,237,90,113,1,51,164,174,1,97,142,252,
54,163,179,251,4,218,11,64,72,176,3,33,164,204,11,109,130,214,64,184,213,30,126,141,224,56,175,228,26,144,153,226,
63,177,40,106,122,139,225,69,204,242,55,150,148,244,86,215,252,47,141,163,240,104,227,255,54,152,152,71,159,23,72,57,
231,243,61,159,37,1,127,225,212,18,177,9,25,88,210,254,84,125,248,32,154,193,226,44,123,52,107,163,250,20,95,201,
67,37,101,190,19,108,196,61,112,99,4,26,112,177,20,84,123,245,230,119,219,39,71,134,211,34,129,232,17,120,196,3,
244,98,233,65,140,203,242,251,140,193,48,83,151,248,241,139,250,38,141,217,59,33,95,219,62,126,165,66,75,114,193,115,
168,231,38,23,133,209,100,116,238,80,23,120,210,85,125,178,16,38,123,223,91,113,245,96,95,113,39,149,204,12,107,112,
120,27,163,203,231,49,82,144,12,111,210,17,39,117,212,46,110,149,213,46,124,217,68,177,148,23,132,62,224,71,182,220,
38,60,132,196,75,139,238,242,143,93,179,47,170,186,249,103,174,6,13,206,255,65,81,153,239,61,184,224,66,164,138,3,
44,191,207,38,112,121,231,63,174,209,22,102,179,20,41,227,245,87,126,194,221,124,188,228,59,157,142,228,114,241,25,66,
164,173,38,138,226,45,49,171,156,10,86,209,17,100,166,229,60,158,16,61,117,158,225,60,153,37,3,66,219,228,36,136,
3,78,141,204,248,19,143,242,50,89,187,220,19,126,252,25,84,194,207,36,127,1,48,95,184,6,101,191,246,99,171,3,
200,99,208,65,15,169,20,19,15,206,82,112,85,17,37,44,220,90,118,179,32,221,114,214,35,134,138,4,13,99,175,42,
141,169,46,55,94,0,50,91,160,245,3,88,192,51,96,167,2,5,97,198,70,179,149,67,79,153,251,129,93,219,74,83,
134,210,101,141,239,46,90,117,20,143,183,187,29,62,136,223,74,184,0,101,28,177,21,98,162,201,102,76,197,6,129,169,
232,109,71,145,240,98,198,5,57,125,152,20,143,183,222,64,132,183,62,185,149,24,133,63,212,69,192,197,236,102,111,232,
41,199,180,46,144,153,180,24,171,199,40,151,160,211,31,178,218,60,123,167,194,97,220,4,8,106,139,195,91,214,208,74,
113,146,232,76,175,215,81,144,188,18,101,228,12,29,151,136,25,90,248,253,60,158,167,32,117,179,32,104,192,133,32,141,
254,204,101,210,140,46,149,4,42,116,138,210,18,118,20,60,88,191,176,6,130,229,13,135,198,242,25,180,42,86,150,246,
246,81,174,234,35,87,192,196,30,129,254,36,89,178,7,96,184,49,100,87,248,1,100,141,8,72,170,233,218,48,172,74,
55,118,240,237,40,140,5,115,187,32,215,108,162,29,69,156,254,7,93,193,60,100,163,5,246,76,235,55,83,141,230,43,
107,207,109,149,177,19,4,90,214,57,97,219,26,70,80,248,126,87,213,55,77,104,204,95,170,198,16,25,135,14,78,118,
205,35,78,164,21,85,125,212,89,63,125,225,116,191,195,37,70,129,229,145,163,226,103,112,163,7,106,146,233,51,60,205,
14,172,162,26,126,116,144,43,120,160,223,89,98,184,28,151,191,254,96,105,167,11,193,169,27,79,88,174,42,165,205,12,
110,119,205,49,172,188,251,152,94,171,84,216,246,241,152,170,246,0,221,8,59,155,175,185,92,228,12,40,173,182,12,112,
200,19,47,180,189,199,72,166,13,54,128,161,26,67,190,254,96,159,168,33,74,188,229,5,201,213,31,129,7,227,97,195,
182,12,147,235,19,82,215,224,19,78,230,241,116,227,236,66,131,230,14,101,199,208,73,173,228,13,45,238,244,4,182,50,
95,74,235,1,87,152,54,94,157,255,229,94,159,61,101,88,14,11,94,203,248,114,164,21,31,114,210,255,109,167,20,36,
108,139,75,124,177,185,23,109,187,54,94,133,34,8,129,229,37,68,132,199,50,139,227,92,143,130,35,57,143,208,51,91,
178,20,5,115,191,58,122,220,27,36,81,210,48,170,220,60,81,170,0,69,129,237,85,87,163,22,97,140,247,72,93,171,
216,117,188,255,87,107,182,32,154,94,255,100,97,181,36,83,186,227,69,113,140,240,131,171,13,52,61,171,50,114,154,20,
118,51,166,237,181,209,35,121,72,211,64,176,228,38,64,149,230,73,203,235,31,132,154,166,65,201,241,245,146,120,182,50,
173,213,55,94,162,248,33,156,188,242,163,175,179,39,234,204,30,128,112,186,38,161,212,10,115,129,202,48,178,209,19,105,
122,219,60,192,218,34,132,138,216,60,152,21,38,136,145,231,75,222,6,69,202,143,28,141,8,13,52,150,183,13,89,236,
252,59,181,225,20,120,202,2,54,206,230,58,175,37,80,80,173,246,67,185,229,21,156,182,187,5,122,242,30,87,173,198,
100,128,244,31,82,243,230,60,195,3,43,130,228,16,43,143,34,109,113,211,23,109,145,0,124,185,30,23,49,118,80,117,
110,15,37,123,188,90,130,193,35,9,130,195,97,137,124,50,47,130,239,6,140,213,53,252,103,206,117,140,215,49,245,104,
175,77,120,227,52,73,151,196,127,158,239,2,66,165,9,97,113,176,42,51,113,237,80,120,207,84,58,144,203,81,110,227,
84,91,194,33,159,136,194,100,100,204,225,100,212,203,41,38,141,238,109,143,194,52,133,147,240,107,116,17,125,132,152,15,
188,228,21,127,125,221,78,156,225,37,126,131,234,50,188,235,45,131,146,243,92,126,195,229,125,149,233,94,212,255,255,92,
177,242,99,219,158,59,167,174,194,57,230,14,63,169,167,7,120,187,16,72,184,184,3,120,215,14,84,185,182,18,129,1,
208,44,113,176,21,119,3,38,104,139,143,49,128,8,45,7,196,214,34,44,17,38,119,209,157,60,138,13,64,51,157,164,
1,89,186,68,134,220,227,68,92,22,75,79,177,186,16,140,42,82,86,243,217,47,106,2,13,154,247,3,247,186,50,20,
146,244,231,37,137,63,103,107,8,238,44,168,70,75,173,236,204,99,212,69,41,137,28,24,106,178,79,119,162,29,41,132,
189,83,124,196,44,42,139,244,36,106,204,46,51,145,206,102,144,201,12,56,151,252,120,109,221,50,55,129,249,111,83,211,
66,65,83,216,132,159,218,32,75,161,241,133,176,244,43,79,166,19,148,177,251,98,32,148,27,150,186,1,60,98,186,24,
116,191,7,106,116,151,44,154,190,241,103,107,133,51,161,199,18,119,114,146,29,172,207,211,44,137,211,52,184,124,16,127,
77,163,7,130,194,36,134,84,229,38,161,160,252,65,107,242,73,192,204,45,143,132,243,90,218,215,49,148,166,2,91,225,
14,2,137,171,4,109,191,1,84,101,184,1,99,234,21,70,114,142,21,108,227,243,77,119,116,28,115,236,32,98,182,137,
255,122,3,44,64,189,139,194,129,5,35,8,204,216,34,132,10,230,100,198,185,50,115,214,57,120,183,168,254,86,238,249,
106,205,189,31,166,38,68,101,234,252,83,184,2,79,143,244,245,15,170,50,55,118,251,4,55,131,57,38,92,184,251,37,
141,7,88,107,211,214,88,144,17,53,158,212,228,51,195,18,64,121,7,228,64,164,69,65,134,230,23,65,172,40,58,128,
226,226,121,234,91,63,176,19,247,111,228,97,145,198,46,53,153,196,75,150,218,50,29,150,3,127,168,182,61,71,160,252,
59,154,230,37,46,167,11,99,115,237,20,20,100,2,81,125,185,70,35,127,225,132,128,198,42,86,128,236,97,179,198,47,
53,179,235,109,149,249,47,63,142,30,109,155,220,98,63,156,252,160,156,225,67,56,149,249,85,223,33,119,126,223,247,177,
217,234,100,85,230,15,138,178,9,107,116,178,22,152,189,231,102,82,231,75,176,251,23,97,165,251,60,159,199,245,152,174,
250,26,227,2,80,120,141,6,111,224,234,76,183,193,24,75,235,20,86,176,125,10,123,211,251,93,191,165,227,130,194,225,
26,182,147,237,82,244,240,50,148,198,240,85,207,35,54,155,163,35,91,220,4,105,159,174,9,147,226,15,73,215,180,17,
114,21,17,87,185,231,17,124,241,68,87,191,197,68,124,248,31,138,192,203,39,175,254,45,109,243,208,45,138,49,45,111,
209,3,45,151,20,96,115,219,226,96,152,26,60,166,220,235,62,203,26,69,131,15,236,72,172,77,73,142,240,31,73,176,
40,124,143,247,250,124,180,54,94,194,248,8,94,231,54,102,161,241,1,87,156,118,155,148,53,62,102,226,69,168,172,14,
23,133,233,100,116,179,28,34,99,27,138,175,247,245,100,173,15,149,189,184,88,112,191,24,164,193,6,103,42,129,220,154,
192,16,114,130,177,40,171,213,25,108,74,175,56,187,220,23,115,106,210,67,194,217,37,61,153,148,45,188,223,218,89,69,
237,68,189,241,51,135,90,215,79,197,181,232,112,156,251,96,220,209,65,150,155,227,96,222,11,33,157,186,183,56,150,253,
73,112,121,207,51,198,17,80,119,187,238,82,164,41,20,109,187,26,116,180,189,87,194,193,189,128,248,218,33,131,140,226,
84,209,245,52,140,161,249,89,212,241,44,155,155,5,105,215,248,46,223,240,244,96,219,3,80,180,185,15,105,240,26,85,
183,181,7,120,234,38,101,187,188,18,109,60,88,148,255,186,84,195,239,99,165,251,2,99,123,53,47,134,11,217,71,171,
14,113,141,18,27,54,213,21,73,191,28,41,128,226,84,129,185,220,244,65,170,35,82,139,243,249,67,158,101,144,195,35,
55,65,228,49,148,211,250,3,89,213,56,155,159,1,69,108,181,48,86,219,70,82,86,249,94,110,197,39,48,169,234,77,
176,204,22,55,141,217,143,183,199,29,33,110,14,91,155,253,36,69,155,231,157,162,4,102,52,197,238,88,196,14,33,105,
145,48,171,152,215,57,90,152,55,119,159,25,76,119,159,62,185,166,229,71,104,166,69,133,173,39,75,84,219,17,164,239,
243,109,118,180,83,171,246,53,92,160,187,40,220,6,50,90,154,218,38,185,225,32,165,139,201,104,192,208,39,137,122,11,
111,170,5,46,120,153,239,83,241,246,29,186,160,222,90,213,229,95,193,135,212,125,1,31,26,193,211,31,63,255,46,116,
200,140,38,149,193,53,119,205,212,53,77,7,47,123,191,200,30,165,32,72,76,174,195,87,113,243,27,78,181,193,24,115,
243,27,91,183,198,30,127,70,17,156,1,254,82,193,240,87,150,5,14,100,141,32,72,111,12,242,60,147,254,108,180,25,
208,101,214,81,62,125,223,35,86,162,29,128,132,230,251,69,164,22,122,185,40,14,100,200,102,142,205,244,253,66,234,112,
73,199,41,63,149,249,57,121,184,2,70,121,209,110,150,226,68,77,104,228,95,111,233,40,19,157,1,137,142,205,47,91,
177,21,85,125,230,76,98,184,225,92,132,254,61,46,132,35,99,139,246,27,105,200,34,89,198,14,102,43,198,51,164,114,
19,120,117,201,56,103,206,13,89,74,184,63,186,191,33,72,140,167,11,158,233,40,91,79,227,86,202,231,55,142,157,242,
16,140,171,54,155,152,236,91,138,241,48,124,109,195,39,221,5,9,166,116,5,46,228,209,40,126,131,212,36,229,22,88,
104,176,6,119,183,223,30,187,137,247,126,249,33,49,135,139,236,57,248,43,27,188,197,5,81,204,244,110,208,158,47,88,
14,251,117,156,189,7,86,8,48,94,168,177,7,166,33,14,136,175,243,14,173,237,45,77,182,190,15,122,250,20,79,190,
202,33,129,234,87,159,247,188,100,187,69,110,170,8,195,88,188,33,49,112,210,22,108,149,75,56,178,217,29,56,180,6,
115,187,19,225,54,155,247,133,183,23,43,129,161,90,145,201,32,58,133,239,105,75,139,206,54,137,167,97,91,154,252,64,
91,191,58,98,220,27,71,98,198,124,105,151,58,80,156,188,92,166,229,51,93,160,23,131,116,200,72,98,184,35,107,182,
241,90,91,146,24,147,116,7,93,99,194,194,120,194,1,79,121,188,51,159,144,228,100,126,212,63,135,210,13,118,119,174,
52,175,152,33,118,125,223,70,179,165,11,129,133,163,251,181,234,238,80,89,175,43,201,241,245,146,120,206,18,110,241,57,
145,64,241,94,207,188,220,160,172,246,88,222,186,56,167,176,203,71,229,234,41,174,124,13,113,177,200,36,105,192,17,120,
145,21,93,194,121,14,92,250,231,38,136,169,255,75,1,233,28,189,198,238,106,205,13,76,174,218,48,148,236,20,83,181,
225,235,152,24,247,127,232,226,64,173,41,6,116,238,250,73,181,45,70,135,235,201,44,174,56,48,144,0,249,81,190,47,
84,160,8,16,27,128,251,26,157,10,174,99,196,249,101,122,235,30,66,141,63,116,144,242,30,116,181,24,123,127,216,219,
107,163,34,73,177,231,247,77,214,37,84,144,26,247,85,180,88,84,153,253,42,84,191,53,135,154,2,13,135,191,65,107,
205,3,20,102,242,65,109,171,54,19,112,212,116,112,182,21,70,112,219,81,163,182,31,38,163,219,93,135,175,24,33,110,
19,155,185,180,90,45,163,26,161,193,187,58,67,124,31,167,172,235,112,121,172,248,174,155,209,45,112,154,1,121,205,224,
72,75,205,5,135,175,19,73,89,175,56,135,183,242,124,89,177,27,186,182,252,94,140,182,32,153,233,252,100,103,233,33,
159,198,47,101,116,202,84,163,209,16,94,110,187,96,232,6,1,167,122,231,116,226,11,84,175,183,201,129,240,21,93,91,
198,31,119,240,35,22,183,192,0,135,2,42,70,144,153,7,83,230,14,112,175,184,246,73,225,236,51,209,164,13,147,36,
65,134,231,214,61,180,43,255,141,242,169,62,175,7,47,145,243,217,23,182,246,21,78,176,192,22,139,56,99,170,250,16,
28,129,221,103,169,255,6,103,127,57,110,114,15,245,110,210,18,58,145,243,228,41,170,8,56,179,223,9,114,222,84,122,
202,12,38,143,239,22,141,207,223,39,138,203,70,145,208,15,0,145,186,44,78,141,246,255,102,252,122,170,215,70,5,92,
161,123,160,153,73,83,174,190,122,164,244,28,81,170,19,132,112,230,85,59,145,24,147,152,191,92,42,119,213,138,134,204,
47,92,134,241,101,185,204,52,63,185,241,115,153,197,46,55,132,41,177,207,202,122,132,223,239,171,213,37,77,130,219,68,
181,161,23,134,108,194,73,196,201,240,141,91,168,6,187,183,253,95,141,183,34,154,234,253,101,105,234,34,165,197,48,102,
119,200,27,157,197,251,158,180,0,32,233,18,86,100,188,5,113,188,16,82,185,184,210,109,245,250,57,190,199,250,70,252,
233,31,123,190,232,83,207,27,46,151,153,27,83,212,254,97,151,167,251,76,206,246,44,207,229,49,86,31,72,140,154,242,
59,167,242,70,136,239,238,8,163,43,48,111,244,253,48,124,50,31,85,177,244,30,137,4,81,100,205,211,81,137,10,45,
151,205,222,44,188,11,59,117,198,214,44,135,86,114,174,25,190,118,221,76,114,188,210,26,66,166,92,97,195,234,11,132,
173,99,80,202,241,18,63,192,30,138,147,23,49,152,239,115,161,118,55,61,77,1,70,125,230,22,6,147,4,92,132,230,
72,46,108,11,75,106,163,63,28,116,222,125,121,191,35,79,121,228,97,172,191,39,42,172,228,101,137,242,40,55,142,23,
102,149,207,91,56,148,246,153,149,219,57,107,149,0,125,142,212,54,54,224,56,176,225,210,115,78,164,67,155,230,234,100,
144,171,74,138,237,241,107,75,190,5,208,182,23,138,164,237,90,219,175,51,158,157,153,92,212,182,52,104,113,2,67,225,
206,37,170,120,9,50,232,213,44,101,175,18,108,163,211,90,122,165,26,130,243,38,90,194,202,210,67,177,33,106,202,145,
9,140,11,41,115,202,217,46,77,205,20,103,207,223,48,159,27,50,114,143,180,243,103,42,31,57,239,236,63,172,195,64,
140,238,188,42,177,9,49,147,186,254,84,125,231,44,78,239,248,32,156,255,63,126,224,12,98,198,30,70,133,231,19,7,
195,78,105,164,16,184,105,214,71,21,175,26,25,21,212,88,118,91,23,43,50,226,96,124,185,38,227,120,233,65,81,203,
242,19,105,205,72,147,175,17,26,147,200,122,157,224,67,74,151,0,116,93,167,4,21,102,201,70,114,179,6,6,168,15,
126,164,238,4,76,116,240,107,182,186,87,61,182,26,90,130,252,35,68,138,230,109,122,185,25,104,199,46,87,190,253,73,
58,203,47,170,151,17,115,65,175,7,118,153,207,109,131,182,2,184,165,252,94,103,189,68,156,196,3,136,69,223,78,122,
225,242,108,117,238,23,205,210,52,150,100,186,89,153,217,8,98,119,239,37,184,224,66,105,173,224,103,226,207,14,171,121,
231,59,174,211,18,165,187,238,58,240,221,52,150,159,245,124,212,252,59,192,151,38,140,244,226,88,186,173,235,138,5,45,
49,206,215,242,110,204,39,102,178,163,52,152,19,0,122,220,175,29,97,211,64,136,224,165,64,173,30,236,133,242,172,78,
181,36,74,148,170,242,72,150,52,57,96,218,6,57,133,0,64,127,4,210,99,140,15,59,184,28,200,100,209,79,37,163,
18,27,113,154,21,120,183,222,231,120,185,28,68,155,241,238,63,169,18,126,200,219,35,121,199,101,106,145,11,55,106,182,
49,113,176,53,3,148,189,64,138,205,60,69,155,196,63,162,225,8,17,162,227,70,110,197,59,36,176,21,142,173,241,76,
28,167,16,132,189,178,20,84,183,27,150,131,194,95,104,131,231,157,162,201,43,76,131,239,112,137,196,50,58,148,239,114,
153,207,40,118,213,47,102,211,27,115,34,211,64,177,127,29,124,63,212,69,192,173,4,137,111,197,76,140,239,46,85,77,
247,79,199,248,211,155,166,249,91,217,5,254,122,170,253,89,180,13,73,154,182,1,107,229,191,27,96,121,23,51,136,22,
72,168,188,18,50,235,34,90,177,203,22,128,250,220,28,117,196,29,138,248,43,108,203,221,36,140,3,54,122,211,222,49,
147,17,61,48,201,223,53,94,241,60,88,191,235,6,165,32,13,68,157,235,74,164,228,237,146,231,238,79,179,234,80,158,
249,247,94,183,56,95,88,187,187,87,190,66,93,167,11,17,112,197,68,104,178,25,25,113,210,75,118,185,207,15,114,214,
22,86,184,247,0,121,162,88,128,132,225,222,68,240,35,68,122,33,51,127,168,4,135,207,39,214,139,236,33,81,144,242,
251,92,192,64,104,153,4,13,104,204,56,92,168,1,30,116,203,63,94,236,81,8,102,202,69,120,183,30,39,111,220,87,
132,195,22,27,126,217,104,144,195,29,38,115,43,154,191,7,27,104,201,222,165,208,3,99,119,129,36,137,177,216,117,91,
212,253,120,160,235,139,80,162,255,134,169,225,76,88,162,11,140,179,57,62,147,236,68,189,240,227,132,141,205,25,148,212,
54,93,126,188,32,179,219,2,124,114,200,51,161,185,62,169,181,185,92,228,233,75,173,147,233,53,235,216,35,121,125,202,
106,207,247,30,187,161,26,67,190,230,20,186,206,213,120,243,5,44,142,175,40,81,228,244,51,173,182,244,112,216,0,70,
202,211,19,95,218,26,129,168,201,7,107,254,38,77,199,189,19,108,27,45,108,182,250,45,180,244,28,91,231,244,87,152,
54,94,122,220,205,94,135,46,25,157,8,7,25,194,70,100,95,6,22,115,201,255,115,181,11,18,115,139,69,87,150,248,
1,63,187,30,94,133,34,43,70,194,37,136,199,250,238,130,245,105,134,214,45,60,145,175,43,74,213,58,55,139,250,41,
144,161,3,12,98,1,124,105,168,10,43,164,8,96,171,175,41,38,113,215,62,172,244,89,16,165,243,145,185,189,55,64,
150,29,152,157,196,38,71,192,245,100,135,211,28,105,202,223,153,147,210,52,61,206,50,114,154,217,83,127,213,22,180,161,
248,78,66,207,5,128,168,231,132,141,168,12,135,199,41,139,113,234,19,166,175,253,81,102,187,18,137,189,4,98,102,172,
85,217,247,242,166,162,7,108,228,8,249,154,117,203,47,170,13,76,115,124,210,78,236,20,48,181,131,241,44,236,29,82,
121,129,216,51,243,36,89,97,196,37,58,1,44,95,191,211,221,128,205,13,52,150,183,48,113,212,55,71,224,228,62,163,
28,64,132,223,169,9,105,231,19,78,178,193,20,107,221,81,147,233,240,81,105,35,75,92,249,223,29,188,252,60,158,221,
218,21,121,242,96,168,13,196,89,189,69,109,172,235,23,109,209,41,81,144,230,227,52,143,70,64,151,225,234,88,223,55,
71,193,215,36,133,154,84,124,141,42,16,78,237,45,109,207,14,11,131,231,52,151,179,253,65,92,216,118,123,159,1,59,
99,223,66,106,193,70,44,106,9,82,179,244,67,18,159,3,139,179,242,49,93,179,23,111,151,214,27,87,173,30,153,193,
221,98,107,193,2,125,165,196,29,107,202,36,91,200,16,104,23,207,54,165,203,21,43,115,214,255,181,221,225,67,135,186,
6,188,228,0,74,78,152,59,160,235,239,81,90,200,44,143,242,229,100,80,229,27,150,190,21,154,163,249,34,216,197,63,
102,135,188,33,125,7,73,159,166,7,31,217,211,77,175,149,235,114,202,21,25,147,115,230,45,203,246,97,178,199,21,66,
253,28,109,128,192,35,76,2,42,46,144,212,7,83,9,49,77,151,143,240,73,250,49,110,225,229,62,99,222,70,124,240,
170,8,180,231,11,62,177,183,17,111,222,22,157,183,185,15,84,49,92,143,239,3,13,176,43,96,124,198,207,96,161,28,
103,107,8,17,27,156,250,113,180,209,15,110,213,68,116,112,211,189,117,220,75,113,187,209,25,65,189,32,131,159,1,10,
96,231,39,103,166,240,17,79,203,29,98,132,44,48,145,252,105,54,215,60,57,141,252,43,146,163,5,38,100,224,67,131,
194,71,80,107,207,57,126,160,19,25,118,175,151,176,240,85,87,104,27,154,125,241,92,104,178,30,86,127,181,36,32,181,
25,161,166,205,47,115,166,10,168,149,15,113,46,160,232,162,156,219,85,70,180,0,147,187,29,127,77,163,246,178,231,28,
58,145,232,81,120,200,20,99,88,228,73,192,235,230,140,160,145,84,204,174,44,96,129,191,94,182,222,29,127,171,198,66,
189,205,36,110,143,188,116,227,8,80,78,175,21,108,227,21,243,176,194,14,24,242,23,16,177,186,226,70,252,233,64,138,
147,36,101,191,232,30,212,209,36,145,168,37,54,176,161,50,115,238,22,85,218,168,22,127,226,34,73,195,163,22,93,44,
82,148,230,148,66,182,36,72,145,146,246,85,175,208,82,156,175,4,93,181,46,97,84,245,254,97,138,5,69,167,9,215,
104,169,12,52,139,213,234,43,143,22,63,130,225,233,52,159,34,67,129,229,228,54,169,32,72,128,217,46,135,223,88,139,
126,31,18,104,239,71,146,209,51,60,87,199,128,170,140,52,70,159,177,107,147,164,6,15,101,201,68,108,230,37,46,167,
220,75,110,183,3,80,177,198,128,146,209,86,60,181,25,148,188,192,76,89,175,229,96,136,199,41,50,136,39,127,167,9,
92,69,134,33,156,150,213,55,64,150,250,117,216,244,86,130,150,47,170,164,227,69,78,164,8,131,230,2,100,144,163,3,
141,177,240,66,144,239,73,128,237,53,141,60,244,91,202,240,58,80,152,238,95,159,199,30,104,172,199,43,166,9,37,135,
120,9,74,168,3,66,177,151,16,57,180,23,27,184,134,244,64,246,30,58,191,141,239,74,196,242,36,141,152,237,61,247,
31,107,146,155,9,85,11,248,55,153,221,16,116,215,58,86,155,215,50,163,251,70,74,172,240,11,170,234,42,81,238,247,
42,177,241,37,134,232,254,49,184,248,32,154,193,5,32,156,255,98,161,224,12,39,134,253,92,155,10,216,46,170,13,112,
116,214,223,112,177,44,60,182,245,224,106,206,86,91,189,228,237,126,167,93,74,161,235,47,133,198,100,81,136,230,251,82,
183,50,49,214,43,50,147,247,46,148,226,61,59,162,251,124,163,156,255,233,158,255,52,155,172,14,23,168,209,76,116,179,
80,54,175,216,83,182,186,11,85,184,18,73,150,247,89,78,197,22,164,189,197,60,99,202,46,176,165,7,101,117,195,8,
165,205,197,123,120,203,56,79,178,19,117,106,225,50,192,217,225,88,127,230,74,204,193,35,129,145,223,36,193,233,233,149,
145,229,85,211,237,246,127,156,237,25,136,239,59,98,107,193,37,184,3,66,105,173,224,68,159,168,66,173,172,168,102,236,
197,80,181,178,6,117,164,11,74,185,135,24,124,188,252,94,157,166,31,131,254,38,54,214,225,218,132,8,51,32,193,202,
242,110,209,249,56,178,163,249,152,216,24,87,161,175,64,105,240,12,70,175,165,63,174,218,65,128,239,189,78,178,242,50,
148,211,220,85,185,52,92,138,240,249,33,157,0,40,103,225,210,40,199,7,71,134,208,217,106,147,58,66,183,26,33,110,
215,75,58,174,21,23,126,152,19,114,177,229,6,68,168,35,99,138,236,48,75,199,66,82,145,46,252,75,183,51,81,140,
250,6,90,183,59,88,142,53,71,147,179,115,164,217,225,68,165,186,129,172,223,63,83,93,0,136,117,180,81,31,117,217,
108,148,211,29,38,148,248,150,137,194,48,52,135,234,106,121,4,105,102,186,41,88,191,254,50,118,169,48,112,152,18,116,
66,211,55,178,218,25,76,81,167,9,126,149,29,124,63,157,1,179,232,236,78,146,173,17,140,204,11,109,94,180,48,171,
246,0,92,94,233,90,154,194,60,99,108,194,62,185,225,8,106,139,225,104,174,208,9,159,168,208,111,199,18,22,120,188,
18,59,241,25,88,186,195,215,112,235,229,95,158,202,229,73,255,39,43,200,209,39,139,6,235,63,160,156,235,70,21,49,
109,216,147,45,156,200,60,126,217,224,65,89,19,59,135,198,183,37,137,39,79,107,240,214,20,179,11,27,102,6,17,10,
180,56,99,80,241,250,58,134,25,41,104,202,235,41,200,8,48,170,233,218,72,207,27,55,113,221,208,106,217,5,108,171,
26,0,62,186,53,128,191,254,42,93,169,95,100,139,23,36,122,200,43,107,146,244,253,107,183,109,90,153,54,28,90,214,
116,141,172,68,78,162,253,125,158,164,59,73,152,13,62,102,220,62,49,111,235,78,118,181,47,32,177,218,85,184,212,30,
63,184,218,92,139,187,25,46,133,231,93,143,194,27,105,200,34,89,198,14,102,43,198,49,179,205,199,128,122,209,56,172,
143,34,130,142,212,243,178,229,213,124,142,218,250,186,235,32,62,140,235,69,102,233,49,137,87,142,81,201,171,41,152,161,
188,56,214,219,26,159,109,254,98,162,185,76,162,168,7,7,232,18,78,174,186,20,50,199,22,82,172,149,28,125,231,34,
86,190,198,206,79,173,229,108,134,105,37,124,245,40,103,133,204,49,142,254,55,107,211,219,235,80,194,48,114,221,217,58,
160,24,73,126,228,233,74,179,37,79,139,235,247,81,105,27,80,143,182,215,80,145,12,87,91,248,1,28,120,234,87,159,
247,197,252,187,63,93,66,14,4,108,200,6,119,160,10,30,40,148,13,55,126,209,187,108,217,74,24,182,21,216,54,154,
21,61,140,232,245,78,163,44,78,145,246,239,65,178,36,96,159,244,246,67,246,116,74,145,243,252,98,192,63,106,154,10,
13,103,206,57,93,169,2,31,117,205,64,104,158,84,81,164,17,62,178,244,74,81,178,202,132,172,248,31,64,150,226,117,
157,255,97,42,179,23,100,164,203,45,54,164,240,107,171,210,76,120,150,252,126,156,219,61,63,158,255,122,144,14,112,134,
161,29,152,168,255,97,141,227,7,181,221,238,104,89,175,19,166,182,245,111,96,206,85,152,194,8,140,149,189,57,156,196,
3,125,110,196,64,163,227,69,111,122,198,38,216,0,76,115,148,234,54,201,241,83,181,125,7,107,184,248,31,129,138,248,
68,191,255,38,160,204,234,80,190,226,51,145,151,245,65,1,48,118,202,142,48,151,6,44,118,140,212,55,96,22,67,130,
169,237,32,132,231,74,102,235,197,6,168,50,83,135,250,248,84,183,236,21,75,249,5,79,177,55,19,145,221,206,95,136,
62,43,165,7,16,102,167,10,62,115,213,203,103,212,82,40,166,8,30,116,181,24,123,186,249,234,64,176,31,66,141,215,
36,133,154,84,102,141,42,248,137,178,104,144,207,49,23,85,197,43,138,179,253,65,92,251,59,158,221,63,72,123,199,59,
114,163,12,26,98,194,76,119,184,18,10,165,18,131,103,248,77,101,188,29,148,110,236,56,41,186,227,153,134,0,98,107,
193,2,101,124,0,107,106,133,232,100,131,7,114,113,109,48,168,138,23,122,136,138,45,122,186,225,126,100,186,30,153,228,
232,98,107,169,37,136,200,222,148,145,228,81,104,229,49,88,156,183,27,150,249,21,119,104,249,34,157,239,69,154,161,3,
106,215,201,47,165,169,248,31,183,194,80,182,122,5,114,240,12,83,114,124,179,127,237,36,100,195,200,208,122,240,35,105,
189,107,28,137,250,200,97,206,114,42,145,0,38,112,134,206,36,90,213,21,119,182,167,253,121,225,68,96,170,203,9,92,
244,255,146,242,254,68,77,39,76,69,230,239,23,123,14,89,117,191,200,54,130,56,61,100,222,207,20,185,65,95,90,251,
214,68,144,70,75,138,236,245,110,151,42,82,121,243,228,82,141,92,120,180,31,196,124,227,82,120,194,216,32,96,196,98,
79,166,240,17,103,179,70,86,149,50,24,69,198,36,155,222,251,57,152,255,110,158,154,253,231,159,6,117,155,229,251,67,
153,231,98,138,201,19,52,138,238,81,145,243,26,35,145,24,71,140,174,24,44,127,222,101,134,190,1,108,197,29,150,201,
188,93,80,166,242,133,208,236,113,63,149,17,116,156,219,44,82,139,46,182,222,29,92,77,163,31,154,194,36,134,75,162,
231,193,230,223,128,115,201,21,168,243,15,148,98,184,52,151,191,254,79,172,246,87,219,181,51,149,136,222,66,189,205,36,
134,143,205,73,231,212,19,141,185,195,68,162,18,94,184,132,216,86,238,18,92,198,195,209,122,254,28,1,197,209,27,125,
3,223,93,191,154,8,84,10,247,78,176,185,50,150,17,22,120,142,180,237,156,18,69,139,223,141,80,165,33,76,132,161,
249,83,114,34,83,149,235,252,15,116,230,27,77,238,225,55,190,254,62,101,223,232,38,162,5,45,167,230,198,56,128,15,
49,114,196,14,113,203,2,120,184,31,212,82,195,43,63,180,23,28,117,149,84,135,97,34,40,56,234,102,147,126,31,40,
80,180,106,87,174,248,1,146,211,45,86,140,66,63,146,255,22,147,210,6,39,101,4,68,132,195,37,81,167,11,99,174,
161,32,12,182,24,150,174,146,76,101,174,14,147,90,244,95,94,90,32,158,186,247,100,33,182,236,103,143,206,107,116,202,
243,169,150,16,55,88,174,53,100,169,203,108,130,216,60,148,164,227,93,102,188,67,190,162,226,37,141,224,254,184,178,241,
83,92,237,81,204,185,51,90,158,185,53,176,251,238,164,161,244,97,120,2,68,154,161,2,26,212,230,37,170,144,206,109,
173,237,20,142,186,237,57,163,232,10,180,143,242,116,254,5,101,180,208,23,62,186,195,97,192,131,33,75,224,37,96,205,
222,40,68,219,231,101,199,186,16,116,239,255,86,184,193,4,128,30,11,74,196,240,250,107,217,18,78,183,171,80,183,224,
71,112,210,254,49,125,51,32,119,193,226,91,156,255,22,114,212,192,59,200,74,106,106,230,28,106,194,74,115,172,9,1,
120,201,87,112,158,37,37,112,157,58,122,202,38,37,117,233,17,136,202,218,34,98,198,100,105,144,45,251,105,181,72,147,
175,249,241,100,200,38,115,219,68,69,92,218,130,162,213,68,78,158,253,103,176,220,81,75,144,25,139,168,176,54,78,170,
11,145,182,245,11,99,188,206,136,154,217,94,68,130,33,97,161,200,66,110,161,237,87,156,219,32,78,205,56,171,148,237,
124,125,199,56,180,214,16,97,139,206,69,177,200,44,133,131,162,30,180,231,38,133,147,226,35,201,249,47,67,160,234,75,
207,147,39,137,100,210,30,212,193,24,122,131,252,96,219,224,66,88,126,183,111,232,19,66,73,180,13,101,222,17,4,165,
174,214,117,205,221,52,185,194,221,65,188,31,35,133,201,211,84,178,41,108,137,199,38,141,252,44,40,139,117,56,141,9,
52,108,137,225,59,90,10,59,125,211,233,252,97,211,8,58,219,228,12,171,3,19,106,239,248,19,119,242,85,89,187,255,
9,137,232,32,93,201,207,16,181,61,91,86,6,16,107,123,30,83,127,205,12,99,195,65,37,168,21,185,110,207,4,122,
186,33,214,107,207,28,68,190,229,6,68,168,94,99,129,228,228,142,230,94,143,128,36,61,134,230,107,72,204,55,54,50,
0,104,162,217,254,80,144,252,130,94,165,5,16,107,195,31,162,234,66,241,161,16,60,176,242,72,79,176,200,130,124,211,
88,97,124,27,150,155,218,95,45,143,42,160,204,12,108,108,199,36,96,151,205,51,58,153,247,112,152,207,40,125,214,46,
167,218,205,110,97,183,27,126,166,229,130,139,190,34,133,197,236,90,72,158,0,193,242,52,68,140,239,48,206,211,250,92,
160,211,90,154,218,13,99,103,180,84,161,225,67,165,115,4,104,192,232,74,113,105,3,114,158,5,46,144,153,215,59,182,
25,88,151,160,222,90,189,241,82,158,167,253,73,196,236,102,200,174,4,80,227,243,47,145,203,243,111,13,53,57,214,223,
18,118,20,1,73,233,244,55,97,19,72,100,233,207,13,113,39,44,142,181,214,15,166,46,51,149,212,197,27,186,18,93,
97,219,196,17,186,62,92,87,254,16,92,102,57,113,163,1,20,9,200,76,106,79,12,30,106,116,89,110,191,25,229,132,
210,85,136,123,229,236,68,173,28,37,191,42,41,37,227,105,66,205,50,47,131,242,33,136,212,54,28,114,249,81,121,184,
61,70,97,221,88,104,226,9,30,178,24,54,164,236,81,8,157,14,137,177,205,47,56,177,218,144,125,247,89,39,137,225,
87,134,178,88,108,115,22,158,198,226,68,112,163,7,130,205,12,51,84,170,246,172,153,2,104,126,212,56,144,184,247,124,
74,219,4,186,226,230,116,93,233,78,199,230,42,133,85,224,73,189,246,235,77,141,240,84,207,212,19,117,161,188,91,155,
254,61,100,102,196,41,154,190,17,109,110,203,51,161,192,68,175,174,192,105,237,11,240,177,183,199,106,229,223,54,128,196,
223,91,214,254,96,194,203,254,133,180,43,109,125,212,43,148,187,34,97,149,158,47,88,235,251,58,215,189,242,87,201,69,
125,220,238,224,174,22,80,135,172,254,62,170,48,12,83,179,196,25,113,205,79,153,150,1,90,178,43,94,81,242,251,59,
159,61,66,129,6,15,66,166,248,61,95,16,29,46,199,75,118,169,19,217,48,117,93,118,182,27,29,46,225,96,67,183,
34,46,120,228,28,69,123,234,230,123,223,68,108,206,13,22,143,243,75,115,137,7,244,93,188,59,81,209,64,63,81,3,
127,172,151,33,55,122,202,123,164,223,68,9,163,18,40,178,244,74,81,178,202,132,126,189,31,40,185,29,152,133,255,38,
106,133,1,124,199,186,57,37,186,43,166,206,234,52,61,171,15,138,213,20,50,60,115,54,174,144,29,128,142,144,51,128,
168,231,73,141,227,71,135,234,238,139,89,199,43,201,165,56,142,148,243,9,198,254,48,142,161,172,85,217,247,220,160,172,
246,88,222,186,56,132,141,6,71,170,13,17,139,124,234,113,201,217,7,134,114,16,70,206,20,98,163,205,16,135,243,222,
30,97,201,28,58,244,6,69,202,176,238,141,205,13,52,174,218,13,89,195,73,71,140,186,57,164,23,5,94,237,238,56,
169,37,71,129,210,252,63,182,34,57,157,246,244,19,153,44,101,158,246,249,95,112,44,97,150,180,252,60,160,62,67,106,
7,213,67,143,34,109,137,211,203,127,162,0,77,181,30,31,54,180,92,124,175,30,40,120,215,65,138,182,43,37,106,243,
101,130,138,16,40,132,229,107,144,207,229,47,146,236,35,138,179,21,65,116,192,118,99,186,4,37,158,223,66,89,246,23,
3,126,11,141,173,173,41,95,173,5,141,182,239,76,68,187,12,154,179,225,104,104,179,224,115,182,0,98,104,195,32,120,
203,18,107,38,208,40,160,209,172,102,127,200,40,173,116,14,121,120,116,58,184,212,17,126,59,208,6,188,193,0,98,142,
228,37,160,200,251,72,143,244,81,193,250,46,150,158,174,19,133,249,59,145,152,249,17,203,0,28,102,170,197,100,188,7,
35,121,121,205,31,224,17,83,99,171,211,79,178,242,84,123,132,21,86,209,225,91,189,139,249,81,192,227,39,138,129,27,
138,182,29,105,168,153,42,83,9,14,112,175,172,237,136,16,21,60,217,167,56,121,28,33,65,170,181,3,115,231,8,67,
178,187,21,120,222,75,147,235,176,88,175,57,98,158,252,183,76,189,21,37,159,198,10,61,196,28,27,159,10,9,36,135,
3,12,177,6,13,110,210,9,111,189,24,22,125,214,87,126,119,218,218,120,174,50,127,183,38,40,124,206,106,127,209,36,
240,99,240,114,146,146,14,68,146,234,114,155,212,49,41,160,241,127,152,198,77,77,152,197,89,159,237,79,77,168,5,110,
177,169,2,80,175,9,73,82,251,74,101,179,218,158,176,247,100,33,127,225,95,136,190,1,101,196,30,63,209,253,113,114,
139,56,157,205,23,45,62,146,251,120,148,180,113,131,207,217,182,225,20,116,136,146,53,176,170,233,134,84,194,73,137,177,
240,141,74,189,4,190,208,247,113,157,184,28,175,250,22,120,164,191,26,150,159,61,156,95,244,88,165,205,71,110,143,8,
49,172,212,78,100,174,17,107,162,210,81,189,196,248,125,0,223,64,193,206,26,137,249,39,101,121,143,216,123,3,43,71,
145,154,8,108,207,15,54,152,185,50,115,238,246,58,187,216,52,164,26,77,141,222,232,249,123,216,8,71,183,180,18,109,
234,25,79,168,5,79,176,52,248,157,242,249,90,190,245,91,169,4,2,105,194,67,106,99,198,176,100,210,75,81,177,27,
219,70,173,84,107,182,16,212,71,142,44,87,194,19,40,118,163,94,125,206,225,33,132,232,64,80,143,9,18,80,204,47,
87,174,51,25,111,170,48,77,194,51,58,161,0,126,103,161,67,67,171,192,67,179,170,8,5,108,205,82,110,161,19,100,
114,207,74,83,240,92,99,151,28,159,126,208,100,109,181,33,145,195,15,68,106,197,32,151,208,243,100,116,205,37,166,217,
29,38,76,133,31,169,207,31,124,136,159,254,197,216,36,131,39,219,73,194,200,40,146,82,187,81,204,230,45,132,151,250,
38,206,239,60,149,147,250,66,204,251,61,147,162,3,108,142,211,245,141,165,249,110,228,15,15,108,193,2,115,235,174,72,
179,178,205,18,247,12,93,183,131,34,112,243,38,25,131,138,229,75,186,195,93,200,199,195,129,7,224,107,208,205,33,144,
191,38,55,153,162,51,151,18,23,121,160,181,10,110,235,10,57,231,243,61,159,37,1,127,203,212,42,118,9,84,88,245,
219,25,125,4,33,97,196,208,15,188,52,22,93,191,255,39,139,6,105,168,10,240,105,146,6,99,116,214,223,112,212,79,
84,182,221,224,106,184,51,91,130,252,40,67,226,58,74,137,228,34,98,198,65,81,168,45,251,140,205,48,88,143,6,14,
87,180,38,162,213,52,70,78,246,124,85,224,69,66,150,5,52,155,218,38,47,133,233,100,116,179,80,89,116,216,83,123,
245,87,49,114,214,93,134,197,38,47,123,237,96,141,202,47,43,125,242,111,144,199,32,117,206,38,159,210,197,102,111,175,
54,118,217,245,87,96,158,61,184,189,228,94,138,177,83,208,155,32,139,151,155,62,163,203,45,84,152,238,82,170,210,249,
115,124,210,42,153,188,8,81,158,255,20,206,246,31,164,114,3,68,191,231,14,171,180,231,51,198,17,63,165,152,238,117,
181,24,87,185,159,245,65,212,252,59,177,154,219,118,219,3,101,140,208,38,138,226,10,49,171,180,10,79,255,17,80,213,
163,52,152,19,24,87,161,199,29,129,220,0,80,180,182,251,164,40,70,65,232,250,70,102,38,85,155,239,179,96,181,49,
92,148,177,14,98,201,52,23,154,7,193,92,201,58,30,162,13,12,30,199,75,105,78,15,21,37,145,12,52,115,229,232,
60,162,21,75,132,228,239,60,156,36,67,150,248,244,67,158,104,147,128,234,243,73,189,50,88,153,243,10,90,188,57,88,
147,2,2,108,208,63,95,158,247,84,158,255,131,93,224,77,7,169,16,127,165,239,5,77,117,241,143,183,246,88,38,148,
27,150,131,253,95,104,190,34,110,212,21,26,105,200,47,88,191,254,109,118,145,13,112,152,239,116,66,152,8,119,154,223,
47,124,221,242,172,166,253,130,139,225,69,133,197,39,137,87,232,76,199,239,46,127,140,226,83,206,187,18,92,101,211,90,
154,194,45,111,174,5,103,217,6,62,103,165,0,93,233,199,6,159,168,11,111,175,239,22,120,153,18,59,182,215,29,128,
128,210,66,191,233,30,141,135,212,125,1,31,26,193,211,31,63,255,46,116,200,140,38,149,193,53,119,205,212,53,77,7,
47,88,167,200,6,106,253,72,76,198,183,37,113,4,44,107,193,1,82,186,54,92,146,249,251,18,130,247,35,100,194,207,
42,138,249,24,163,8,5,89,200,247,94,111,233,21,48,148,74,79,118,240,237,40,140,5,115,187,32,215,108,208,53,69,
191,254,7,128,169,60,135,163,237,14,88,176,38,69,192,34,21,83,207,50,90,177,54,4,114,190,81,97,184,26,35,80,
248,126,87,213,9,42,163,204,71,170,198,16,49,123,1,78,142,240,23,32,177,242,85,149,185,27,85,171,249,92,156,195,
37,70,191,232,123,139,226,44,77,163,7,115,212,21,100,51,192,36,137,153,19,82,91,212,253,144,219,247,65,98,155,50,
173,191,230,131,105,191,70,134,198,40,103,88,198,10,124,233,49,137,78,233,86,199,171,47,154,153,149,83,217,156,61,162,
159,243,98,145,248,33,166,116,5,70,228,233,40,173,123,12,77,188,207,76,189,191,10,127,239,29,91,119,129,206,126,252,
24,85,194,127,20,133,0,5,68,166,151,40,105,228,12,51,149,182,12,147,223,1,64,139,218,57,160,201,48,94,227,236,
66,166,254,38,77,199,243,20,121,249,21,79,182,191,4,172,50,11,137,248,1,52,152,19,35,157,220,229,59,135,2,66,
129,6,224,33,188,68,108,136,234,243,49,208,40,80,143,217,226,80,180,82,56,128,218,233,66,155,18,70,138,234,239,53,
222,98,128,123,47,43,144,245,109,145,130,35,57,143,208,75,115,154,55,29,115,215,58,98,185,27,71,81,250,126,156,160,
1,11,66,0,134,95,234,79,76,160,15,62,165,228,48,92,119,22,86,185,213,55,99,185,29,117,133,196,50,114,195,43,
167,205,3,106,108,131,242,104,150,217,54,64,151,251,106,137,20,121,118,202,57,104,207,14,90,75,185,5,152,168,231,97,
82,192,12,147,160,223,63,142,237,84,125,228,35,87,96,206,26,173,189,20,94,127,189,57,168,196,254,87,156,242,64,222,
203,69,108,176,227,71,229,13,76,139,124,210,37,228,23,7,168,177,241,61,208,224,55,129,138,248,68,215,231,50,182,191,
255,75,222,238,69,143,152,6,82,229,245,49,147,205,35,113,15,252,118,157,225,20,120,22,67,130,193,178,8,117,41,83,
127,167,231,61,115,238,46,85,207,192,46,122,13,29,116,185,245,75,129,252,60,99,221,206,60,136,27,43,130,196,196,95,
204,61,33,165,16,15,11,209,79,107,168,21,210,103,157,48,123,127,249,234,123,188,31,95,158,232,44,54,183,21,140,207,
236,42,137,240,95,143,139,238,216,155,240,108,151,207,236,68,158,189,109,158,224,54,71,90,191,49,102,152,57,20,130,9,
73,137,176,77,51,113,237,104,120,242,8,45,103,220,84,131,173,80,102,178,210,155,196,8,22,71,170,251,98,192,0,94,
106,124,36,170,109,14,115,112,196,51,98,201,218,60,69,155,58,181,221,225,126,76,221,6,153,193,35,57,95,152,59,195,
235,42,105,90,176,44,167,207,49,147,88,175,244,206,243,236,141,104,190,34,157,0,63,161,111,0,41,223,204,35,133,177,
187,96,232,6,1,171,134,233,107,245,252,92,171,199,14,53,177,208,109,142,122,245,130,4,36,36,160,214,36,124,4,45,
102,195,187,50,131,17,42,88,223,223,42,87,244,52,132,224,223,47,163,208,57,133,221,162,64,118,254,68,146,211,253,64,
183,35,14,78,167,14,35,106,10,91,161,251,197,53,198,57,85,161,4,7,88,171,71,92,174,1,249,116,207,63,48,147,
4,19,102,213,77,117,104,30,27,110,219,8,114,193,22,27,123,148,84,133,186,194,53,120,238,97,76,212,32,49,146,170,
45,83,148,254,248,47,238,114,144,117,50,68,144,154,111,162,146,64,76,150,248,126,90,216,58,80,131,231,133,138,201,19,
28,173,238,140,180,196,100,35,121,222,83,132,198,28,43,132,227,90,141,204,116,32,194,41,152,190,8,30,102,188,45,168,
208,15,78,87,173,17,140,215,22,61,129,215,12,122,146,23,130,142,146,53,176,194,1,99,84,229,38,161,177,43,106,115,
236,80,144,196,247,84,84,230,74,210,215,22,155,129,215,35,158,1,29,162,171,181,93,227,188,58,156,178,8,108,231,236,
43,141,150,236,115,238,219,85,183,145,9,109,245,29,92,190,164,250,94,217,1,99,197,147,36,136,194,30,93,204,178,8,
143,231,15,54,152,220,15,150,17,40,107,205,192,22,127,226,69,97,195,180,69,134,1,76,139,178,231,0,169,45,75,70,
237,255,75,85,42,93,77,251,7,81,179,57,21,147,245,208,62,197,29,45,167,230,18,104,204,12,52,174,237,246,64,143,
10,67,130,222,237,65,152,27,68,128,232,242,58,154,41,78,141,226,226,132,235,90,128,202,224,40,126,239,47,111,174,51,
25,87,211,113,106,231,75,247,147,0,126,84,210,6,74,125,4,127,132,171,37,46,113,213,87,115,173,25,12,166,21,65,
168,231,86,36,146,246,148,153,192,58,102,171,19,96,195,223,100,109,160,236,127,167,211,53,101,155,234,156,150,16,79,123,
209,18,117,181,244,67,76,150,47,124,223,251,128,137,188,8,155,195,239,81,77,159,23,143,183,224,135,153,229,5,197,246,
43,51,150,247,246,208,245,238,88,97,183,27,166,199,8,106,106,206,43,168,208,5,99,121,198,62,185,212,12,101,189,22,
40,171,211,18,132,134,222,66,180,234,34,134,143,219,59,195,226,53,151,148,226,70,184,52,103,198,216,224,136,14,231,114,
215,212,40,151,198,45,108,160,228,4,163,30,70,74,231,240,70,135,37,42,140,191,179,9,126,249,24,92,191,188,30,133,
252,31,97,185,190,36,137,2,31,85,3,15,89,187,65,29,155,253,19,46,205,37,53,175,214,223,77,212,32,134,199,204,
27,122,225,10,113,130,252,5,126,191,34,133,137,3,12,86,174,36,84,127,37,57,64,227,94,147,151,52,26,88,247,55,
95,182,59,51,141,195,86,126,224,31,16,161,202,93,133,216,26,14,155,209,100,140,238,45,30,175,216,107,147,179,74,37,
147,247,149,154,193,94,44,154,254,89,125,204,47,54,120,33,165,195,190,101,119,195,227,163,210,24,108,48,210,57,168,206,
24,46,118,204,26,125,224,31,129,103,189,9,132,196,235,77,86,231,11,185,225,242,143,93,203,47,205,210,52,115,100,245,
30,153,252,59,110,107,194,45,155,206,9,109,97,246,90,191,207,73,171,180,231,75,174,214,45,119,128,214,117,176,11,74,
126,194,221,89,212,31,59,192,166,228,131,195,235,101,199,161,25,125,202,45,49,171,180,45,110,12,17,56,213,163,249,152,
19,251,54,207,221,29,105,31,71,134,197,206,12,112,3,19,82,180,248,13,165,32,26,148,187,220,50,185,17,92,120,194,
6,33,133,59,99,95,189,210,46,140,6,30,162,13,12,8,206,76,104,165,18,207,100,213,45,61,183,246,34,85,220,87,
92,155,32,6,68,168,35,58,150,219,51,141,172,92,141,207,37,54,73,174,10,159,207,50,62,141,172,118,162,156,51,69,
158,246,121,94,158,247,13,86,249,129,134,173,74,48,169,234,136,176,204,46,90,141,217,84,124,170,40,21,127,221,95,114,
242,97,96,114,36,160,205,184,66,88,155,235,156,197,0,101,42,196,51,73,211,21,107,114,211,235,165,205,222,88,97,183,
3,150,190,253,95,80,173,14,116,185,219,131,135,232,83,192,141,50,135,142,239,83,138,240,62,153,151,254,87,216,255,248,
91,69,253,100,211,249,67,89,161,247,69,192,232,15,172,122,11,52,234,18,46,120,112,227,42,220,28,94,185,202,29,114,
239,25,45,155,199,34,124,217,36,108,207,217,254,135,3,46,101,139,203,46,111,234,53,116,179,164,53,94,208,242,107,166,
180,13,149,228,17,83,217,182,16,114,23,19,84,189,233,19,122,249,70,89,190,198,70,126,252,33,140,194,207,40,177,0,
44,109,187,203,33,124,56,109,162,192,0,110,213,73,121,181,8,19,107,152,68,108,155,240,1,82,180,64,103,141,251,39,
130,220,57,132,204,47,57,94,231,99,142,197,235,43,142,207,74,149,212,19,4,149,190,48,82,203,1,12,104,240,63,110,
173,52,17,109,207,114,110,179,15,68,110,217,85,103,173,15,15,166,23,136,108,226,92,104,183,35,155,180,245,89,43,178,
22,129,156,227,64,71,174,17,103,162,18,103,108,212,255,134,209,21,109,88,209,62,186,227,241,120,130,219,55,118,213,33,
96,105,226,70,158,174,40,79,79,159,61,140,183,247,129,94,188,24,191,187,0,92,145,187,38,161,238,1,105,111,238,38,
163,209,52,106,122,208,89,168,214,19,157,122,214,52,219,215,29,128,115,208,52,144,26,92,178,185,26,50,236,230,61,159,
168,230,133,0,237,103,142,151,40,81,204,12,51,132,170,227,149,11,54,19,212,218,234,141,8,26,94,192,177,66,107,33,
14,136,234,208,14,97,29,82,135,165,0,73,171,50,93,142,186,214,93,180,43,59,149,179,16,90,187,63,3,164,9,6,
90,201,248,95,112,13,22,73,173,16,56,119,217,226,56,156,82,46,138,207,25,128,215,78,136,166,37,46,137,179,58,133,
201,33,12,133,242,110,151,165,44,54,143,235,42,156,206,46,67,156,242,55,114,226,55,60,122,249,57,66,224,63,2,151,
205,131,171,199,41,26,112,212,79,119,182,24,92,102,30,141,178,250,248,86,126,250,117,157,196,97,106,133,36,100,140,6,
45,54,164,240,90,159,193,100,126,199,39,135,216,20,110,120,219,7,142,217,29,117,96,217,70,194,235,249,128,138,227,63,
126,221,41,104,113,234,78,166,182,48,87,87,167,69,148,191,255,137,102,196,32,199,195,8,100,153,195,46,169,246,9,113,
119,188,39,162,193,79,180,107,2,119,229,9,45,184,190,12,113,249,233,52,185,199,19,89,247,40,104,203,163,30,131,1,
33,36,189,211,6,106,8,48,76,150,218,245,80,197,39,58,159,168,39,95,225,11,114,168,184,14,151,230,20,81,219,184,
21,122,25,21,91,191,235,21,124,248,72,91,197,198,72,128,1,35,142,196,212,42,179,2,48,108,247,212,44,150,53,49,
120,210,7,49,156,25,100,119,223,233,100,156,30,67,170,224,240,70,207,30,76,137,19,240,76,173,23,70,133,222,54,143,
161,93,150,200,38,20,147,244,103,144,220,6,27,148,253,110,120,218,69,79,166,217,121,162,228,62,58,161,6,123,168,200,
84,43,104,3,139,144,207,84,93,144,220,146,127,181,17,84,126,230,93,177,196,45,51,177,233,106,143,247,45,60,144,28,
107,154,211,38,54,143,231,182,220,30,112,61,116,51,183,213,186,119,137,213,223,185,222,215,135,145,236,252,182,176,7,105,
114,176,79,202,183,49,88,97,242,27,150,214,253,78,171,245,86,218,158,63,164,161,245,100,147,250,57,133,118,228,48,195,
211,77,175,125,235,79,202,242,20,106,178,8,121,185,249,56,130,198,225,93,192,232,98,196,146,35,100,182,251,29,205,209,
42,78,189,246,105,159,121,43,152,22,236,106,182,226,253,97,225,33,96,170,238,4,92,22,62,79,201,210,16,175,7,23,
86,243,176,79,184,229,86,156,239,0,95,196,244,75,162,7,9,103,200,52,94,159,214,236,96,211,30,103,180,6,17,112,
202,66,119,188,29,219,50,150,8,116,190,187,35,118,148,92,81,159,43,2,63,218,98,103,166,43,52,103,179,105,86,140,
232,43,85,189,52,136,155,4,10,136,192,65,102,206,4,19,103,243,66,113,170,253,13,99,190,122,175,228,2,88,111,243,
129,181,236,35,94,183,35,140,193,182,25,51,181,28,156,186,189,86,108,159,3,161,201,229,47,115,142,233,94,192,211,59,
68,192,248,123,155,6,60,75,155,43,122,169,232,111,76,168,9,115,162,225,58,132,231,65,120,237,237,113,156,233,81,192,
249,63,120,146,249,95,134,2,53,148,166,152,94,220,248,53,162,95,244,88,165,229,12,134,143,229,108,231,15,43,141,150,
236,115,162,231,9,115,193,216,94,251,26,93,179,205,42,101,241,42,107,135,178,39,143,0,51,103,207,215,223,80,190,37,
113,211,185,247,91,238,22,61,183,168,254,127,29,34,97,163,177,38,158,31,78,136,245,255,68,169,201,80,140,168,240,70,
124,15,31,118,216,225,90,190,57,62,125,223,232,97,121,16,28,154,252,18,45,169,36,52,174,213,246,52,152,78,118,122,
23,253,42,207,87,117,112,17,26,66,190,33,97,160,2,46,132,232,64,104,167,9,53,63,191,30,78,154,250,251,89,193,
46,77,224,54,60,155,177,107,147,223,6,39,125,201,127,108,195,13,22,167,11,75,174,202,3,41,98,5,128,122,209,27,
60,146,246,148,188,251,58,67,153,253,155,146,182,87,96,160,236,127,143,230,48,116,202,243,134,174,237,79,47,162,233,163,
203,220,86,95,157,60,148,164,227,128,61,216,69,182,132,30,137,136,132,67,199,229,202,129,92,202,46,169,185,51,149,99,
244,29,152,251,255,97,130,192,19,171,182,52,150,137,199,67,166,230,13,170,179,206,74,197,237,44,79,179,18,108,141,20,
80,108,180,220,88,211,251,34,191,200,227,130,194,234,100,139,148,2,78,184,52,103,198,216,202,144,14,42,103,212,145,38,
138,239,255,86,184,193,28,163,251,70,74,172,205,35,135,37,1,93,162,242,86,166,50,76,116,248,246,77,184,1,54,147,
4,218,99,199,64,95,151,12,20,91,130,52,105,133,231,19,105,170,13,112,116,205,208,96,152,21,67,166,220,236,60,203,
26,72,133,15,236,73,173,77,73,143,243,229,66,166,24,143,209,225,49,149,229,113,139,179,55,53,140,247,64,117,210,67,
25,162,6,127,158,214,75,83,154,193,115,168,196,38,82,168,233,76,175,179,12,15,159,215,84,130,229,27,43,123,10,89,
135,196,78,43,136,236,140,136,206,50,94,136,242,107,187,206,54,60,129,236,103,134,20,121,48,205,63,166,223,16,91,134,
209,54,184,174,250,122,146,181,76,199,237,35,126,154,239,68,130,225,45,108,117,238,82,170,186,52,91,91,171,73,152,195,
5,141,106,199,44,203,199,8,112,157,199,50,167,250,13,117,124,250,50,180,220,64,118,134,222,101,180,226,31,169,134,226,
67,173,220,27,116,204,37,55,249,47,90,205,200,7,141,253,38,108,156,178,38,153,225,60,123,219,219,42,161,27,52,54,
207,234,29,129,31,71,99,173,241,12,103,220,62,81,182,188,62,118,247,32,132,186,201,25,169,248,39,103,237,202,38,140,
43,39,109,203,253,39,145,12,32,102,200,178,106,209,64,102,176,198,14,113,213,80,120,183,25,231,61,220,11,80,114,27,
50,116,233,86,103,200,31,41,134,184,64,134,212,3,63,149,247,105,138,220,61,55,80,235,115,120,183,60,69,120,196,122,
103,157,249,60,102,206,75,153,172,21,24,153,209,82,120,223,21,36,120,4,83,130,191,72,37,129,231,134,130,200,38,88,
130,236,103,123,193,35,35,200,47,88,199,20,98,124,196,17,174,203,11,116,75,174,48,186,175,33,131,138,215,52,194,233,
25,62,126,225,34,157,232,39,102,87,232,17,131,165,30,84,96,185,67,146,193,1,135,100,190,36,197,193,7,99,151,193,
43,164,244,7,111,118,244,44,174,212,58,112,127,215,95,174,221,24,163,128,220,64,167,214,21,110,198,31,49,243,41,84,
199,194,1,135,247,32,102,150,172,32,147,219,54,117,213,213,36,155,21,46,48,201,223,18,118,20,60,88,167,235,6,97,
214,56,75,175,190,56,112,242,27,126,180,196,20,163,242,32,93,231,196,32,130,37,33,103,199,189,26,126,240,103,169,185,
9,109,189,73,99,139,15,13,100,207,24,77,170,27,241,122,222,87,118,174,35,43,114,153,75,128,156,254,42,128,193,36,
135,139,228,231,119,175,46,88,189,243,3,83,226,49,95,156,38,3,95,193,100,96,166,6,252,89,189,25,163,229,59,66,
163,187,117,157,174,16,25,170,14,102,118,181,82,32,118,218,68,137,171,84,107,173,34,143,160,1,88,98,191,241,121,191,
13,60,120,206,48,162,195,21,118,112,137,36,172,177,240,117,126,177,253,179,160,214,50,117,159,7,132,210,229,78,89,210,
10,139,173,24,78,94,182,61,140,186,247,71,87,173,242,204,241,234,139,161,247,91,214,254,61,100,109,254,22,174,214,248,
174,181,14,98,152,20,71,166,184,192,99,222,216,47,145,154,216,84,207,247,54,128,144,227,50,202,213,104,200,212,26,35,
249,40,110,194,207,34,64,250,34,75,149,182,12,112,235,54,82,215,165,251,119,242,26,129,151,189,19,90,27,62,136,241,
236,253,176,46,4,130,228,215,21,145,12,52,115,248,222,87,128,251,59,122,220,8,18,147,14,25,166,3,15,25,209,64,
101,173,171,22,111,199,64,115,102,7,16,80,180,82,87,150,248,36,122,187,13,82,116,29,52,118,235,88,105,202,33,43,
136,186,65,140,208,40,19,140,249,117,158,172,51,61,150,242,88,151,179,62,60,164,8,56,151,227,34,43,164,8,96,112,
234,17,17,97,255,78,121,186,67,32,126,218,129,125,195,32,83,125,231,92,176,195,44,49,176,232,106,143,246,44,59,147,
27,106,152,212,37,53,139,208,173,216,11,107,127,137,44,180,220,248,125,134,220,64,152,227,255,132,141,151,24,118,229,50,
128,154,226,47,204,233,41,146,93,213,91,205,249,44,159,175,220,81,221,7,242,163,175,179,94,231,251,75,159,145,9,98,
222,13,26,136,180,15,105,198,17,89,188,198,235,116,240,27,82,120,184,27,92,215,34,97,160,145,34,75,189,223,88,142,
154,242,125,204,252,51,193,158,251,90,255,251,64,156,209,251,102,221,51,70,175,181,51,107,236,22,121,175,190,17,158,237,
25,89,226,191,28,125,32,28,98,193,242,28,135,4,79,98,200,208,79,135,8,42,149,203,219,49,186,9,56,121,196,212,
42,133,79,122,103,16,39,105,222,75,92,189,20,30,123,173,52,127,195,27,6,127,236,104,145,159,38,48,137,229,83,140,
204,40,54,109,251,68,83,201,56,30,116,251,118,123,162,63,13,90,184,109,105,170,19,63,105,211,72,156,175,24,34,156,
212,85,123,226,24,37,122,7,86,132,189,75,40,133,233,137,133,203,47,33,126,229,84,208,13,114,107,133,202,167,210,5,
101,121,131,38,161,179,242,119,69,155,58,146,221,225,91,100,186,65,188,152,244,57,137,237,61,201,227,11,143,141,228,79,
152,204,46,149,148,204,83,215,0,64,113,159,246,93,208,188,50,161,135,221,100,223,228,11,168,118,195,33,214,210,20,117,
168,210,60,183,5,24,128,137,5,61,188,227,75,129,145,228,112,191,237,46,180,145,238,78,242,238,52,152,138,231,78,189,
57,118,219,212,238,51,13,50,43,204,226,56,121,28,68,131,229,203,68,133,35,75,62,225,247,67,99,29,69,110,208,252,
23,123,49,54,152,191,224,54,154,56,96,83,9,6,89,198,221,103,169,255,6,103,127,57,110,138,212,245,75,151,42,58,
180,22,31,41,170,8,56,183,35,42,62,196,94,138,191,44,42,134,233,22,75,125,36,47,133,210,108,142,210,58,253,117,
248,119,149,223,54,69,154,185,57,128,211,59,75,156,11,135,158,222,229,77,160,190,120,173,201,19,52,138,214,105,121,243,
85,94,104,232,71,127,6,39,25,176,33,146,118,189,101,111,202,218,148,188,229,71,115,166,10,133,208,15,78,46,211,58,
99,211,31,121,67,184,62,192,215,245,124,142,215,57,197,226,39,136,81,198,62,191,238,40,149,159,228,73,127,195,230,88,
95,184,29,143,174,65,151,157,252,252,204,244,5,127,136,222,42,189,229,36,134,119,212,53,155,224,2,184,191,24,108,140,
15,85,190,185,19,116,169,16,92,155,140,250,94,193,1,40,197,206,36,60,211,223,38,153,148,242,76,190,39,115,203,144,
53,157,211,48,120,221,218,56,94,218,249,69,154,226,69,134,233,76,104,237,211,76,176,8,48,146,209,194,24,124,230,44,
77,192,198,32,114,46,99,152,182,199,99,200,72,28,154,252,239,69,204,36,76,139,16,25,76,135,81,124,105,19,41,119,
156,54,128,198,23,255,122,231,85,123,203,34,49,134,170,68,128,197,46,50,147,248,98,139,133,3,240,86,184,54,98,149,
238,75,149,246,122,62,210,52,15,125,225,92,108,195,37,46,132,208,82,119,161,32,12,182,24,150,174,146,79,97,173,183,
141,188,2,86,99,182,212,142,182,199,41,50,195,39,127,143,206,107,57,143,243,93,198,18,106,47,217,56,183,224,29,118,
132,211,248,170,210,227,69,78,223,67,155,171,234,135,85,171,15,130,187,44,145,162,230,87,136,177,1,143,155,246,80,143,
238,58,121,130,251,95,183,199,65,104,104,184,86,165,212,20,154,119,212,50,216,212,25,121,170,212,62,183,7,26,131,138,
205,56,179,210,101,187,193,32,54,240,24,41,163,172,2,78,225,9,72,170,155,248,89,191,4,38,220,227,60,144,176,51,
121,226,221,60,157,210,57,120,196,181,35,135,2,42,140,203,247,18,118,9,49,112,245,178,37,137,231,93,151,252,185,80,
193,50,22,148,3,12,98,198,65,105,109,207,19,29,158,25,36,177,14,26,36,201,81,111,106,11,20,60,160,27,126,189,
252,237,67,226,34,74,137,218,0,86,157,102,137,203,225,62,136,233,109,49,207,46,241,150,254,52,145,217,62,59,153,186,
54,85,161,246,62,161,226,69,168,196,73,47,168,12,100,140,238,45,30,116,216,66,136,169,28,34,128,206,157,185,245,96,
27,176,20,97,161,224,66,51,161,5,128,168,207,56,62,127,0,94,218,23,124,117,134,47,179,209,182,115,131,224,54,181,
218,211,116,125,189,9,156,196,3,101,145,196,75,139,179,10,108,117,238,6,158,198,232,144,148,245,96,205,176,67,153,159,
254,20,206,246,7,129,138,224,44,191,231,38,136,121,214,55,157,226,4,186,193,26,110,142,17,89,177,96,24,127,238,20,
94,116,188,18,96,219,235,42,199,149,38,79,5,10,73,142,202,32,86,209,249,115,154,187,17,117,240,59,122,161,175,5,
117,232,19,82,168,188,11,113,218,65,128,204,213,19,119,45,26,148,187,255,50,150,244,79,142,194,203,33,192,0,64,127,
225,234,99,199,7,47,110,220,7,93,147,14,54,176,215,248,78,178,45,120,183,222,231,61,156,19,114,177,253,6,68,168,
94,75,197,236,48,99,199,36,128,191,243,252,82,241,49,113,176,18,27,148,248,56,96,159,249,254,101,199,66,105,127,60,
78,154,164,126,163,156,76,86,177,193,123,163,180,46,55,141,217,108,148,211,53,38,131,228,74,198,249,88,106,92,34,160,
188,249,102,35,184,28,105,145,11,50,83,204,245,112,152,239,81,66,211,235,131,142,20,132,121,224,54,154,228,24,123,139,
175,31,189,234,31,99,143,238,83,207,198,42,141,153,231,15,193,246,18,116,160,246,55,154,253,1,90,93,237,37,162,208,
51,105,121,201,88,167,213,18,156,121,214,58,218,214,28,128,114,207,54,165,33,94,195,188,214,27,245,26,19,180,189,229,
73,255,236,67,200,150,236,80,227,11,50,207,140,35,148,5,233,105,214,216,59,161,239,69,120,176,200,72,122,220,59,135,
198,207,72,172,4,20,142,181,181,5,163,242,28,98,231,196,32,134,37,33,103,195,247,33,140,1,84,103,207,211,84,140,
14,51,154,208,223,47,191,14,61,124,3,224,60,157,65,61,127,226,19,61,169,28,112,131,235,246,54,161,28,59,187,42,
41,59,224,102,135,211,55,19,151,239,47,110,214,43,53,149,242,108,80,172,14,250,150,245,123,170,219,248,85,159,0,132,
94,220,62,25,135,235,102,118,205,47,56,142,218,92,129,171,42,22,192,34,160,184,178,89,107,183,193,151,200,253,5,105,
198,49,158,107,9,104,43,208,56,110,203,19,120,117,211,244,112,143,219,48,120,219,28,127,226,254,131,105,226,70,158,198,
40,103,88,174,18,124,194,227,86,92,184,8,215,243,47,154,85,234,78,155,219,26,124,109,219,63,186,226,9,114,120,185,
58,152,20,81,182,175,192,105,237,11,240,173,191,11,21,234,29,13,187,199,17,115,249,213,83,194,168,254,74,197,40,103,
142,210,237,105,216,235,42,154,166,246,92,216,244,61,161,166,253,102,210,246,77,176,181,255,90,33,76,127,223,243,253,160,
5,21,143,182,215,80,121,12,28,115,248,198,52,140,69,111,81,249,11,100,118,48,88,105,227,212,101,201,9,73,112,210,
22,73,173,40,115,119,217,238,56,151,28,46,177,30,216,109,187,30,129,133,255,43,70,194,37,101,199,238,15,119,223,90,
84,171,245,57,143,184,75,91,154,55,29,115,215,117,98,161,47,24,89,244,111,105,192,10,78,164,205,96,112,175,76,50,
136,236,138,119,182,17,79,165,219,110,126,248,90,40,150,226,93,192,220,62,71,192,233,100,132,191,52,62,144,223,159,208,
5,35,113,208,42,75,206,22,110,60,115,54,174,144,14,112,75,185,29,152,168,255,97,106,192,12,142,179,221,147,144,227,
80,125,231,54,139,144,240,9,201,250,47,55,170,237,99,214,193,73,149,166,7,31,162,200,10,111,109,164,99,231,5,234,
166,186,193,113,239,11,72,181,114,7,107,208,224,31,153,162,224,68,250,255,97,136,145,255,134,198,6,57,147,160,243,65,
8,51,102,198,218,228,135,2,55,59,216,190,55,155,243,67,95,193,237,32,132,231,39,90,182,192,20,123,221,78,138,166,
183,13,168,35,53,92,190,223,53,129,252,95,123,0,206,36,160,62,43,130,197,3,89,167,10,50,137,235,220,50,209,41,
116,120,218,251,116,157,48,58,173,15,37,64,223,55,130,193,0,44,95,195,97,102,165,239,16,71,224,91,144,148,49,23,
144,244,76,151,179,21,65,116,216,59,123,154,17,25,98,191,49,173,224,63,81,89,1,135,96,235,80,77,161,16,63,166,
207,25,58,120,23,111,151,190,91,65,186,227,94,146,188,30,56,142,240,104,145,197,52,63,145,249,108,140,199,55,66,149,
240,98,214,24,110,117,214,238,168,208,28,126,100,221,30,188,193,35,98,107,169,13,136,200,7,140,102,250,96,126,236,52,
153,80,229,73,209,249,253,95,163,249,58,181,197,63,161,170,0,65,164,204,23,109,113,207,31,222,17,1,162,171,14,114,
202,21,49,182,156,21,86,209,225,32,130,163,249,128,234,22,85,196,205,232,76,2,42,70,168,153,42,142,9,49,77,151,
160,34,102,204,43,106,217,226,253,97,28,68,96,194,179,68,168,35,75,103,177,186,9,162,29,82,145,184,193,82,182,14,
54,93,250,3,89,189,21,37,100,190,195,39,141,5,27,159,10,9,27,196,72,102,97,8,24,117,203,1,128,176,19,31,
110,141,92,130,196,22,218,116,227,15,124,196,28,225,124,233,90,62,194,45,44,40,246,94,152,207,244,70,134,242,120,84,
155,251,6,100,185,21,152,224,56,231,156,253,50,98,161,3,12,108,211,80,117,170,20,32,120,217,73,109,185,18,47,133,
220,80,111,253,98,25,119,219,86,136,202,46,52,128,236,106,148,208,39,44,143,234,121,161,212,46,55,132,60,171,208,24,
44,121,218,239,182,225,20,116,136,146,53,189,194,1,75,143,229,38,161,236,8,94,165,253,4,197,246,56,72,144,230,28,
210,215,22,155,105,191,35,182,210,5,98,113,181,93,227,188,58,169,143,229,49,231,15,43,141,185,236,98,225,9,26,183,
157,243,122,186,226,33,155,184,238,136,4,42,96,199,201,230,127,255,32,112,136,145,30,130,207,50,78,176,220,247,91,214,
22,54,160,169,246,91,226,11,74,165,180,10,102,216,69,141,229,170,69,178,35,7,139,244,4,76,107,42,93,77,251,7,
81,179,57,21,147,223,11,62,162,64,69,132,9,18,69,145,36,76,174,225,40,128,135,72,121,187,203,19,105,159,85,90,
188,227,236,90,225,33,73,148,234,238,77,156,91,142,126,31,18,139,204,71,146,174,16,60,146,211,54,118,181,58,50,140,
240,61,160,188,65,15,101,225,127,108,171,57,34,174,19,140,171,239,74,26,165,14,130,187,176,18,82,168,222,148,153,251,
34,43,153,32,96,136,192,41,52,128,224,103,146,213,42,57,151,235,93,202,18,106,47,202,55,168,140,16,123,122,118,68,
172,230,29,66,148,212,64,198,162,233,73,84,178,7,99,241,35,131,151,237,13,198,253,53,140,166,241,91,213,183,247,58,
162,245,19,205,245,6,128,113,2,43,166,206,37,135,144,206,50,180,217,3,185,182,9,118,163,14,75,190,199,36,97,239,
31,96,199,193,236,95,255,47,103,197,200,12,130,10,54,100,211,146,59,68,244,48,106,136,174,231,157,11,49,124,225,220,
1,140,27,62,69,155,202,67,176,44,85,97,244,240,66,152,44,87,155,212,247,97,108,4,15,141,252,202,32,132,255,63,
161,3,209,98,163,30,29,185,199,199,98,207,64,14,168,19,18,45,114,83,110,171,24,33,51,213,95,128,180,39,37,129,
228,25,66,98,35,41,57,220,41,81,144,45,251,81,181,48,147,175,52,2,88,247,55,78,206,61,60,78,215,116,156,199,
74,64,169,254,66,127,220,79,88,181,230,132,168,238,72,50,170,14,66,190,241,80,98,106,243,144,184,227,102,92,197,26,
94,155,248,107,116,209,2,160,196,10,100,78,198,42,102,216,10,106,127,216,46,115,194,21,114,67,141,48,184,165,228,70,
79,189,68,191,172,38,101,110,164,255,191,240,37,45,145,240,74,138,147,60,139,166,244,27,223,241,56,165,98,192,34,159,
207,255,66,173,6,94,215,10,253,158,167,207,110,198,238,45,178,128,238,117,181,245,28,109,147,204,126,244,31,252,186,204,
37,55,241,3,101,140,149,235,103,226,242,108,142,139,32,132,209,17,56,178,187,17,152,19,59,87,185,199,29,164,211,68,
136,156,238,75,160,35,84,148,171,227,81,184,44,92,152,235,246,78,135,15,85,163,213,255,99,183,52,101,154,249,15,107,
206,254,39,102,191,12,109,108,70,107,100,10,233,78,220,37,52,170,25,255,85,220,87,92,131,32,238,59,153,78,74,141,
238,32,74,181,48,125,144,249,255,125,181,56,91,195,249,8,96,232,55,102,160,44,9,101,203,106,102,172,16,60,102,210,
73,153,172,18,26,153,209,83,123,223,21,37,120,4,83,130,188,72,37,130,228,134,130,200,44,30,123,223,81,186,6,94,
35,189,235,134,193,12,102,42,157,1,95,198,18,81,90,211,55,143,159,25,64,64,144,46,125,168,228,114,79,171,9,176,
172,242,84,130,172,23,146,223,242,92,97,223,23,148,194,37,91,107,193,74,153,199,4,142,107,199,37,204,200,10,107,158,
200,50,173,251,14,118,127,193,44,158,7,83,171,112,10,56,202,27,77,176,195,18,117,172,40,91,186,204,190,132,2,30,
91,200,133,26,80,203,46,74,207,157,11,146,210,53,57,214,164,18,77,229,240,115,164,207,54,171,25,74,143,135,239,66,
96,26,20,83,240,214,79,120,11,86,90,247,197,86,127,18,17,145,0,255,17,197,10,65,170,218,202,87,200,32,72,170,
12,242,48,207,15,46,103,3,224,56,162,65,61,131,231,19,61,168,37,112,131,235,238,112,168,41,77,182,236,251,82,219,
42,89,147,31,252,88,186,93,89,159,253,47,89,196,65,82,152,250,250,164,252,116,165,150,55,18,104,7,95,170,174,40,
84,111,14,78,177,181,47,15,130,201,148,122,219,78,104,177,30,159,115,247,98,97,93,32,152,122,248,44,53,198,7,165,
146,233,110,60,205,246,172,153,240,41,134,208,49,181,121,26,127,124,208,63,110,213,254,96,105,167,35,134,233,40,103,88,
157,30,124,172,51,83,126,243,91,204,255,51,155,163,171,28,138,186,48,124,109,219,98,162,202,33,166,140,226,105,169,200,
8,97,171,14,104,159,6,47,121,154,19,60,183,247,89,152,161,26,67,181,222,34,166,206,40,130,8,37,106,203,134,43,
146,187,34,110,208,182,244,88,235,19,58,180,165,251,119,21,26,94,160,169,4,135,22,68,138,231,251,82,165,33,238,140,
235,174,67,145,12,52,91,213,198,87,187,19,35,81,207,188,34,206,2,41,88,14,11,94,203,226,108,174,4,11,108,132,
62,102,143,20,29,115,180,23,63,150,224,1,87,222,54,94,133,214,252,53,161,88,74,156,32,58,133,239,105,119,199,60,
65,67,246,116,74,200,55,29,115,250,117,122,161,62,12,89,183,50,97,160,19,78,167,19,124,177,166,9,243,168,9,62,
180,244,91,16,167,13,153,135,242,87,101,177,217,139,192,220,62,106,192,1,100,199,203,36,39,183,239,113,154,253,51,67,
146,34,113,159,224,102,67,160,2,106,153,216,49,123,222,56,111,229,37,140,65,216,62,202,184,35,136,150,226,10,188,241,
13,111,155,241,50,149,248,252,85,88,232,32,162,202,46,100,116,199,83,162,208,10,151,116,210,46,213,209,24,117,109,202,
46,160,28,79,174,192,178,107,230,224,90,153,162,248,127,191,255,97,136,169,231,58,210,221,91,189,152,6,82,229,13,76,
209,218,48,113,236,20,83,216,127,45,161,15,56,129,130,230,69,159,192,66,140,159,244,77,165,30,81,68,229,238,81,122,
48,53,151,249,2,29,188,55,48,173,197,214,38,131,3,42,112,199,221,49,138,14,126,96,14,26,100,198,76,40,166,21,
251,57,216,48,123,151,249,2,88,188,32,72,146,231,224,124,233,103,61,187,29,248,78,178,69,85,207,49,23,144,185,111,
116,155,9,6,87,178,105,145,221,4,72,123,2,125,165,169,70,79,89,1,135,96,222,77,51,113,16,104,179,207,49,58,
144,244,88,128,202,78,100,151,227,153,158,0,63,72,158,2,125,142,205,40,101,187,44,108,207,235,112,121,207,248,174,214,
4,106,115,155,255,122,186,225,126,135,186,65,129,228,0,74,127,152,65,197,227,222,133,151,227,237,194,245,229,147,159,233,
75,209,173,43,119,163,214,93,216,221,28,102,135,0,41,176,207,13,115,126,187,107,233,5,66,175,108,1,79,237,218,49,
147,132,242,62,185,249,56,154,163,28,73,196,244,47,136,154,239,59,255,36,29,135,144,29,107,9,14,112,210,184,14,90,
237,56,60,151,213,21,156,249,68,131,194,203,9,133,35,16,73,223,210,75,116,7,47,86,208,193,23,147,14,54,117,250,
204,34,123,43,61,159,198,231,61,137,28,44,107,229,238,68,168,70,55,118,204,234,63,150,10,41,188,18,24,119,141,76,
127,111,29,41,115,213,91,55,181,36,242,96,172,39,79,201,8,249,103,179,58,160,149,250,255,81,187,58,88,156,254,13,
88,193,65,101,239,244,73,162,250,115,166,153,58,80,166,207,98,114,236,19,87,173,214,81,145,208,85,35,180,233,87,111,
244,95,107,111,18,141,194,222,99,108,159,3,102,201,8,47,115,154,242,104,135,2,113,63,173,249,116,156,22,85,70,180,
0,106,214,32,51,123,222,66,130,194,233,134,84,229,73,137,177,8,106,150,177,80,156,230,50,148,98,208,28,210,191,57,
155,105,191,59,182,1,5,162,106,244,101,165,229,12,110,119,8,73,172,236,19,159,172,2,115,203,22,85,148,157,219,122,
245,226,92,175,123,22,131,244,216,92,199,198,216,129,3,50,99,128,224,39,140,10,43,37,219,226,59,143,197,49,123,142,
220,59,154,209,62,134,222,163,62,171,28,234,132,239,238,234,168,46,7,146,247,244,72,183,230,77,140,192,225,90,190,22,
38,125,199,232,62,197,64,104,132,230,227,36,136,15,58,118,221,223,45,159,18,67,121,227,221,47,164,31,67,121,210,39,
128,216,81,132,119,24,33,132,197,40,80,167,9,53,80,180,71,99,224,68,240,140,249,119,77,203,45,32,94,194,61,101,
164,6,15,160,4,127,112,170,25,22,103,210,58,166,240,3,75,161,18,106,122,185,51,60,181,222,89,153,234,80,89,153,
229,96,136,199,41,50,136,39,162,202,210,47,101,155,234,156,196,237,55,64,150,250,117,157,220,121,130,216,5,123,157,17,
115,102,164,8,131,171,234,76,85,230,74,197,182,240,75,80,183,27,146,168,44,151,150,168,81,213,243,216,149,167,243,253,
211,4,57,65,165,4,94,127,6,66,94,166,252,50,232,237,44,142,186,213,81,239,220,51,125,117,31,119,239,32,251,195,
206,33,131,1,45,42,136,171,40,137,252,4,116,211,203,52,141,14,53,38,165,145,247,163,214,216,125,210,217,63,163,218,
64,142,233,231,78,167,40,79,72,171,171,71,174,50,77,151,251,1,96,181,52,88,162,9,9,97,194,59,102,169,191,255,
85,139,65,70,133,231,19,46,170,72,53,140,214,215,36,205,81,111,115,182,37,110,208,86,126,121,25,49,128,217,101,130,
199,40,235,66,157,94,137,209,38,58,146,243,119,144,211,49,69,160,251,120,157,218,63,76,86,241,108,102,224,31,40,126,
5,69,133,231,14,47,109,204,59,115,250,20,22,99,12,144,174,178,245,89,182,33,142,91,244,97,27,189,36,147,185,3,
25,97,196,237,163,144,231,49,82,144,12,111,175,226,130,141,134,48,180,223,204,109,118,217,61,184,165,228,70,138,189,33,
156,196,3,101,98,172,11,143,162,37,146,76,225,82,146,245,249,115,100,210,30,177,193,24,140,153,239,96,219,3,7,105,
114,3,68,191,231,38,136,145,251,63,240,25,86,175,189,12,55,231,20,76,191,126,212,111,234,31,94,192,142,228,72,254,
3,66,164,173,3,103,195,243,56,139,144,242,89,213,243,58,158,155,232,145,21,51,46,213,236,56,66,25,74,140,156,228,
36,171,235,19,82,204,213,19,178,237,9,135,233,196,50,126,17,57,120,253,6,92,157,24,64,127,4,193,96,201,246,103,
173,0,17,112,213,5,92,179,24,26,120,217,69,111,176,231,253,113,228,47,120,197,23,34,129,219,83,136,205,46,236,67,
167,25,133,207,204,52,135,165,100,98,176,60,19,80,235,115,120,183,60,69,120,196,122,103,157,249,60,102,206,72,153,172,
21,30,153,209,83,120,223,21,38,119,4,83,129,194,72,37,130,225,134,130,199,43,88,130,237,106,181,200,50,55,181,237,
108,147,251,49,65,151,32,111,158,218,100,65,158,253,162,158,228,68,116,158,9,134,151,221,63,63,214,71,184,156,31,75,
116,221,77,192,163,255,97,77,226,83,171,211,53,151,125,187,90,154,185,242,142,107,196,37,204,200,13,105,158,200,51,174,
251,14,119,128,251,51,182,218,65,119,130,222,102,181,228,35,170,135,227,69,232,228,41,133,186,228,75,197,23,42,146,155,
23,79,208,248,35,140,140,35,148,5,233,108,152,184,55,142,10,60,116,218,159,73,161,25,74,37,233,245,63,161,39,3,
129,181,190,79,144,46,27,114,247,197,86,127,53,34,121,178,216,17,185,254,72,152,11,7,102,208,225,104,164,192,8,48,
148,74,79,177,216,249,114,155,81,62,184,223,0,45,210,90,120,115,37,248,93,235,52,67,185,40,14,100,235,102,107,146,
47,253,74,168,93,89,154,2,47,89,196,65,140,159,8,19,140,196,69,103,210,8,23,105,247,70,116,180,59,24,117,212,
121,117,186,26,75,117,224,87,168,187,36,47,110,217,84,115,6,92,98,193,215,145,139,202,103,77,198,239,130,205,209,110,
60,205,246,137,136,228,41,130,150,28,168,225,19,126,141,143,56,188,218,191,128,134,150,57,134,174,40,103,147,174,42,200,
181,47,86,154,181,49,131,236,56,144,85,179,95,152,226,64,166,165,6,95,224,7,248,103,99,193,92,193,209,40,173,123,
209,77,235,240,47,180,130,207,52,166,15,91,179,120,13,91,190,254,96,135,144,254,133,221,5,103,142,142,229,78,235,50,
117,205,225,44,150,16,234,120,221,148,41,154,21,26,70,168,201,31,107,254,14,77,199,243,38,138,229,13,81,210,239,75,
182,44,95,159,240,250,11,139,234,26,103,190,205,36,127,241,109,160,255,17,3,193,6,72,174,13,14,68,217,81,104,186,
17,32,117,139,35,46,125,39,232,24,226,80,118,192,34,231,123,238,98,127,207,38,53,138,168,36,67,200,45,63,136,247,
116,153,225,52,65,147,2,130,161,226,65,72,161,9,56,151,214,10,43,105,229,96,136,234,76,85,136,236,103,143,241,16,
16,171,24,137,118,150,98,88,192,28,90,203,244,94,114,124,232,97,139,210,37,15,196,37,90,193,0,52,61,206,247,138,
154,217,118,92,145,246,104,228,23,118,136,144,54,193,220,23,131,65,220,73,186,136,34,141,140,136,75,195,165,236,78,87,
173,34,148,196,253,87,111,188,40,157,188,247,102,102,208,52,162,195,249,170,182,186,38,161,201,25,114,131,211,47,185,216,
31,123,123,205,62,176,236,43,129,130,216,51,2,30,90,197,128,34,137,248,30,104,126,198,6,106,8,13,76,150,159,245,
89,15,55,83,157,190,20,155,231,255,124,237,239,58,175,31,77,139,167,177,254,174,44,72,133,242,175,68,181,13,88,151,
214,223,88,129,55,36,123,209,209,43,119,56,105,171,187,3,89,202,10,109,113,14,23,74,174,41,116,179,230,227,52,161,
7,115,189,208,24,123,188,90,130,158,0,44,71,230,38,102,153,230,38,137,202,104,144,172,14,58,85,244,52,116,148,255,
0,96,199,51,87,165,6,13,100,182,118,167,220,250,85,158,17,141,178,237,1,73,172,237,139,179,207,49,93,120,23,87,
151,173,84,102,178,219,85,126,180,91,107,200,30,84,200,10,96,103,200,224,154,207,235,112,121,172,51,115,214,242,84,93,
179,11,113,215,37,128,126,229,62,191,230,223,66,66,228,75,186,224,42,64,136,222,79,167,183,49,88,156,207,86,150,190,
56,119,128,202,37,158,180,57,164,176,180,87,188,228,11,168,118,204,48,230,14,77,128,125,206,59,161,13,87,106,178,8,
121,209,225,91,130,198,249,128,192,232,98,161,170,244,67,245,29,105,168,153,42,83,9,14,112,151,160,49,114,237,246,63,
152,173,252,89,213,12,73,172,187,248,161,37,67,62,242,238,83,184,48,84,69,230,239,82,147,246,89,93,250,224,89,130,
253,96,124,222,190,89,198,55,36,98,197,197,96,205,62,12,165,18,204,110,213,68,106,180,202,18,82,217,49,65,152,226,
38,89,165,56,131,135,233,242,72,184,40,78,144,247,232,138,241,96,134,208,230,46,132,210,77,152,215,254,31,93,217,60,
159,187,29,14,159,224,67,119,174,17,24,114,190,130,167,160,10,19,160,238,140,145,184,50,35,180,245,88,152,250,33,42,
128,228,88,181,222,99,73,135,3,102,201,229,47,80,201,242,109,149,212,48,109,195,17,140,215,22,61,94,156,24,123,222,
250,92,77,222,31,130,163,23,121,108,194,73,196,177,8,82,115,177,80,168,208,247,148,122,184,20,164,203,253,88,88,2,
90,210,3,244,154,174,181,101,227,255,60,169,102,251,95,196,15,19,117,150,15,80,203,22,85,124,145,37,139,169,23,95,
196,123,16,116,252,1,40,162,147,1,77,3,43,47,204,178,8,84,214,246,66,152,156,252,74,9,60,44,205,214,22,162,
226,10,97,230,204,34,169,36,17,122,224,233,76,141,240,48,87,209,194,83,183,247,90,118,216,201,38,130,42,50,167,10,
17,94,199,59,42,158,5,7,110,136,3,98,161,16,246,52,176,19,83,122,23,32,59,218,50,90,129,234,235,59,166,37,
65,124,234,249,80,167,42,88,135,224,46,141,231,30,139,211,43,240,139,246,120,146,140,69,63,150,253,113,84,231,71,83,
153,184,119,170,154,65,83,159,191,127,176,229,3,81,176,10,43,174,246,78,253,174,27,140,90,244,95,94,90,32,158,186,
247,100,33,182,39,127,167,206,48,116,202,11,134,150,16,55,88,174,233,129,140,26,128,68,207,60,186,214,29,60,70,125,
78,186,227,37,128,68,233,81,135,228,44,145,142,236,13,137,168,244,73,145,244,53,176,192,255,156,165,216,60,159,2,6,
128,137,182,54,149,207,10,112,103,254,111,224,196,81,180,194,196,80,216,237,24,176,186,12,115,170,22,96,93,197,24,54,
240,24,41,139,207,234,102,201,241,107,170,146,233,68,19,47,107,214,145,38,92,239,255,121,184,193,28,128,30,11,98,196,
181,35,111,2,1,93,162,255,83,186,37,8,137,251,247,73,183,231,84,156,244,163,95,182,47,98,161,191,6,107,200,56,
113,165,13,21,37,138,230,109,169,197,13,53,153,20,119,123,221,230,60,219,51,126,130,228,40,67,150,82,135,188,218,8,
128,228,75,148,192,53,47,78,199,96,153,216,65,23,144,240,114,146,178,54,63,78,6,117,154,226,246,36,156,0,103,176,
220,81,75,106,227,124,181,244,93,51,172,12,142,174,206,82,91,114,32,142,180,255,100,95,127,10,153,188,195,25,97,196,
237,104,144,207,73,117,203,244,170,175,238,48,48,203,56,169,119,17,124,123,150,219,181,218,211,116,125,165,68,156,196,3,
136,86,196,75,139,203,242,67,160,234,75,207,169,56,141,148,245,89,144,246,68,159,157,4,93,222,5,254,97,97,253,100,
232,3,77,177,183,22,107,234,14,88,191,191,23,120,241,28,95,117,181,11,65,247,252,59,157,201,228,96,254,235,66,140,
141,218,131,7,37,41,130,208,47,137,170,60,104,220,221,246,163,8,56,130,152,174,2,104,233,4,36,225,243,63,73,30,
81,65,239,251,69,167,45,9,135,233,255,26,150,249,92,155,194,203,33,133,0,52,170,7,20,107,205,63,108,164,199,220,
44,147,16,60,121,215,226,46,137,80,123,174,14,34,44,207,52,127,155,229,238,127,192,35,99,138,39,13,87,160,27,65,
198,49,61,65,228,49,89,152,250,62,113,213,56,120,183,60,34,120,196,63,103,178,8,12,89,249,116,169,173,39,24,169,
13,77,117,180,22,31,100,12,146,107,233,53,97,148,224,91,190,218,36,69,131,34,122,150,247,67,111,162,238,105,204,232,
50,83,145,48,136,149,212,103,112,211,252,143,159,25,123,73,159,3,126,166,238,137,148,215,1,179,173,236,78,87,232,41,
164,180,11,109,153,204,48,147,187,250,87,147,187,31,154,194,60,123,132,194,62,185,4,32,130,115,201,45,160,191,67,174,
173,191,104,236,10,239,176,182,198,105,228,222,29,186,136,246,66,189,32,60,125,135,212,140,251,32,104,124,196,236,104,203,
46,74,172,181,11,146,210,18,81,155,188,250,118,200,13,47,234,241,74,158,212,65,137,225,144,69,166,219,66,129,181,190,
79,120,11,27,90,247,221,18,119,233,101,152,247,9,251,201,49,107,162,199,25,89,197,75,39,110,206,218,49,140,232,107,
177,26,21,16,206,84,45,184,29,26,110,221,12,115,191,230,239,128,169,36,76,163,237,14,100,178,48,95,137,235,4,89,
184,49,89,146,0,6,89,198,58,89,148,10,16,104,189,47,163,229,59,66,163,187,117,157,233,40,25,170,235,78,142,205,
82,56,118,21,85,125,188,30,51,199,45,75,185,1,102,29,178,232,99,198,226,68,77,163,239,165,170,233,63,60,141,254,
96,204,22,41,113,199,56,144,160,26,89,74,184,28,186,191,230,131,81,167,11,134,216,27,79,88,233,42,165,205,12,86,
154,205,49,192,200,242,139,102,188,91,179,219,26,124,109,254,63,186,195,55,107,116,5,70,193,233,40,114,182,233,77,168,
204,31,126,137,199,112,244,18,13,180,198,18,28,241,36,20,194,206,24,122,0,220,90,201,151,5,81,7,244,75,173,158,
244,88,14,251,117,168,156,242,99,224,10,73,174,170,8,106,229,15,82,167,172,22,115,241,13,67,241,253,71,169,47,11,
137,248,198,87,152,251,35,157,220,8,35,194,61,101,113,203,224,116,218,248,102,174,19,202,95,195,75,115,119,20,226,80,
180,23,87,150,27,1,122,163,42,70,128,233,223,121,232,20,123,199,238,50,101,177,44,143,171,48,254,143,243,110,99,154,
38,51,137,250,117,98,220,3,36,122,198,89,129,227,34,78,105,249,84,103,221,63,85,171,212,138,119,206,48,33,143,243,
145,150,248,31,33,172,16,152,192,196,97,47,157,1,100,164,227,104,78,199,240,99,135,218,53,65,130,43,175,205,200,111,
129,205,215,188,209,34,124,72,231,53,184,235,222,72,79,168,13,127,136,35,142,154,158,65,166,241,245,87,96,206,50,149,
248,247,77,149,235,33,180,196,27,125,134,255,99,222,227,34,132,141,6,30,226,15,0,171,187,2,110,242,27,15,160,193,
26,119,250,31,79,179,190,233,90,243,42,57,188,211,25,127,3,33,93,204,219,48,73,197,237,35,201,221,206,145,9,235,
110,166,190,62,112,210,54,130,193,202,67,167,255,15,137,176,176,0,158,237,25,87,226,191,28,128,32,28,98,193,242,28,
136,254,79,98,202,213,79,135,9,44,149,203,218,50,186,9,56,121,254,219,57,153,60,56,123,220,14,56,163,30,107,126,
231,237,107,163,37,72,177,231,247,75,214,37,84,149,224,240,70,161,93,146,199,229,50,82,214,100,152,207,236,18,104,175,
105,158,186,28,72,158,223,66,165,169,2,5,149,205,75,112,219,17,32,112,0,79,126,189,68,33,126,226,130,126,197,35,
84,126,228,101,177,196,45,54,177,233,106,144,247,45,60,140,28,107,150,212,96,61,153,253,158,154,223,65,54,147,238,170,
223,20,50,127,159,26,190,217,25,133,135,220,252,203,231,35,142,51,235,82,193,231,49,71,143,183,27,209,214,56,95,128,
249,34,216,197,63,102,135,180,53,147,255,8,140,166,13,100,232,22,235,172,178,194,101,178,218,84,147,191,218,86,244,225,
91,130,198,225,93,175,24,100,188,129,39,85,223,49,62,135,199,42,107,230,49,112,175,160,49,90,204,238,103,157,168,4,
140,224,15,80,213,178,15,117,19,15,84,176,229,15,121,240,66,85,189,199,66,122,252,31,136,190,205,33,173,252,43,102,
241,206,43,145,245,36,99,188,25,99,196,72,34,160,212,221,110,175,77,58,145,22,228,117,158,84,65,152,209,247,48,228,
29,103,183,42,38,133,239,22,131,203,35,210,135,232,29,132,149,247,59,110,245,53,117,215,254,66,93,252,60,124,146,53,
75,151,183,58,170,167,43,83,173,7,141,170,239,80,11,110,197,72,167,208,26,59,180,221,88,152,250,57,66,187,228,86,
127,181,88,110,186,218,148,166,205,71,115,142,242,133,208,236,78,122,149,240,108,153,250,123,136,212,67,179,225,31,51,139,
228,246,176,229,36,99,84,170,38,161,177,8,82,91,201,80,168,208,239,81,95,212,76,205,252,54,163,173,242,87,141,209,
244,102,183,198,43,148,16,67,162,180,166,100,169,235,81,176,177,231,124,244,11,93,180,195,24,46,198,209,32,202,139,187,
133,243,25,99,197,138,30,145,5,34,114,201,216,45,75,199,230,107,208,226,43,154,23,60,132,215,228,54,170,42,73,138,
233,240,73,177,224,63,126,178,211,17,141,8,48,146,244,253,48,148,15,55,153,184,184,83,192,49,30,62,251,13,89,99,
57,106,159,167,10,107,128,71,114,165,5,25,35,198,65,118,146,244,229,59,218,26,125,188,251,4,78,233,95,139,203,43,
43,134,227,31,88,140,247,1,81,187,48,92,142,231,60,149,237,102,153,140,45,54,153,218,61,125,188,30,15,160,225,68,
108,171,37,46,167,232,87,100,163,3,82,177,24,65,168,244,86,95,181,222,148,153,251,93,43,129,241,96,131,185,87,96,
195,4,127,143,206,107,57,202,46,134,174,196,106,126,133,40,163,216,244,62,95,181,25,124,223,251,69,78,164,32,155,230,
2,88,131,217,74,162,178,9,107,116,178,81,169,185,248,90,123,209,88,176,189,252,143,152,251,60,183,199,6,163,113,2,
102,190,230,22,177,188,255,41,219,16,79,177,186,213,116,204,23,86,125,134,215,110,246,30,93,191,141,30,95,253,37,41,
139,140,217,130,6,36,31,198,216,36,46,4,53,106,114,213,54,75,18,61,112,208,228,243,150,17,35,98,231,205,35,170,
37,18,140,238,212,42,142,44,37,90,192,198,31,108,51,94,145,241,5,15,178,23,98,102,3,233,63,139,65,46,133,219,
219,48,152,252,109,169,197,214,44,199,66,84,147,24,254,84,219,86,67,189,31,5,91,191,93,67,183,25,12,98,233,65,
105,203,45,251,140,240,72,112,175,52,252,134,212,114,95,217,24,33,95,254,62,126,158,53,40,161,202,128,133,196,14,82,
109,233,68,129,191,20,22,99,27,138,175,247,11,88,185,206,149,192,243,83,103,113,20,121,196,224,42,75,196,237,163,168,
231,49,117,144,244,111,163,32,56,66,153,246,119,163,216,63,80,153,4,127,241,211,129,141,215,57,191,155,25,123,145,196,
75,198,179,45,143,152,203,82,146,245,52,115,124,186,37,158,205,255,81,160,255,102,143,246,7,129,138,3,44,167,207,38,
171,121,231,51,174,17,33,119,123,200,104,205,24,52,126,159,24,65,247,252,59,133,201,228,72,195,218,93,202,132,25,125,
5,10,108,206,156,45,145,12,17,115,154,222,52,117,240,0,70,166,187,51,151,31,36,134,232,182,71,171,38,43,141,180,
248,78,143,10,26,96,192,190,72,150,52,57,96,218,6,33,192,24,64,103,4,210,40,140,49,93,110,232,241,106,147,14,
54,141,18,224,78,154,21,120,168,205,27,122,212,11,120,192,24,221,120,227,101,127,121,50,44,131,234,94,65,212,52,64,
134,165,100,151,135,46,64,140,172,108,157,210,240,62,157,247,24,170,214,74,75,100,17,118,166,240,6,23,107,210,78,109,
141,78,84,100,7,130,124,187,88,38,148,224,91,190,218,27,37,114,42,153,190,6,26,98,138,6,105,204,232,74,83,169,
48,112,176,239,57,90,152,20,102,171,205,131,138,227,55,109,218,34,122,41,218,71,184,134,32,139,138,134,69,201,231,204,
136,156,163,83,209,237,42,151,84,233,77,178,218,1,99,132,218,62,220,4,67,130,139,201,45,192,220,89,189,105,5,114,
240,198,68,166,153,18,83,182,222,53,151,160,222,66,189,229,36,193,167,241,73,191,241,26,192,212,219,126,249,11,74,148,
157,11,111,234,53,116,214,188,18,94,217,25,106,213,222,30,165,253,13,76,198,207,37,113,236,20,83,181,249,44,164,255,
93,157,253,253,88,181,247,84,152,243,13,25,125,47,87,128,5,235,41,141,32,72,135,209,218,48,148,15,114,142,209,227,
54,147,10,62,127,231,226,62,164,21,52,184,35,34,52,221,97,127,100,32,52,59,235,105,133,194,47,236,129,229,109,114,
212,54,4,114,190,116,156,184,2,11,156,0,76,95,158,9,22,103,203,79,104,176,17,33,115,211,70,106,189,22,36,110,
201,144,187,238,78,98,108,15,138,156,195,37,105,191,35,99,198,5,56,127,215,222,159,208,18,34,106,170,49,172,153,19,
117,91,177,253,120,219,247,124,133,160,63,139,167,225,78,64,218,73,117,220,27,103,88,174,77,200,240,244,145,154,223,71,
172,247,54,93,161,247,56,179,195,2,159,133,254,98,162,5,53,119,107,248,70,228,12,16,173,182,233,77,176,216,82,145,
189,19,60,242,216,76,152,196,26,67,249,33,61,159,144,230,133,221,40,103,142,210,229,69,212,243,55,132,210,49,139,194,
47,119,207,126,47,156,13,219,126,221,160,254,98,221,5,83,178,191,7,120,240,28,76,170,192,13,133,0,27,83,172,4,
93,111,242,26,89,202,208,42,128,8,45,112,195,200,43,134,21,61,112,202,211,32,216,71,108,180,200,21,118,139,82,125,
176,16,36,46,209,76,70,192,255,240,94,194,61,101,199,6,15,89,251,45,86,148,240,1,88,179,52,90,155,247,5,91,
194,134,81,220,65,62,146,1,48,151,214,34,43,164,205,131,171,175,41,50,171,236,103,119,182,24,57,123,226,98,125,172,
84,102,191,209,139,179,255,97,47,192,1,159,164,227,69,54,164,240,166,147,234,64,61,142,233,160,200,217,118,92,154,22,
145,185,248,125,99,185,244,179,230,214,119,128,192,36,194,175,41,139,89,199,43,201,206,13,87,96,182,50,153,196,8,140,
149,213,57,215,196,62,160,110,220,64,222,227,34,108,117,203,71,174,217,11,161,170,210,113,201,217,48,146,155,241,120,208,
248,73,175,184,27,127,191,34,62,195,169,255,99,198,6,45,202,152,6,126,188,41,113,201,142,41,150,7,235,111,216,232,
48,79,14,70,54,228,240,58,156,34,254,124,235,185,15,174,41,46,144,242,216,81,146,48,29,104,8,199,31,132,247,40,
105,192,206,40,137,254,43,106,203,33,26,202,72,100,161,14,203,96,174,17,116,120,21,251,81,216,24,76,126,208,31,126,
229,14,117,134,0,44,130,171,38,137,141,42,51,102,202,45,144,148,2,255,80,171,98,151,155,253,65,151,216,118,158,186,
63,37,158,199,49,157,231,250,66,130,206,132,113,235,42,51,172,213,92,166,207,25,93,120,23,111,151,249,32,35,173,30,
94,134,0,98,72,193,37,125,200,228,105,55,183,31,108,172,14,112,62,148,51,115,214,21,84,93,155,58,122,206,208,119,
137,213,245,181,230,27,57,135,230,64,97,232,36,64,136,200,44,202,183,246,112,121,242,27,150,214,56,95,104,249,93,140,
210,243,93,111,205,43,158,208,17,101,101,15,103,223,16,235,175,187,5,103,237,201,71,169,132,218,121,185,249,91,130,139,
225,128,175,244,22,183,170,232,100,2,239,46,168,212,7,107,9,246,44,143,121,49,152,7,45,119,141,213,43,121,225,33,
96,170,179,9,109,35,16,138,160,198,255,162,29,23,86,243,193,47,182,246,30,93,250,183,78,191,48,20,155,7,14,66,
199,74,41,138,11,24,100,211,67,113,175,195,27,116,134,64,117,180,243,228,58,182,49,65,152,226,235,89,224,56,96,96,
36,48,122,220,98,62,188,30,249,79,179,46,110,149,247,0,145,245,53,117,215,57,66,76,205,43,146,222,5,73,159,200,
67,166,194,12,80,166,231,74,97,173,2,74,160,238,81,145,208,26,35,121,221,147,128,250,250,101,190,22,143,194,181,86,
95,135,235,102,166,229,106,115,166,45,133,208,212,113,46,161,232,183,218,236,109,136,208,253,151,211,24,129,133,230,75,181,
222,194,131,137,153,60,183,177,240,82,115,201,80,203,208,50,113,157,184,87,134,204,237,95,176,192,54,141,9,60,155,173,
159,101,227,255,60,169,102,251,73,172,236,78,176,185,15,80,179,243,85,107,145,202,109,245,226,92,190,140,226,129,217,233,
99,197,171,233,60,196,223,114,207,171,32,150,3,244,90,213,217,58,74,207,237,52,164,162,255,111,218,227,119,195,180,34,
169,36,76,139,202,187,41,176,223,36,70,222,246,74,191,53,96,96,189,6,83,201,245,104,168,247,6,90,169,67,111,105,
245,210,28,205,60,119,170,210,26,100,223,10,125,189,12,27,111,190,88,132,126,11,231,49,172,32,70,139,226,238,56,239,
107,128,197,37,25,142,246,44,128,142,209,47,87,187,54,94,157,23,32,118,253,52,147,188,6,39,160,4,127,167,195,13,
46,167,203,58,161,202,44,88,115,215,106,146,244,27,36,146,25,89,129,251,93,38,112,26,144,195,9,93,42,97,39,165,
193,254,107,40,189,46,110,174,16,79,64,150,250,141,140,232,45,117,181,1,148,223,227,69,102,223,32,155,230,234,67,77,
132,71,191,161,31,142,92,202,81,169,185,248,90,123,168,96,207,244,60,58,161,1,99,160,196,22,170,179,251,103,215,9,
85,138,176,11,102,221,22,57,170,186,19,107,236,31,99,108,146,203,101,239,21,101,194,206,229,68,11,30,106,201,109,33,
143,8,242,45,162,221,51,137,12,41,114,225,178,53,146,27,58,110,225,206,56,163,33,61,130,239,253,250,123,217,55,133,
229,255,80,183,243,22,161,238,4,87,86,44,93,146,154,13,80,198,57,36,172,248,9,106,130,5,43,111,211,208,7,198,
74,104,77,4,223,53,153,20,60,147,245,254,119,151,73,126,130,31,40,67,167,93,98,137,38,47,98,174,36,64,135,242,
0,75,182,49,91,143,244,241,155,253,123,147,150,217,61,154,5,114,63,211,7,16,102,202,69,133,196,38,82,100,255,135,
116,238,80,30,116,19,107,123,245,87,61,123,218,73,176,217,59,103,130,230,121,161,3,42,51,161,40,104,144,10,108,53,
127,55,176,219,10,48,26,203,56,169,119,16,125,55,217,64,175,213,31,53,125,211,68,156,196,235,77,145,231,40,198,238,
242,143,93,238,23,170,198,255,97,102,193,13,212,255,50,146,166,176,83,184,200,7,164,114,3,68,191,207,73,136,121,207,
75,186,215,29,120,134,197,114,234,204,19,117,181,11,124,212,252,35,133,201,31,96,254,38,42,199,149,38,79,226,235,95,
193,215,10,110,209,249,115,213,187,52,152,216,59,63,220,175,29,99,18,36,75,173,241,12,171,3,43,82,239,213,19,119,
10,19,135,211,196,26,185,249,92,120,218,203,92,157,0,40,127,193,223,52,139,255,30,177,7,13,108,130,73,116,167,7,
27,37,200,80,120,183,246,34,85,220,87,92,190,229,233,114,214,94,99,162,39,245,134,175,66,106,169,46,8,86,187,51,
84,160,252,7,72,235,115,155,218,25,69,120,255,122,127,225,8,12,149,249,129,134,197,74,24,169,210,101,141,204,81,43,
163,7,143,148,211,88,38,183,224,115,155,218,95,40,122,21,157,197,4,67,111,162,41,164,169,11,50,53,191,35,171,176,
239,116,66,211,252,143,183,246,123,65,147,6,132,172,236,54,132,225,76,185,156,50,133,143,232,69,123,247,52,153,146,163,
75,209,170,46,153,152,170,83,215,245,240,151,169,245,255,220,7,58,154,174,184,91,214,208,15,172,146,232,111,175,18,46,
120,153,18,83,241,25,88,110,148,205,128,255,226,86,193,205,23,131,187,228,4,211,205,36,139,255,226,112,214,154,37,146,
16,44,115,146,156,233,90,200,47,110,167,176,65,130,253,72,76,233,207,13,137,39,44,142,240,249,3,131,226,27,87,192,
180,75,188,45,17,143,241,204,34,193,1,65,104,202,14,65,132,0,31,159,14,13,31,209,77,122,101,239,5,72,152,73,
114,173,18,215,113,224,246,136,180,40,41,66,239,84,132,206,228,245,73,175,50,75,107,40,58,134,144,96,149,177,19,63,
114,214,81,97,184,26,70,88,189,25,163,229,59,66,163,187,117,157,174,75,84,170,211,137,142,205,23,32,101,230,68,152,
219,27,57,180,17,157,180,245,104,98,197,193,158,201,252,92,112,122,29,106,146,209,51,119,205,49,113,212,216,117,67,177,
21,179,143,235,48,120,206,4,186,226,33,72,140,191,35,134,174,220,127,149,225,1,191,236,36,151,104,202,81,209,239,16,
149,167,254,99,173,250,58,159,160,186,85,221,226,33,166,175,226,46,228,209,7,99,166,208,55,180,3,22,128,129,3,59,
189,224,73,127,142,222,110,189,236,39,178,143,236,77,240,236,49,149,194,236,86,206,31,50,152,162,31,87,217,254,101,155,
171,254,138,217,8,78,211,176,10,109,17,13,82,174,227,13,120,243,64,83,188,199,6,113,236,245,150,251,248,76,187,234,
81,144,196,205,35,135,61,42,164,6,15,42,142,33,49,136,234,202,61,132,62,102,119,20,29,115,156,82,87,150,224,233,
46,211,91,121,116,25,39,118,235,46,98,196,43,42,98,233,109,150,214,7,53,140,243,102,121,207,14,64,139,1,124,89,
207,62,36,122,1,124,129,168,69,19,96,190,115,111,177,21,69,111,219,78,162,181,30,34,162,218,91,125,232,30,46,128,
13,92,139,199,81,46,138,240,143,139,208,47,39,132,232,68,203,7,35,107,147,247,114,154,20,118,127,154,57,121,220,224,
90,99,220,244,195,223,27,134,43,223,9,153,196,47,128,149,227,2,154,165,7,108,161,230,86,201,186,57,146,173,180,99,
204,249,55,132,169,2,107,181,255,71,175,169,12,44,209,205,0,175,172,21,109,174,21,72,193,122,27,109,237,20,62,188,
200,35,86,243,36,105,188,210,228,115,193,221,51,142,149,241,74,200,228,118,198,212,41,120,15,58,126,175,218,57,163,15,
73,68,210,170,225,163,228,31,144,242,237,75,164,41,94,112,239,253,74,170,54,66,144,249,5,79,185,63,108,82,209,189,
73,188,53,110,168,13,215,40,216,62,115,175,172,19,47,166,83,123,172,22,20,116,229,40,125,181,37,37,112,229,68,123,
193,38,35,127,238,110,61,153,222,29,130,228,112,147,213,248,252,158,237,117,154,116,49,67,143,153,115,152,145,50,59,99,
199,66,106,228,11,79,165,9,73,113,200,18,51,137,196,147,175,235,86,251,175,32,84,158,249,80,108,180,33,159,194,231,
106,96,195,29,84,153,187,99,103,200,51,160,109,10,121,59,164,60,182,217,251,122,136,203,66,174,145,237,50,143,227,74,
181,130,39,124,131,228,72,127,229,51,142,140,243,76,205,244,237,80,80,238,95,159,208,52,143,165,244,86,191,8,52,169,
163,188,61,225,16,71,106,141,16,108,219,16,80,172,176,245,122,226,29,77,158,204,25,114,182,2,100,191,200,25,130,246,
224,22,189,207,27,68,160,35,107,195,114,48,135,17,58,118,212,143,36,90,237,253,119,182,191,21,121,28,9,96,194,179,
33,109,0,255,141,242,169,62,162,239,23,145,184,217,23,123,49,54,84,183,161,82,191,48,254,156,251,190,28,128,251,35,
111,213,215,52,137,15,59,115,220,213,39,152,10,70,133,218,220,41,220,90,48,119,217,226,69,173,33,80,128,237,250,73,
180,31,67,143,232,5,91,179,38,78,132,58,55,138,247,36,144,218,237,66,155,243,108,159,146,51,60,159,200,126,166,194,
36,80,107,207,133,138,177,43,87,173,17,93,195,190,29,30,128,221,83,135,198,28,49,130,48,78,194,4,90,97,194,218,
148,188,229,106,115,166,10,109,149,15,113,87,161,248,99,209,25,126,53,202,46,182,163,226,127,136,222,31,189,194,36,99,
84,229,73,149,177,235,68,137,223,80,144,243,50,113,122,243,28,151,250,22,96,129,250,94,217,181,56,165,95,244,88,189,
8,71,134,143,205,49,231,15,43,129,172,2,80,238,22,50,148,133,219,122,245,250,27,177,186,29,70,252,36,64,162,206,
233,77,3,8,47,169,213,43,143,249,37,100,211,161,247,150,17,57,85,218,192,57,127,226,69,132,215,163,62,171,28,0,
132,239,238,0,169,43,90,139,168,253,86,174,39,90,77,238,247,31,131,22,38,101,2,208,62,197,29,45,108,9,18,45,
204,24,43,168,25,27,102,219,75,121,183,211,221,42,218,88,116,177,30,219,112,166,33,73,160,2,243,132,173,64,80,167,
9,53,80,192,50,93,133,45,63,152,170,100,94,216,58,32,118,218,120,160,223,6,74,113,201,63,108,170,252,73,170,191,
121,115,178,20,53,139,215,141,122,209,27,60,146,25,89,141,183,80,43,129,229,120,160,199,100,50,160,236,127,167,9,48,
50,143,242,104,152,219,47,52,151,253,118,164,203,114,132,208,240,189,216,38,137,143,225,247,177,171,234,76,109,195,15,197,
178,9,83,116,202,81,145,168,44,151,150,177,20,144,175,51,158,157,153,95,221,249,54,163,96,252,111,227,0,80,167,182,
11,33,219,3,20,177,151,213,81,239,23,51,125,125,212,25,250,21,82,191,200,218,117,240,234,65,139,148,234,137,201,9,
48,170,179,44,109,208,16,47,114,221,54,142,7,58,45,206,228,63,104,227,70,74,196,181,11,170,234,77,81,238,247,77,
101,253,8,134,232,195,49,125,16,91,95,252,5,91,191,23,39,93,246,255,98,163,65,70,109,231,240,70,205,37,112,140,
17,223,48,136,66,119,147,24,33,119,184,86,67,154,228,40,67,191,34,98,137,230,227,120,220,65,81,168,10,19,105,240,
72,147,143,210,58,141,171,41,141,217,59,9,95,254,62,126,165,7,75,102,5,69,168,231,73,6,121,221,59,115,250,20,
13,183,15,135,184,147,93,89,190,35,155,191,176,88,92,189,40,149,98,252,103,102,98,32,166,127,10,111,108,192,47,94,
197,238,80,65,151,251,177,158,245,63,72,158,61,125,165,228,82,81,170,10,137,155,38,139,136,220,75,122,225,45,84,93,
179,82,170,245,249,115,100,245,54,165,196,7,100,107,176,93,213,183,254,96,160,224,68,167,207,14,171,121,231,51,174,214,
80,119,128,214,51,227,245,52,126,135,221,124,188,252,35,133,142,31,72,195,235,36,186,208,235,79,202,45,73,206,156,10,
86,12,17,49,200,222,249,93,216,59,87,220,175,29,105,31,36,67,186,194,11,104,218,86,137,232,250,2,170,48,9,148,
249,246,74,185,232,79,155,194,203,33,192,0,99,162,225,13,99,140,66,59,101,199,225,55,148,13,55,110,222,232,58,160,
26,53,112,224,239,61,153,11,127,193,23,30,127,151,81,134,138,236,245,134,175,66,82,145,46,8,156,2,32,142,214,59,
242,135,235,80,96,159,1,10,155,255,63,127,166,67,41,162,6,94,122,173,10,32,93,5,139,100,226,81,31,117,217,143,
124,211,29,38,183,10,137,177,218,36,45,131,231,157,197,201,67,52,197,6,164,204,232,94,71,136,35,158,176,215,57,66,
152,55,178,159,246,64,132,183,62,185,190,222,117,126,190,10,133,173,236,137,146,173,41,140,239,11,144,153,204,16,135,189,
2,92,84,239,92,205,177,53,160,159,177,90,220,11,60,89,185,0,101,227,4,254,180,187,20,104,158,10,84,103,181,20,
110,165,18,90,178,119,18,127,240,190,95,196,193,21,132,179,26,89,141,150,4,80,6,243,50,172,181,243,87,210,53,40,
167,147,40,153,20,1,64,226,176,30,106,229,72,76,233,183,72,172,39,62,82,252,190,64,81,52,79,157,0,6,88,110,
40,80,121,219,204,58,193,60,41,104,202,14,65,141,32,39,157,255,218,48,172,15,114,118,216,249,79,155,22,62,184,215,
193,114,223,80,30,191,36,33,117,228,19,129,207,42,40,143,232,105,144,129,34,43,83,207,50,90,153,54,4,114,190,81,
121,219,26,11,121,188,56,65,223,62,1,165,10,138,94,220,16,25,111,14,78,118,181,23,91,142,21,85,125,247,30,22,
187,34,75,193,1,104,29,152,30,153,173,13,92,120,191,236,139,198,1,102,90,216,51,165,204,236,112,121,219,236,187,215,
19,126,57,225,56,194,235,39,133,64,166,82,133,157,33,140,139,135,77,203,231,36,145,78,227,25,148,188,54,117,161,247,
91,179,219,2,124,168,190,22,208,248,33,107,116,5,105,169,209,75,138,182,12,36,188,199,86,171,178,19,119,174,243,84,
182,171,34,115,1,26,34,168,196,22,125,227,51,105,194,202,1,135,2,54,46,132,185,19,85,247,61,110,221,189,46,87,
179,58,123,151,238,69,174,213,60,77,175,184,73,138,40,80,143,206,215,21,145,47,11,153,254,181,89,190,62,18,144,242,
229,35,135,61,101,105,203,15,66,201,68,32,179,9,15,110,132,81,108,186,29,35,117,139,22,134,125,207,29,124,214,247,
129,195,25,32,129,153,83,123,164,238,247,136,177,44,84,147,48,254,108,184,51,91,213,235,17,74,190,129,97,122,62,74,
148,246,124,88,214,56,43,105,8,96,136,175,76,85,171,236,138,178,206,83,92,125,221,69,138,172,97,101,174,33,159,188,
2,105,44,166,29,150,202,12,96,120,123,46,172,130,0,98,85,147,247,173,213,217,59,127,178,57,180,122,24,119,58,228,
77,191,220,37,126,73,214,58,159,175,41,104,113,175,78,201,241,13,146,155,206,85,208,195,254,86,86,201,45,139,242,62,
125,134,255,99,187,203,69,108,108,188,90,169,216,25,158,123,215,53,220,216,29,122,174,216,67,184,11,30,134,141,209,60,
174,42,93,188,206,192,128,4,47,28,189,176,41,106,205,48,52,174,218,48,113,15,247,42,203,212,20,155,243,8,130,228,
178,8,108,255,15,61,232,246,254,178,30,78,150,249,183,68,168,13,29,151,214,223,29,188,55,95,123,0,9,60,195,62,
49,108,196,196,94,205,227,106,166,194,31,122,213,69,119,173,209,17,103,181,83,88,127,28,37,64,164,31,95,134,224,224,
83,183,21,124,200,7,16,137,237,69,85,207,246,246,70,228,51,98,163,40,5,97,191,102,98,167,4,56,98,205,66,149,
168,16,23,91,198,56,180,231,70,88,74,16,142,170,231,84,17,166,10,146,151,249,32,65,151,30,94,158,180,51,31,187,
26,160,207,0,7,111,194,224,128,202,9,87,129,196,59,167,152,242,126,102,207,47,173,234,4,129,99,210,73,179,224,215,
141,138,221,74,97,222,29,140,114,235,20,167,207,49,88,121,166,39,133,210,51,149,138,1,82,224,249,1,126,177,230,93,
212,255,83,144,180,227,96,238,5,73,107,171,1,79,237,242,25,182,191,218,62,185,249,32,122,100,21,128,2,28,0,183,
192,35,100,2,239,70,168,212,239,107,189,2,36,203,214,44,109,5,64,108,155,198,56,145,19,61,132,222,240,76,92,53,
28,62,238,242,75,77,35,84,137,145,249,76,106,36,76,152,215,3,30,154,21,96,100,222,190,104,192,56,105,68,12,8,
92,203,70,42,167,24,26,101,218,74,120,182,210,220,19,214,78,48,148,24,33,99,232,80,139,187,230,3,124,226,95,140,
165,32,60,129,234,29,153,204,43,61,69,206,107,147,190,65,55,160,245,57,117,215,59,70,161,223,115,174,220,67,12,153,
231,133,138,177,78,28,138,17,140,145,243,18,18,173,26,139,89,2,81,108,186,225,165,183,254,107,40,134,232,101,146,197,
8,112,195,225,129,203,10,88,130,197,60,168,153,240,117,131,212,66,178,186,18,135,127,218,246,197,225,29,136,67,190,68,
191,211,51,130,158,229,18,165,240,52,145,164,239,51,199,2,48,151,96,237,59,217,222,5,162,112,222,101,224,229,71,102,
102,1,110,223,173,65,163,150,212,56,238,219,26,124,133,22,63,210,226,33,131,199,209,82,176,23,86,162,147,233,136,200,
240,47,145,213,240,108,207,247,54,211,144,241,74,213,69,61,120,220,59,154,218,227,125,232,231,227,166,30,0,71,169,178,
8,125,241,23,91,178,202,25,123,251,23,82,193,193,43,143,253,30,84,5,17,21,129,252,36,116,207,214,49,138,20,53,
114,217,214,40,153,11,71,134,220,221,51,142,93,121,181,32,219,117,228,16,132,198,28,35,132,156,86,80,202,241,18,104,
180,106,146,150,248,13,154,249,120,161,222,55,69,148,185,66,98,172,9,15,105,208,72,100,154,72,84,158,0,134,98,224,
79,53,115,18,106,146,209,51,36,181,25,113,153,251,93,55,114,214,79,189,5,106,33,182,26,103,167,9,72,57,202,243,
169,209,237,79,64,209,18,117,157,232,62,66,143,47,124,223,227,93,102,164,67,190,171,234,59,136,233,254,184,237,9,83,
151,202,46,169,209,248,149,158,209,53,211,251,11,143,165,216,36,218,223,30,128,137,199,102,225,230,37,170,179,203,47,219,
213,79,118,151,237,57,239,23,27,125,143,30,132,236,218,80,178,141,251,130,218,234,100,139,207,37,102,225,241,107,170,155,
241,80,254,38,55,177,221,16,92,18,255,121,219,193,28,104,30,35,74,172,173,250,163,39,69,64,231,249,69,101,37,84,
154,238,178,76,187,231,91,157,243,250,91,115,45,39,161,200,233,98,163,30,105,133,207,228,37,137,21,54,120,215,228,46,
161,20,68,123,226,222,48,167,33,74,122,211,40,129,217,82,133,120,25,34,133,233,65,81,144,242,19,105,205,48,147,151,
249,14,162,8,38,148,220,65,248,141,241,86,102,165,66,16,126,226,128,133,196,15,28,121,209,71,119,162,72,92,99,6,
129,182,245,52,37,123,223,114,154,217,35,103,130,230,139,183,246,66,51,137,40,104,168,231,108,82,168,245,116,195,226,47,
111,197,19,118,158,24,63,96,182,61,149,189,229,75,72,211,55,156,172,235,136,86,196,40,198,203,10,85,98,171,11,153,
192,0,74,152,247,81,136,245,61,149,90,245,98,211,161,59,166,165,161,95,229,190,73,174,171,255,110,157,4,21,143,128,
17,117,205,245,87,150,159,227,69,200,39,97,199,209,37,128,0,33,33,148,146,238,79,210,246,48,153,148,225,145,15,43,
104,213,146,39,139,216,24,122,220,234,5,105,31,36,134,197,206,24,97,220,2,135,242,254,2,165,32,85,148,187,220,85,
150,52,92,120,253,6,92,133,59,99,162,213,210,35,126,53,47,134,208,20,106,171,38,113,141,239,230,58,137,72,123,107,
12,21,61,185,87,127,190,229,238,127,192,94,99,162,248,35,121,175,66,141,204,46,252,82,241,73,148,176,18,0,86,235,
56,120,159,60,69,120,220,122,127,190,14,21,112,13,138,159,164,61,70,169,13,77,141,239,46,90,176,241,143,183,246,29,
97,183,27,86,177,240,95,104,131,255,157,162,4,102,76,197,41,164,145,11,109,118,137,228,164,213,10,40,118,213,47,80,
211,27,115,34,210,65,109,225,35,121,128,225,249,179,232,236,78,87,232,41,140,239,11,85,118,239,48,147,187,53,100,104,
199,98,216,4,68,164,164,255,92,152,208,5,107,118,204,46,176,211,7,96,181,14,102,223,18,5,166,175,215,83,182,25,
29,151,195,25,66,189,253,95,146,128,214,56,249,42,108,124,196,26,80,227,243,74,207,157,243,87,234,53,116,214,164,250,
94,229,1,59,153,222,65,106,229,13,135,198,183,72,137,236,44,142,205,190,20,179,251,30,73,239,3,10,173,40,34,121,
195,7,34,158,60,100,104,202,235,100,153,54,94,111,233,218,107,148,39,114,177,216,225,79,214,19,59,171,26,232,62,162,
88,93,132,33,7,69,193,95,100,139,237,49,84,179,52,149,214,37,244,129,229,50,114,153,19,63,90,190,57,121,219,61,
70,97,197,64,99,213,55,18,128,204,95,170,174,16,25,135,14,137,177,181,23,32,110,201,137,186,239,13,91,186,20,53,
183,1,20,105,194,26,147,198,185,90,112,198,239,106,170,209,75,84,205,2,187,154,220,58,62,153,4,126,155,223,73,79,
155,6,129,243,213,131,143,217,59,193,157,27,103,88,174,18,200,181,47,86,95,240,84,207,247,19,93,114,187,15,208,1,
67,83,155,241,63,186,5,9,131,116,202,70,228,12,75,173,182,233,65,176,211,9,167,189,19,60,183,247,30,152,161,26,
50,241,36,20,181,168,230,74,197,40,44,201,151,237,140,7,47,110,173,158,0,134,235,251,58,156,224,251,154,218,2,129,
227,236,66,131,230,8,123,234,243,14,114,5,21,108,206,250,63,167,34,52,115,248,198,52,128,251,59,157,255,8,94,194,
26,86,88,255,17,93,125,61,110,163,171,15,110,200,233,121,171,28,38,121,217,6,109,172,248,233,63,222,30,70,133,231,
43,70,194,37,77,140,41,208,129,238,95,45,206,51,48,132,243,34,144,222,57,55,158,247,120,159,144,49,58,98,222,124,
129,192,34,43,129,205,131,112,175,41,85,171,236,70,111,143,83,95,169,11,145,109,235,90,64,185,250,152,157,196,97,71,
157,36,100,164,6,104,37,152,223,153,171,13,52,61,171,50,138,213,241,118,92,157,6,112,207,27,90,99,220,64,152,168,
34,73,73,153,55,134,178,242,123,88,177,20,185,181,245,86,139,181,28,153,232,251,100,106,232,32,162,197,46,100,115,199,
83,162,209,17,151,116,209,55,213,209,22,118,167,209,59,176,4,23,127,133,4,60,184,223,74,128,139,231,111,190,237,45,
179,144,237,74,241,237,48,143,195,237,87,208,32,51,155,158,32,88,218,2,102,156,171,252,139,218,15,74,212,177,11,110,
18,14,85,175,228,14,121,244,65,84,188,193,65,121,250,35,135,189,204,28,172,251,42,106,240,205,41,139,244,35,98,165,
13,96,126,56,109,137,14,244,109,174,17,116,144,242,30,57,181,83,123,110,36,33,116,225,14,134,184,24,44,130,162,91,
146,202,33,59,134,240,106,76,140,229,64,137,185,61,113,211,62,58,126,244,124,168,214,69,4,91,182,118,167,220,3,3,
158,11,124,74,235,80,77,161,16,63,166,229,84,58,120,23,111,151,214,91,41,151,251,153,134,197,22,60,117,24,125,200,
204,46,79,200,9,167,172,14,77,65,156,239,161,214,242,84,128,214,23,122,221,225,58,61,205,5,132,173,19,73,85,170,
56,135,176,238,124,89,178,24,186,182,252,91,140,182,33,151,233,252,100,107,233,33,163,204,47,101,117,205,84,163,209,14,
152,117,209,47,214,210,23,118,168,210,55,177,5,24,124,139,5,61,191,232,75,129,145,224,112,191,233,47,180,145,237,75,
242,238,52,151,196,238,88,209,33,52,154,166,33,89,218,4,103,157,172,0,140,224,15,78,213,178,12,113,19,15,84,176,
229,15,121,246,66,85,190,200,66,122,251,33,78,183,192,247,186,50,20,146,244,10,61,137,63,68,131,229,17,44,168,35,
110,114,212,204,118,206,70,119,104,26,22,106,217,84,56,181,38,40,115,232,88,134,196,224,234,55,237,91,80,151,5,49,
144,231,80,138,214,60,52,151,177,45,76,208,59,58,85,176,112,161,214,222,66,161,251,28,166,232,62,69,166,190,127,182,
238,69,95,170,20,142,104,230,72,59,121,24,147,128,215,92,42,187,31,95,135,1,31,41,96,38,164,192,253,106,39,188,
32,109,208,236,78,63,173,249,175,156,243,120,94,156,24,106,175,209,114,101,222,7,130,194,36,99,143,194,73,161,180,248,
73,137,236,45,168,243,50,113,98,243,28,142,176,41,95,108,195,78,157,200,7,146,111,198,41,208,204,15,116,162,204,55,
178,255,18,122,129,255,55,184,218,69,123,138,221,106,185,232,34,174,139,231,77,236,232,46,138,190,232,83,200,27,46,145,
153,27,83,208,254,97,151,167,254,134,213,4,60,202,167,1,109,13,9,78,178,223,9,115,236,60,79,184,193,60,116,243,
28,130,184,199,23,167,246,36,101,235,200,37,138,41,37,106,202,193,30,130,222,101,161,189,5,91,145,71,76,139,213,246,
52,211,19,83,181,244,229,83,142,93,121,181,32,219,129,216,81,132,195,225,40,141,234,90,147,199,47,55,71,172,30,152,
203,1,25,148,0,116,152,209,33,60,159,7,113,166,155,254,254,153,6,119,100,154,65,83,159,169,127,176,229,237,88,177,
9,130,181,168,80,104,183,16,156,185,254,95,26,175,19,120,195,199,41,109,160,4,103,202,230,48,81,143,11,134,174,218,
60,55,142,211,176,219,14,110,130,140,47,170,164,30,93,102,164,32,131,230,234,100,144,195,15,162,161,253,66,138,202,81,
145,185,16,149,123,244,53,211,216,2,105,97,238,95,183,223,65,163,137,199,102,166,197,254,154,119,209,54,216,212,22,120,
170,212,57,179,7,26,127,138,7,63,192,226,77,131,148,226,114,193,240,41,182,147,234,77,244,240,52,145,198,240,90,211,
35,54,158,161,35,91,221,5,105,159,170,12,147,226,16,77,215,180,17,118,21,17,87,187,173,10,110,224,87,153,169,241,
49,184,248,32,119,252,226,91,156,58,63,105,208,200,85,198,30,70,168,10,240,46,205,13,44,101,1,222,56,157,63,59,
125,223,17,59,160,26,110,129,231,239,110,166,39,77,180,234,250,76,217,40,84,148,29,250,87,184,91,87,157,0,45,87,
194,63,138,157,5,12,138,194,68,108,208,6,16,101,245,68,111,171,57,22,115,212,119,115,185,23,73,115,221,87,166,185,
33,44,166,222,96,136,236,34,50,131,17,96,139,201,85,50,143,242,147,143,214,48,101,143,249,118,194,213,62,69,194,250,
119,166,8,62,77,161,45,124,171,235,113,78,171,17,175,171,236,85,129,171,21,138,222,241,89,95,222,22,151,191,36,90,
105,189,15,145,185,217,154,160,176,83,206,200,66,129,138,200,68,167,10,14,136,180,231,51,198,197,88,174,180,19,41,244,
15,76,185,194,212,118,0,33,85,200,198,34,133,186,227,25,205,202,244,103,7,55,111,205,208,20,138,18,62,108,219,154,
241,76,12,61,114,153,158,57,166,23,229,127,234,233,229,129,41,85,148,177,208,67,186,34,9,101,170,1,82,185,210,50,
158,4,13,30,161,48,106,170,253,19,112,159,55,114,158,191,229,30,208,70,113,78,12,36,115,204,88,117,186,27,214,107,
207,87,68,190,32,6,127,192,94,134,197,39,48,79,178,33,74,106,43,49,65,199,111,155,218,247,49,140,237,123,144,194,
66,66,148,247,46,170,221,60,78,86,12,122,177,241,80,85,93,6,138,168,141,39,93,183,27,81,170,238,77,105,172,3,
156,187,246,87,28,143,214,165,203,13,95,13,201,32,153,204,11,41,112,213,50,162,219,15,119,127,143,244,102,176,28,130,
139,156,22,174,233,21,54,92,149,75,185,237,48,134,152,225,8,173,214,240,104,142,247,72,144,204,56,158,167,207,100,206,
255,68,91,91,246,99,212,193,225,169,165,249,104,227,199,68,181,183,2,119,231,21,83,111,121,198,76,244,32,95,124,164,
14,132,0,25,101,206,162,21,140,244,219,55,124,215,32,144,15,43,115,200,148,20,121,207,13,105,222,212,247,111,23,67,
130,195,224,72,173,25,78,148,166,166,65,174,31,12,44,233,251,71,81,4,89,156,254,194,55,183,53,86,163,6,10,95,
186,22,89,163,5,4,89,191,66,31,123,192,36,31,194,74,79,142,19,28,79,155,81,62,116,208,19,61,165,28,112,131,
235,238,112,168,42,83,182,236,252,84,219,42,88,149,31,252,89,189,93,89,160,254,47,89,190,60,82,152,253,250,143,0,
88,128,226,68,42,104,7,71,102,159,59,24,114,210,121,117,186,22,75,117,224,92,168,187,36,47,168,224,97,135,238,36,
52,138,19,98,146,205,87,52,139,244,91,138,204,34,106,205,14,137,212,19,82,67,212,253,111,145,10,64,77,159,47,126,
172,229,115,80,173,18,177,173,243,87,131,173,23,144,224,243,92,101,224,24,155,191,38,92,102,189,75,154,195,2,85,101,
190,22,208,5,33,131,175,5,70,169,12,16,105,108,252,52,179,215,66,120,135,215,103,182,229,37,171,136,229,75,233,229,
42,138,187,229,80,203,24,43,149,154,24,80,204,245,94,148,158,249,73,203,246,41,202,224,19,119,21,61,94,168,236,7,
98,215,57,76,178,183,57,113,242,20,127,181,197,28,164,243,34,99,232,197,33,131,38,34,104,202,248,34,142,5,85,104,
203,214,85,141,9,49,97,202,214,32,195,75,80,143,20,29,80,156,82,63,117,209,20,62,166,29,113,132,236,239,113,169,
43,84,183,237,253,85,220,43,89,150,32,253,90,190,94,90,161,255,48,90,191,61,141,160,3,12,83,190,48,181,129,63,
87,166,255,139,168,237,78,9,158,15,79,143,182,24,92,178,22,86,126,248,31,40,185,29,93,124,188,255,106,195,27,148,
199,186,91,100,140,43,131,171,210,76,61,206,247,138,213,241,59,92,137,10,104,207,248,125,75,161,29,187,192,34,97,141,
192,15,143,166,28,139,113,199,78,201,206,245,146,96,173,11,192,188,255,98,146,188,35,158,239,2,101,109,239,39,164,211,
53,107,123,206,90,169,216,24,158,123,216,61,220,216,26,123,174,216,68,184,11,30,134,141,11,67,197,233,81,135,151,239,
118,197,238,44,186,151,239,89,248,244,58,157,202,244,95,211,39,58,160,171,39,95,225,10,114,168,183,7,151,230,21,82,
219,184,21,122,25,21,90,189,235,21,128,248,72,91,196,207,14,121,244,253,155,250,189,97,198,70,26,152,250,213,102,167,
34,50,137,211,23,50,174,76,81,120,242,210,124,212,76,125,110,34,30,131,232,96,132,117,37,41,130,154,90,139,192,200,
51,140,228,93,144,131,36,255,85,185,111,116,214,56,65,116,216,59,123,221,255,252,145,245,66,165,193,11,44,165,206,97,
137,235,42,51,113,16,80,119,166,37,17,183,14,135,186,249,23,94,195,32,144,201,253,101,109,125,226,84,206,0,113,123,
206,46,91,213,8,62,86,209,61,177,213,14,94,121,220,68,174,227,216,59,59,214,67,180,161,193,130,136,152,59,136,176,
239,140,114,235,79,202,207,14,88,121,242,10,198,251,48,78,171,6,97,209,188,50,148,111,0,65,164,228,70,109,142,228,
107,195,235,18,175,125,210,47,161,230,37,106,178,21,86,209,28,91,154,139,28,69,183,217,82,136,152,240,119,198,244,45,
187,152,244,83,249,245,59,151,203,245,95,216,238,52,141,234,52,149,30,248,137,222,246,77,174,37,255,125,223,186,75,140,
239,47,145,184,217,47,182,14,54,93,250,200,29,113,49,98,151,159,16,89,204,72,109,168,188,19,100,203,228,103,175,7,
182,102,213,1,117,183,13,20,117,141,71,124,128,226,3,89,189,32,72,135,1,45,131,196,98,91,216,60,232,132,241,111,
69,195,37,24,145,186,53,93,215,254,66,93,217,84,100,163,64,26,100,195,68,90,221,74,4,153,10,74,114,201,43,52,
114,214,81,145,243,85,59,180,7,134,174,215,92,42,128,228,154,135,1,40,73,159,235,102,201,249,59,122,209,51,165,210,
10,51,113,204,41,181,147,210,107,116,180,59,123,163,226,127,77,222,7,154,194,233,75,143,163,15,145,169,228,82,96,182,
15,152,176,230,141,159,235,11,203,252,49,57,158,3,96,208,9,61,165,173,181,88,165,8,12,110,119,205,49,196,15,78,
176,126,15,47,171,180,43,186,199,29,60,206,31,99,199,205,22,89,241,44,88,129,139,194,136,6,34,95,204,137,30,130,
207,247,113,211,161,15,115,238,57,85,159,227,22,162,29,249,85,154,197,72,176,43,14,114,239,235,80,183,39,86,154,176,
186,241,180,44,14,140,238,201,31,190,57,38,125,223,232,97,162,5,104,132,9,18,28,212,67,104,176,174,22,105,135,85,
120,170,27,226,89,222,78,127,112,48,248,49,227,89,132,119,45,42,125,234,23,145,195,52,62,145,241,30,153,211,40,64,
84,217,117,146,218,238,20,106,177,128,166,232,58,254,153,6,119,69,227,66,5,174,13,123,178,175,37,91,181,25,105,174,
233,86,103,177,205,137,190,243,17,109,190,21,159,133,216,103,116,202,8,151,214,229,100,105,202,54,165,133,24,110,116,211,
211,182,209,31,130,136,218,240,115,231,33,130,146,224,57,183,236,225,142,146,219,78,135,195,47,149,158,201,74,193,244,59,
145,91,168,91,217,175,254,168,105,184,19,172,182,5,175,112,160,95,227,1,230,163,181,1,11,232,19,70,166,186,196,103,
239,244,86,149,193,244,64,187,251,93,191,141,227,130,218,37,53,130,201,46,139,251,52,104,208,216,232,77,191,51,117,203,
210,51,75,5,23,86,219,228,28,128,30,70,98,196,205,11,170,234,30,87,187,171,71,180,50,8,134,186,195,84,149,248,
32,95,193,202,91,132,11,39,97,204,192,90,201,245,92,133,231,19,105,170,37,112,175,238,247,77,153,79,60,135,212,20,
84,184,86,126,154,252,40,126,191,58,98,137,38,244,67,174,41,75,147,234,239,82,180,52,96,134,45,63,139,171,120,147,
225,68,74,156,178,108,126,189,66,75,126,226,128,168,196,38,47,109,12,76,99,231,82,81,108,207,75,84,242,81,20,140,
29,156,196,190,54,92,197,22,80,185,5,93,34,204,53,167,196,198,66,120,210,54,108,170,6,123,113,148,29,170,208,27,
124,123,224,38,186,232,28,129,108,217,80,199,202,42,129,147,164,255,151,191,225,130,152,203,47,205,245,17,91,159,186,21,
138,236,255,103,111,236,36,167,199,50,104,120,202,87,166,212,15,155,120,213,59,217,213,26,126,171,213,64,184,8,27,132,
137,206,57,171,39,90,185,203,189,131,1,29,90,199,132,25,79,202,242,108,171,215,45,145,233,17,56,178,222,244,76,6,
59,122,161,234,64,105,228,71,75,232,182,71,171,218,31,65,243,239,67,178,45,17,142,255,1,76,193,49,95,157,185,195,
16,198,52,107,171,10,15,23,157,69,113,176,205,236,95,214,62,51,151,11,18,116,215,72,127,160,27,42,117,220,57,120,
202,40,12,131,220,96,66,130,219,41,136,226,34,43,201,40,235,128,182,49,89,211,18,62,148,248,80,120,159,25,69,79,
244,124,154,149,75,79,164,15,130,159,225,80,15,156,13,136,117,239,81,31,117,20,84,183,187,88,97,116,207,158,186,246,
97,28,196,27,165,206,10,104,35,205,44,166,213,12,99,111,210,236,158,211,18,57,125,211,252,119,218,222,123,73,218,62,
118,149,240,83,63,165,81,132,156,32,139,138,134,69,201,231,204,150,146,247,92,212,248,233,145,149,246,97,206,155,53,160,
159,155,91,229,6,58,173,171,7,106,151,254,74,113,122,11,76,234,18,46,179,129,215,59,206,222,29,118,128,183,83,251,
39,102,131,163,34,139,8,45,95,160,198,47,128,194,235,11,204,210,226,104,16,60,123,152,183,42,161,9,240,112,228,227,
245,173,45,76,128,165,200,75,179,46,17,102,229,1,68,117,21,79,140,250,2,78,193,30,95,164,251,7,63,186,72,108,
134,9,7,102,133,247,60,123,192,8,107,172,39,114,177,240,225,114,155,13,47,168,222,237,66,205,28,76,131,17,238,75,
171,79,75,144,238,33,75,182,51,126,145,249,4,126,182,56,93,196,250,10,92,175,49,80,227,57,63,158,158,123,166,217,
57,77,87,250,71,111,174,75,49,170,14,137,142,205,23,56,177,213,68,171,247,89,39,184,28,92,132,254,37,105,132,35,
158,122,214,27,116,189,31,165,205,200,104,128,207,40,180,209,22,119,58,145,236,185,212,34,133,139,221,243,144,229,40,138,
78,186,59,201,222,234,113,140,224,80,202,232,54,122,156,248,81,207,217,47,164,169,218,95,207,0,249,92,92,247,100,213,
194,226,163,169,185,92,169,209,16,173,147,12,112,235,240,47,121,154,19,43,231,28,81,111,204,29,128,2,34,86,187,209,
221,120,0,40,44,201,210,237,81,7,244,110,149,217,47,80,194,62,113,208,226,234,160,14,69,138,233,238,246,174,36,75,
145,235,233,66,179,228,67,143,241,191,80,180,244,28,150,189,1,28,187,54,27,81,248,10,86,96,54,103,156,164,21,94,
209,77,114,173,193,24,105,208,233,108,180,12,187,109,224,84,113,193,24,39,124,146,76,116,157,231,43,94,194,61,101,164,
41,15,77,236,68,143,171,48,245,76,145,110,153,204,44,64,74,237,104,98,220,27,36,98,222,65,164,168,34,78,129,205,
96,95,187,0,72,136,15,79,119,206,83,57,178,243,145,150,192,39,31,172,29,117,157,255,97,71,133,36,100,131,188,88,
53,143,244,150,146,212,54,104,146,247,113,197,216,60,76,197,253,127,164,11,65,81,168,48,127,174,238,116,81,170,13,178,
174,245,80,132,174,24,145,225,244,93,98,225,25,155,197,39,93,103,188,76,155,197,10,144,109,202,47,206,202,16,107,160,
202,49,171,253,16,121,126,253,53,183,225,67,121,136,220,104,183,230,37,114,130,216,29,247,28,21,197,207,42,58,244,28,
45,202,176,6,82,229,245,111,150,183,48,113,212,20,42,224,221,48,157,202,73,123,236,246,73,169,214,68,126,235,251,67,
98,34,83,136,144,251,84,172,37,88,75,236,199,29,129,55,60,158,0,9,60,160,3,67,165,199,196,89,189,10,109,137,
211,244,109,150,41,81,179,242,251,57,216,24,63,110,237,217,127,214,79,130,193,223,38,139,232,88,145,197,45,53,69,170,
28,150,200,57,67,150,246,35,157,208,6,30,153,5,121,157,214,38,65,164,12,118,171,160,3,3,158,11,124,105,137,83,
79,180,25,145,181,166,71,34,120,220,146,151,249,91,100,151,251,94,158,0,22,96,195,29,84,187,250,46,114,165,241,132,
207,211,77,86,207,16,139,155,21,60,68,138,76,134,145,22,115,135,228,58,112,217,37,125,66,215,59,136,235,7,81,114,
235,20,167,207,49,112,121,183,86,150,189,236,172,116,173,95,213,0,221,154,172,248,2,217,16,72,159,185,4,110,232,194,
64,116,184,235,55,178,21,49,147,132,218,121,176,217,249,147,201,35,135,189,252,100,203,214,41,128,218,31,113,192,144,231,
44,9,52,103,199,219,229,136,3,253,119,182,191,253,121,225,68,72,194,238,33,109,0,255,91,160,232,40,175,239,23,110,
243,217,82,147,49,54,96,199,191,76,189,21,61,159,1,231,37,196,4,35,92,248,213,47,148,54,50,116,214,8,50,151,
17,101,120,220,236,101,157,31,68,171,225,241,72,208,31,78,142,20,241,75,171,82,78,147,239,36,78,185,53,129,148,253,
8,129,185,58,96,199,253,13,99,236,59,107,166,48,13,100,199,110,106,171,19,64,106,213,81,157,176,25,27,157,213,83,
120,227,25,41,121,8,87,133,190,76,41,133,235,138,134,204,41,92,134,238,101,185,204,52,63,185,241,115,149,255,53,68,
152,36,115,162,226,104,69,162,8,166,162,232,71,120,162,13,132,213,232,80,87,155,6,129,138,40,135,74,238,83,211,167,
37,135,98,243,52,175,191,22,96,164,191,59,217,222,5,127,95,9,97,217,10,251,175,171,16,117,237,17,2,116,197,211,
39,231,24,77,85,192,25,113,234,29,16,177,199,250,129,252,1,40,138,171,233,77,224,240,47,169,213,240,86,214,230,66,
135,235,67,52,14,51,44,176,230,64,169,223,38,121,237,247,62,175,49,36,128,245,235,0,165,45,75,70,252,10,87,176,
238,48,156,2,11,28,159,46,104,168,251,17,110,157,53,112,156,203,243,101,204,64,118,182,19,27,104,218,11,42,134,232,
212,105,218,50,90,188,30,4,66,225,33,64,121,21,242,79,181,83,79,148,240,37,79,185,47,130,149,254,1,130,186,59,
97,142,247,247,161,249,113,162,125,59,77,166,184,114,132,230,13,22,108,232,99,115,237,15,12,161,5,82,146,209,27,95,
146,222,89,188,175,90,104,112,36,144,192,8,107,41,153,42,169,209,203,76,105,209,54,162,215,29,74,112,217,42,114,185,
20,121,123,223,68,186,225,23,135,70,147,59,193,132,34,129,68,238,87,201,230,232,129,138,178,46,169,185,51,114,99,185,
88,144,175,11,109,89,238,95,183,223,65,163,137,199,102,166,197,254,154,119,212,58,216,212,25,117,170,212,62,180,7,26,
131,134,7,63,192,230,19,124,124,19,132,245,217,108,211,211,30,69,5,238,72,197,147,224,97,220,231,101,212,186,16,151,
18,23,62,219,169,251,89,14,10,80,179,224,10,117,242,61,80,185,194,61,117,246,32,131,185,201,27,168,247,37,100,178,
194,15,180,60,90,85,5,15,106,122,23,108,175,17,213,96,205,61,109,176,10,18,95,213,17,84,174,9,213,127,215,79,
128,91,39,29,116,226,86,71,193,40,54,126,239,108,72,190,45,19,140,240,72,88,151,17,2,88,212,55,95,182,59,9,
97,202,57,85,225,4,40,153,194,30,161,233,65,240,160,15,59,175,241,71,78,175,199,129,169,210,52,37,123,247,114,189,
252,35,68,130,33,156,196,3,66,63,140,236,110,152,190,108,120,194,36,170,134,4,102,124,210,251,118,182,245,122,96,182,
61,132,172,240,77,86,164,12,115,228,32,60,77,163,62,185,203,10,84,93,203,47,205,245,249,115,100,245,89,212,252,24,
91,153,239,61,184,200,7,129,138,3,103,167,231,14,171,180,10,110,198,208,67,165,187,17,58,181,245,52,185,159,245,124,
195,235,28,179,188,31,131,195,235,66,164,208,3,103,5,249,56,139,169,254,85,201,232,123,209,215,54,76,11,62,46,220,
237,55,153,31,251,121,219,241,71,171,3,19,141,239,248,43,143,247,28,101,178,187,26,127,0,36,101,187,203,32,141,8,
32,91,205,218,42,132,246,106,172,2,9,106,130,60,54,141,239,27,113,178,45,120,124,25,34,61,173,102,144,114,26,44,
133,151,81,99,197,4,13,134,175,42,82,204,11,8,82,177,55,72,203,56,242,135,189,80,120,218,60,34,120,255,63,162,
225,8,59,149,227,129,134,197,74,24,110,210,136,141,224,34,22,163,241,143,148,211,88,38,124,224,150,155,187,82,69,190,
255,122,197,201,43,52,197,6,97,133,212,58,61,128,41,173,203,198,109,127,203,235,171,218,32,116,56,229,58,182,225,25,
54,147,231,78,185,156,31,140,70,225,78,191,163,39,146,145,163,76,208,238,211,144,162,238,248,206,255,52,60,159,0,21,
220,7,58,154,174,184,91,227,11,39,113,181,232,111,175,239,81,132,120,206,60,188,227,33,126,129,229,70,195,235,36,126,
131,234,76,203,228,26,200,212,30,128,6,226,96,194,181,243,111,234,53,57,214,188,53,153,241,1,64,167,188,80,182,212,
66,138,239,166,59,159,236,20,83,205,214,79,179,46,51,149,247,221,39,127,245,36,80,246,10,17,180,47,65,104,226,235,
100,141,67,72,170,12,242,48,148,15,97,164,6,225,55,155,46,86,184,26,35,86,221,88,93,176,242,230,115,215,36,76,
139,5,14,135,235,102,107,205,47,21,76,229,96,90,153,251,28,114,249,116,156,184,61,70,121,189,52,109,170,16,1,156,
9,122,94,226,77,76,72,6,140,101,240,85,82,166,21,68,171,234,30,63,184,249,92,156,254,96,70,191,232,99,163,226,
103,65,130,230,113,145,209,59,59,139,250,113,157,223,62,59,141,4,123,162,215,48,133,222,54,175,226,213,118,81,167,35,
134,198,40,103,112,233,77,200,193,62,162,78,234,87,213,171,41,139,126,247,56,214,219,61,124,133,195,98,174,202,4,112,
99,253,108,152,255,16,114,147,209,77,235,240,47,180,189,19,102,229,13,54,187,161,26,91,249,254,61,135,203,18,86,188,
27,90,166,210,5,140,228,47,75,173,158,47,81,1,41,82,215,189,54,119,21,26,94,168,236,255,95,237,17,79,158,236,
75,165,220,73,145,233,152,77,174,227,14,137,248,222,87,187,19,35,98,220,205,35,159,2,42,129,6,212,44,149,248,61,
124,193,218,120,148,255,123,174,13,31,17,209,85,128,109,14,1,122,163,30,70,157,255,240,129,165,20,123,186,41,50,77,
236,103,108,206,13,22,67,240,112,74,210,59,53,147,0,124,89,178,65,78,164,195,93,161,227,62,85,172,11,133,164,196,
65,85,171,5,127,169,240,16,16,170,25,47,182,242,14,101,188,37,76,150,2,104,113,130,27,159,188,3,105,106,191,26,
153,193,13,111,61,206,50,138,213,241,83,112,137,65,176,213,29,49,142,209,54,187,220,228,129,143,234,64,200,242,229,126,
148,199,78,201,206,245,87,120,182,26,173,189,252,118,162,189,35,163,191,242,147,156,255,99,163,6,69,132,176,227,71,162,
193,69,176,175,171,106,238,12,241,174,192,12,22,243,30,81,177,197,207,114,237,255,38,160,145,255,75,1,41,45,167,135,
250,65,204,60,51,111,212,51,154,195,42,83,216,166,252,96,243,32,71,228,173,247,154,21,74,137,176,244,74,139,41,46,
109,166,248,83,105,45,92,140,246,8,95,120,42,95,123,0,9,60,136,3,67,106,204,237,43,143,34,109,113,213,227,42,
133,68,119,81,21,33,107,205,83,47,173,225,234,64,223,55,130,193,35,9,95,171,62,137,136,222,38,124,178,104,109,148,
14,58,85,209,76,151,179,21,6,151,192,58,82,174,243,76,149,247,125,165,160,64,88,167,0,140,169,238,79,18,105,196,
145,172,250,93,99,181,203,152,180,199,56,102,196,33,152,186,231,91,113,203,30,166,132,250,92,114,200,241,167,207,235,112,
86,172,240,98,207,23,111,61,116,55,175,145,15,67,76,162,65,153,228,35,133,107,193,13,160,235,222,129,151,227,3,189,
229,246,147,121,183,51,209,190,21,119,163,214,58,157,0,4,101,94,18,53,147,1,59,168,184,0,31,219,16,69,99,171,
1,55,237,242,25,147,191,218,86,209,28,56,154,139,28,69,191,215,116,149,129,37,132,2,222,113,199,205,44,44,223,52,
119,217,157,40,149,5,53,120,210,218,39,143,15,68,131,170,238,68,133,35,40,103,221,169,28,99,50,88,154,236,154,69,
169,14,30,117,191,224,30,189,56,37,124,181,219,20,183,50,68,107,229,214,68,144,70,110,114,236,204,45,134,17,129,121,
180,24,119,209,242,117,189,21,196,116,227,15,131,197,27,34,131,155,85,79,201,8,17,103,203,70,86,173,247,59,98,4,
54,92,156,249,8,93,201,55,100,164,13,9,100,207,68,183,153,71,83,157,255,133,97,223,78,52,138,17,81,121,184,50,
35,180,245,112,187,215,57,54,127,211,148,197,7,23,95,181,38,126,201,8,47,115,166,10,168,208,15,78,63,149,52,175,
168,219,56,56,202,0,182,187,250,92,101,187,7,154,170,36,58,135,232,253,183,236,8,106,150,177,21,144,208,247,148,122,
208,87,175,215,10,142,164,215,59,217,198,5,103,136,198,101,189,229,71,134,143,199,95,172,15,43,141,150,236,80,179,243,
26,183,175,9,109,245,250,92,190,140,29,94,217,36,99,197,171,233,77,3,43,91,128,206,45,135,190,43,115,203,122,42,
153,197,57,123,209,216,57,86,16,56,73,171,239,69,110,1,76,139,178,246,17,129,231,15,93,193,202,28,128,240,39,100,
195,202,30,123,242,43,108,198,200,21,197,67,95,156,9,198,91,204,71,52,174,16,25,111,152,19,71,196,40,212,112,221,
91,49,175,227,236,125,225,92,97,136,37,243,73,197,52,80,138,248,233,131,242,30,133,209,51,1,146,246,113,153,157,255,
50,140,194,61,160,223,65,39,101,4,68,108,195,57,34,99,254,75,115,237,79,88,139,215,141,122,185,51,29,168,222,89,
188,251,93,67,129,32,96,136,223,33,38,141,243,102,126,2,109,108,126,39,171,201,174,120,116,217,62,182,218,203,108,117,
181,1,148,164,251,69,137,223,8,155,132,30,137,136,132,32,200,244,51,80,140,246,89,207,206,48,144,154,252,12,164,175,
52,145,165,2,88,120,216,68,170,179,196,98,214,23,61,176,171,230,110,233,25,81,170,110,225,40,233,12,86,191,186,181,
81,249,37,100,129,189,36,123,255,26,57,202,211,43,140,249,35,103,129,167,224,131,11,16,79,212,221,16,92,18,255,53,
145,212,3,106,226,54,73,178,187,54,110,241,21,124,178,194,25,161,240,31,96,229,194,30,124,35,31,101,193,245,31,138,
6,82,103,204,209,82,138,8,48,152,206,221,53,189,12,59,122,1,222,59,160,63,59,129,229,215,52,121,44,129,196,38,
234,121,226,90,125,189,13,51,126,226,92,64,156,225,242,82,183,47,82,153,248,250,49,205,117,161,224,253,61,156,249,110,
156,217,26,72,168,13,117,170,222,66,6,121,192,75,187,185,238,47,178,26,149,120,252,98,93,184,21,114,191,4,87,109,
199,22,156,120,212,25,50,134,237,108,105,224,111,124,210,241,157,218,6,121,119,203,62,101,170,204,124,128,217,219,142,227,
38,136,76,211,76,180,237,33,129,153,203,64,204,246,225,96,76,240,79,205,147,10,153,166,252,27,199,4,48,163,161,245,
104,176,11,246,117,97,199,115,166,168,31,174,187,17,48,220,24,88,171,191,230,125,164,233,11,125,206,220,26,205,34,101,
199,139,18,138,9,35,103,194,165,46,62,214,225,48,218,155,203,103,15,59,122,151,209,42,141,27,16,130,144,187,244,104,
43,11,36,226,250,73,162,46,75,144,241,172,65,143,242,26,113,187,220,26,126,249,33,96,253,227,33,136,1,31,95,162,
19,92,207,75,112,171,191,244,78,156,36,106,184,231,35,121,219,77,110,192,33,27,52,207,87,92,155,32,41,92,168,94,
75,129,221,32,74,177,47,125,144,249,254,125,181,50,97,195,249,9,92,232,55,102,166,44,9,102,203,106,102,167,15,60,
102,209,76,153,172,20,27,153,209,83,119,223,21,36,116,202,76,116,170,41,50,107,35,156,199,246,253,97,192,26,59,189,
7,26,111,200,32,153,204,191,96,118,204,13,136,211,215,57,90,152,8,110,150,225,71,75,161,252,133,171,232,74,80,158,
254,138,181,238,70,70,232,79,190,228,46,68,140,226,24,147,187,53,116,101,211,90,213,253,25,123,132,218,50,235,21,247,
159,177,10,28,214,208,39,172,146,11,111,175,18,22,179,129,239,83,206,222,53,139,136,217,70,172,24,98,117,189,19,73,
196,236,102,165,150,4,139,6,46,74,172,181,11,129,0,250,81,214,188,53,153,217,60,64,226,176,30,130,253,13,100,218,
195,4,159,236,44,142,205,249,79,120,46,27,149,188,221,51,151,250,58,90,241,204,58,193,25,100,163,202,14,41,200,8,
72,135,233,218,72,140,3,60,126,218,208,107,216,73,45,177,28,27,23,215,97,130,182,41,39,131,230,19,122,139,40,14,
100,235,67,142,146,47,21,83,207,41,82,114,54,66,140,238,116,80,206,48,11,156,0,123,104,226,33,42,104,204,54,123,
157,43,56,108,229,133,166,246,71,82,185,14,150,86,244,83,22,186,31,159,115,241,83,46,191,35,158,139,5,68,77,139,
239,89,213,8,103,121,129,55,165,220,28,123,128,136,58,176,219,206,117,135,211,221,186,229,24,120,140,150,57,158,198,5,
79,147,198,42,200,181,12,86,97,188,8,160,171,45,148,150,253,41,176,251,63,151,130,251,104,228,13,27,162,172,5,97,
207,8,72,164,178,233,119,192,207,69,180,154,240,119,242,247,30,187,137,214,52,233,229,40,141,187,229,80,200,24,43,148,
154,24,80,210,244,36,141,150,205,144,8,234,104,180,189,19,95,21,26,94,227,177,31,107,232,21,60,223,245,65,97,36,
73,143,233,200,43,173,55,44,158,0,7,84,177,63,102,150,187,251,94,159,26,101,164,227,212,101,142,0,34,155,209,221,
54,192,15,62,126,4,225,57,164,66,62,131,223,20,62,169,38,55,125,223,223,82,182,20,144,205,50,43,60,244,99,136,
208,228,63,136,251,119,156,215,235,51,115,215,82,98,220,27,36,157,198,89,105,170,17,2,157,10,123,73,234,79,76,160,
15,62,165,228,48,57,119,22,86,185,213,90,64,185,226,76,145,179,65,78,142,254,156,201,254,66,110,205,50,174,165,9,
108,120,198,238,160,213,241,83,127,213,22,121,220,224,57,60,204,4,129,176,18,72,87,167,55,134,180,239,123,88,181,18,
185,181,251,91,139,181,31,148,232,251,99,104,232,32,162,195,244,93,102,157,96,216,186,56,154,141,227,47,229,210,76,139,
183,234,113,177,200,91,177,183,22,22,237,30,96,112,184,248,127,191,231,38,160,169,231,134,193,221,91,202,176,41,106,229,
13,76,150,159,48,89,212,20,118,181,190,235,152,24,247,127,232,226,64,173,41,6,127,224,239,24,137,34,89,103,238,248,
81,173,54,81,153,181,191,21,112,47,98,60,253,3,19,186,12,67,172,220,204,89,202,34,74,172,14,244,50,209,17,48,
105,5,226,60,163,67,63,133,228,21,63,170,34,114,133,238,241,56,163,30,61,189,44,43,61,228,54,107,200,57,15,152,
252,117,148,204,65,73,144,183,105,158,186,28,72,158,223,66,165,169,2,5,149,205,75,118,219,17,33,120,0,79,121,191,
68,33,125,219,130,126,196,40,26,119,219,77,146,209,22,115,199,46,153,124,15,101,107,202,202,158,145,242,101,127,200,53,
182,138,230,43,115,201,255,181,221,28,67,135,186,30,129,169,193,139,135,236,81,201,237,222,127,149,200,79,167,207,14,112,
97,183,86,150,190,21,154,128,214,251,209,2,55,63,170,3,91,212,7,250,155,164,228,72,171,235,77,175,125,14,55,178,
218,49,182,191,218,57,231,225,56,154,139,225,128,251,35,39,161,146,0,100,223,251,54,152,153,234,87,213,253,36,197,206,
14,114,213,21,119,217,167,56,97,225,9,96,229,238,9,104,22,16,103,201,186,16,175,42,82,86,208,193,47,147,14,42,
139,191,224,54,130,253,96,159,1,207,61,137,28,68,131,200,205,90,190,35,75,114,236,24,110,151,77,58,121,219,252,117,
217,25,59,174,226,3,89,165,32,131,194,36,242,96,172,63,103,166,232,237,80,184,47,86,110,43,61,137,147,105,154,207,
215,58,155,176,119,162,213,53,73,83,246,113,166,194,71,80,131,231,74,138,236,78,28,138,17,105,145,196,100,36,120,229,
83,128,197,33,37,135,235,90,141,205,116,32,194,41,152,190,8,30,102,142,10,168,149,212,54,63,208,17,175,156,22,68,
77,168,255,106,216,32,133,60,209,31,130,170,36,75,108,229,38,137,201,248,89,103,177,16,130,230,37,148,122,243,87,175,
215,254,120,164,250,35,182,1,29,127,95,249,104,148,251,12,134,178,205,49,172,212,78,141,185,212,115,186,226,38,170,133,
243,122,186,226,33,131,199,250,129,193,36,47,145,141,23,123,3,8,106,204,178,8,84,231,50,113,152,185,50,115,238,40,
107,183,168,254,162,226,34,132,195,180,34,118,240,61,63,230,248,68,100,36,85,138,146,245,86,107,50,93,144,240,4,14,
177,254,97,160,223,11,97,162,64,69,167,9,227,47,151,15,58,98,16,28,102,200,78,42,168,244,253,83,218,85,90,153,
227,39,90,178,36,72,135,241,226,129,226,23,71,134,31,250,139,239,71,146,209,16,60,111,246,113,87,203,255,67,153,218,
120,160,188,65,39,160,4,62,154,195,37,46,167,11,99,139,178,79,53,108,5,106,146,209,86,95,146,246,89,188,216,26,
56,141,228,88,119,10,96,102,197,219,154,205,189,107,119,193,35,169,133,3,101,88,174,53,176,181,244,121,71,157,60,148,
164,251,76,86,176,255,122,179,233,84,92,179,8,143,178,240,90,93,170,10,147,186,254,82,82,244,91,202,240,58,80,152,
238,95,218,2,6,163,137,2,43,166,230,13,135,144,9,109,185,31,96,101,180,19,122,163,10,27,125,193,23,123,187,251,
93,156,165,227,83,194,229,48,122,199,40,61,247,31,107,205,214,241,144,232,51,55,153,186,248,116,239,58,121,202,215,4,
104,30,70,133,172,205,70,135,2,18,125,191,179,64,118,241,84,147,245,195,49,184,16,56,95,186,248,32,132,58,98,161,
200,233,98,163,30,46,101,195,218,47,152,252,105,177,9,206,105,214,71,43,175,24,40,112,143,97,122,186,31,33,50,234,
99,142,189,218,39,136,157,93,142,195,225,47,142,232,31,140,212,44,219,147,250,105,143,217,239,55,141,195,121,102,189,66,
40,161,202,93,168,196,73,23,109,213,76,99,191,4,76,140,19,83,123,210,87,61,182,247,149,154,196,43,35,176,33,121,
161,3,101,75,137,40,104,135,192,92,57,147,248,154,150,216,58,108,150,251,117,201,220,65,71,201,1,131,168,15,69,84,
167,52,131,177,238,120,85,179,18,182,178,242,83,136,178,24,153,229,248,97,107,229,29,159,192,43,97,111,192,80,159,205,
10,148,113,205,43,210,206,20,118,164,206,53,176,1,20,124,135,1,57,186,224,71,125,141,221,108,187,233,37,176,141,229,
80,238,234,47,139,192,234,85,210,227,41,139,117,42,139,192,39,102,154,222,249,117,19,24,122,161,199,64,129,31,12,75,
177,182,251,179,34,71,143,163,252,69,167,45,85,80,240,8,87,176,60,89,158,255,194,25,116,70,92,151,10,219,64,201,
76,109,168,4,251,99,212,83,106,182,206,216,37,206,82,112,116,205,27,122,212,245,135,179,39,40,65,238,83,131,205,227,
244,72,176,46,74,106,43,49,65,228,95,113,176,250,62,89,248,80,155,183,60,10,79,7,118,155,227,225,70,165,12,53,
156,197,74,24,110,210,101,141,180,81,26,100,7,143,148,246,53,62,148,248,91,131,253,36,45,155,34,122,162,184,99,113,
121,38,168,193,8,115,125,136,38,160,206,224,79,118,219,14,174,215,25,115,138,211,64,117,158,221,54,131,228,227,189,226,
219,128,96,197,83,156,171,33,144,118,204,83,206,211,250,151,101,178,16,197,193,4,105,151,193,44,164,244,7,112,118,244,
44,174,208,0,105,114,191,100,236,10,5,170,138,237,111,249,238,96,194,201,22,115,1,40,88,125,189,32,97,220,39,102,
165,150,39,80,194,228,93,147,159,248,130,209,0,64,198,163,251,102,4,0,69,166,219,5,112,237,254,68,166,166,25,125,
219,87,148,249,242,3,187,42,79,151,149,247,24,158,42,99,149,0,15,17,146,240,87,150,202,14,100,200,8,107,135,233,
218,48,109,80,107,185,28,34,116,138,68,121,149,26,0,86,186,53,69,132,33,239,69,193,95,100,163,198,42,137,227,4,
134,208,227,56,145,233,98,149,136,41,4,114,214,81,156,184,26,35,121,221,123,104,226,33,77,116,15,133,177,241,81,81,
172,9,69,122,178,23,38,118,224,86,125,180,13,98,187,19,140,191,178,83,70,156,0,123,163,5,68,53,139,42,106,146,
233,63,45,131,229,166,215,25,41,113,199,21,144,184,223,65,133,160,28,151,167,33,131,140,226,70,146,174,232,65,134,174,
42,165,205,47,110,119,205,49,172,247,251,152,126,247,15,206,1,241,146,133,219,63,186,226,68,131,116,202,105,169,209,40,
126,169,233,77,200,240,47,180,154,216,60,242,223,30,152,134,220,113,190,254,61,159,203,254,98,221,5,68,201,151,40,105,
7,253,117,217,207,235,134,1,19,82,180,165,251,154,218,26,94,168,236,66,166,33,73,72,221,230,38,138,5,21,84,241,
191,45,145,244,87,150,248,1,87,120,234,87,159,247,188,87,196,53,3,164,9,6,90,201,248,95,158,210,22,108,149,40,
80,143,20,226,80,156,23,66,125,219,23,87,222,54,129,133,255,43,70,194,96,101,152,242,251,77,172,44,84,153,228,44,
130,184,110,150,154,20,29,115,250,58,122,161,3,15,97,193,111,129,227,34,78,105,229,131,112,199,76,50,124,2,103,178,
206,83,33,143,22,86,150,248,55,35,117,16,139,133,255,97,47,157,1,124,199,203,69,54,140,243,106,141,0,76,120,171,
50,114,178,20,59,92,213,22,113,149,229,69,80,164,222,180,229,26,34,133,230,251,194,237,32,128,148,158,65,201,241,48,
146,96,206,85,208,189,55,106,177,9,16,209,2,68,84,156,242,64,187,6,10,167,176,227,71,229,13,17,174,183,13,54,
189,217,19,123,114,12,123,167,14,90,188,197,27,68,215,34,97,136,204,17,121,244,6,69,202,152,41,141,229,13,111,209,
159,48,148,15,252,103,169,232,63,161,19,69,125,166,228,63,156,40,6,69,222,231,39,139,41,22,144,242,216,46,181,48,
29,151,249,2,29,122,253,38,91,185,206,39,142,253,45,113,196,196,95,204,61,33,165,16,15,11,201,79,40,179,24,21,
105,216,7,110,127,249,234,88,223,90,95,193,35,9,83,245,38,81,145,234,250,78,173,45,86,155,241,1,91,5,35,151,
217,47,54,151,175,105,145,221,4,72,123,2,66,165,169,11,79,165,230,73,172,176,30,26,96,10,142,185,166,71,80,144,
220,146,127,214,32,65,151,30,153,158,0,98,107,134,234,107,145,216,46,50,127,31,108,172,211,77,121,207,16,174,214,242,
43,120,217,238,168,208,28,67,135,186,65,129,228,232,74,142,228,37,136,235,239,93,136,222,79,143,242,14,147,97,242,27,
150,249,56,119,104,249,34,151,243,4,126,111,221,100,223,228,70,168,142,246,94,217,235,18,175,125,235,55,202,242,84,182,
156,21,121,244,225,32,136,143,13,52,244,37,90,120,198,37,127,160,35,107,195,114,48,135,17,58,118,212,143,51,146,16,
214,112,219,218,214,150,37,70,122,237,235,71,170,215,62,138,236,186,75,175,42,47,110,184,217,47,147,237,22,54,250,6,
80,178,56,20,146,1,231,96,196,28,44,131,205,17,44,127,23,34,152,18,30,109,217,81,106,171,15,237,79,214,86,116,
149,26,44,131,232,50,127,191,36,37,63,218,98,103,166,43,52,103,179,105,86,140,232,43,85,187,61,136,155,4,10,136,
192,66,107,206,4,20,107,243,66,108,177,55,20,113,213,117,113,182,22,71,113,220,83,164,183,31,34,106,213,80,89,247,
86,25,189,34,162,118,244,99,73,194,38,126,142,229,47,115,142,225,176,204,8,115,46,214,45,183,224,28,122,53,217,56,
182,146,22,129,128,124,66,192,220,25,134,67,216,73,137,236,43,82,150,236,80,144,208,15,89,157,167,40,134,237,22,96,
129,250,35,158,222,64,127,136,1,42,156,197,229,166,172,188,110,234,23,2,163,185,212,115,238,219,85,183,192,219,87,210,
226,92,114,207,25,122,254,216,105,190,214,45,142,5,223,108,201,213,223,136,12,42,15,211,223,41,139,17,237,107,205,192,
22,162,250,10,73,230,180,10,110,36,17,104,173,170,63,163,8,24,111,209,194,48,183,50,90,153,251,201,31,131,237,50,
84,4,8,97,133,244,105,156,17,14,42,200,80,106,167,174,25,114,202,67,118,105,10,229,83,218,26,125,188,227,4,66,
190,92,73,119,246,226,121,238,92,141,191,250,15,136,241,98,108,206,57,67,154,205,109,150,216,50,255,140,253,85,125,223,
65,39,101,4,68,99,156,56,21,110,207,118,114,184,26,72,114,222,85,165,184,33,43,165,221,95,137,235,33,48,128,16,
95,142,199,84,49,139,242,146,142,212,51,100,142,250,111,193,212,60,67,193,249,123,163,7,61,77,164,242,116,156,188,125,
131,147,54,131,195,37,76,144,230,15,162,178,9,142,92,161,89,200,237,53,51,152,247,94,135,238,23,156,106,192,36,183,
223,6,163,108,182,89,190,206,37,170,144,9,50,232,237,79,177,186,237,40,236,25,10,181,197,12,120,252,37,25,199,203,
41,123,3,44,50,161,200,45,96,0,41,107,197,220,37,146,199,240,47,136,213,54,53,18,61,112,208,228,243,150,251,35,
74,231,205,35,135,2,42,140,179,196,26,101,253,8,155,248,9,77,190,1,53,151,254,253,53,188,64,105,169,218,8,95,
198,57,37,155,10,240,70,205,72,77,116,17,223,44,138,63,59,125,225,17,59,165,34,110,129,234,245,110,166,39,74,180,
234,250,77,217,40,88,146,227,243,76,164,115,153,219,45,250,49,244,108,78,204,24,33,95,254,86,126,189,31,40,161,202,
77,117,155,62,84,160,192,131,165,188,45,96,132,207,129,182,210,52,96,182,247,90,189,193,26,29,173,229,98,145,243,41,
56,136,24,103,150,214,92,57,149,247,154,150,217,58,108,150,0,117,201,220,69,78,201,1,131,173,213,62,71,148,76,187,
224,40,38,145,234,66,187,238,225,130,139,238,47,205,245,52,150,159,210,30,153,217,239,110,90,4,99,221,12,67,154,166,
9,35,222,0,23,134,173,18,67,241,25,86,175,177,26,125,233,212,74,185,159,245,124,247,252,35,192,142,219,57,238,234,
44,144,192,234,84,205,29,48,152,155,29,85,215,249,99,153,169,1,136,215,5,69,146,167,253,97,189,68,128,156,228,58,
171,3,78,141,239,248,78,143,242,26,113,170,208,38,109,54,89,155,177,9,98,116,46,86,162,225,13,99,199,66,106,134,
208,217,71,130,27,37,116,30,223,37,221,76,113,185,183,34,123,211,76,127,114,19,28,68,192,35,99,162,4,48,134,234,
66,106,169,11,55,65,194,32,80,217,56,65,156,186,87,158,225,57,77,152,2,124,86,162,247,72,152,200,101,172,239,71,
91,166,16,138,109,177,50,79,171,22,140,191,255,80,90,85,24,144,114,240,82,45,155,231,122,162,225,102,111,197,6,129,
169,232,109,42,156,228,158,198,239,57,90,176,252,143,218,25,123,132,218,3,126,166,212,138,135,218,71,116,219,26,102,111,
232,41,140,180,46,85,94,180,83,147,211,245,75,147,233,55,154,218,25,99,132,253,97,220,4,67,106,115,201,28,180,191,
61,137,146,208,111,199,239,46,144,153,18,59,190,230,24,110,182,12,66,213,229,60,158,167,32,132,255,4,67,165,174,39,
63,255,48,101,109,209,48,138,171,45,119,138,223,56,144,9,60,47,213,200,6,106,32,72,135,233,183,37,113,248,94,159,
164,243,82,185,226,73,136,188,0,86,127,53,34,97,219,7,93,146,1,36,105,185,6,103,124,54,72,111,209,21,107,207,
74,55,142,216,11,101,201,22,121,184,223,35,62,162,53,128,191,18,251,135,236,101,132,200,35,243,126,231,91,148,137,235,
43,129,183,109,149,153,54,4,90,214,116,156,153,3,12,89,185,64,105,169,3,20,96,187,123,172,225,255,77,172,6,39,
170,242,74,249,170,23,136,86,244,83,22,116,216,83,123,195,45,51,131,225,99,147,207,43,45,127,240,98,158,221,50,52,
129,52,178,136,207,49,58,153,5,125,159,216,65,82,165,3,119,155,231,64,93,179,11,126,166,220,146,143,226,79,124,232,
50,69,154,243,75,196,247,234,139,148,188,32,155,195,26,159,109,254,63,221,202,68,107,140,214,113,231,19,83,179,179,14,
107,167,223,20,124,131,218,59,190,229,22,111,196,29,117,238,33,20,181,190,230,98,0,237,44,201,175,237,105,204,12,51,
173,158,47,147,223,236,43,139,218,57,160,201,48,94,168,201,7,166,230,38,77,234,196,14,109,223,67,130,182,191,21,121,
12,87,91,248,222,87,128,54,35,122,179,0,97,118,48,88,105,227,15,42,142,68,73,112,234,219,73,149,40,56,178,20,
238,102,202,23,87,185,224,233,122,187,30,94,133,255,240,94,170,96,136,137,235,37,123,177,44,84,147,13,57,84,243,75,
150,154,55,5,115,200,124,166,210,250,58,122,198,89,105,227,10,43,105,8,67,158,199,17,50,112,15,79,143,182,83,25,
102,15,147,177,172,83,101,177,209,145,192,6,90,30,184,39,83,199,9,95,102,199,223,153,193,234,76,120,206,15,138,178,
20,118,92,178,10,112,152,227,68,76,161,10,121,175,238,80,83,173,4,123,179,240,80,81,158,78,204,232,37,146,79,228,
72,149,213,55,153,127,248,33,156,220,15,175,186,179,93,225,12,249,154,176,6,71,170,234,41,174,124,13,78,179,223,36,
122,126,222,44,235,30,14,175,184,224,92,250,34,62,195,145,231,99,240,28,104,202,176,238,106,229,48,52,209,183,247,95,
0,8,50,203,225,55,120,219,32,95,228,178,67,132,233,21,71,222,244,74,139,238,46,109,242,192,81,146,247,35,84,178,
203,31,129,235,88,160,248,189,88,197,54,26,158,9,8,4,194,72,33,172,17,14,98,209,0,103,120,218,251,81,181,48,
88,127,28,37,88,188,55,95,158,244,52,133,237,105,143,197,44,46,69,186,42,91,156,254,7,89,184,44,75,214,59,56,
140,251,42,145,162,28,37,99,2,125,130,169,11,44,106,230,73,125,161,3,10,166,19,145,103,229,84,58,120,23,146,186,
190,56,100,151,233,101,146,197,34,34,180,234,101,165,228,70,79,165,241,167,207,235,77,86,172,16,98,206,24,43,115,155,
23,146,162,28,126,100,162,6,153,169,0,74,95,215,13,160,200,239,140,149,200,20,143,207,246,112,97,180,24,196,190,253,
119,128,214,58,181,197,63,161,135,221,65,188,228,20,175,186,253,39,217,14,42,116,184,14,114,178,242,84,147,138,225,57,
231,28,56,130,198,28,128,192,0,98,161,152,239,68,182,35,107,195,136,35,144,1,207,105,212,211,207,146,10,236,51,149,
158,244,97,226,9,77,163,179,10,109,237,8,67,178,178,28,128,238,15,69,246,2,6,114,237,21,93,192,200,35,123,253,
38,100,203,199,25,138,252,56,119,205,206,36,127,78,106,166,17,204,110,213,68,106,180,202,18,104,158,25,89,128,29,3,
65,165,32,72,135,233,45,72,172,39,74,188,8,249,103,238,46,145,173,15,59,145,198,59,92,158,249,12,96,199,43,146,
209,5,14,124,200,126,131,170,12,21,107,207,74,173,177,19,28,109,4,105,121,208,85,35,180,245,112,187,250,45,88,152,
228,119,194,198,99,73,159,38,161,137,196,93,102,142,242,133,149,15,78,63,149,249,116,156,219,120,70,156,0,117,209,250,
68,101,222,7,189,194,1,134,143,162,2,142,183,241,84,74,229,80,210,236,230,140,160,167,87,213,241,46,155,88,237,59,
182,1,64,127,112,198,42,165,205,12,110,143,8,108,172,224,93,193,109,9,118,244,202,72,148,192,243,122,210,29,57,131,
164,226,82,193,228,41,121,198,39,60,246,8,71,204,213,8,84,207,247,54,152,161,247,115,17,57,61,201,214,22,162,250,
69,97,230,204,10,134,233,61,92,244,254,82,173,45,78,84,235,249,72,189,238,22,140,216,4,55,190,22,97,125,199,232,
38,131,6,53,100,194,215,53,146,6,52,107,196,18,113,203,2,111,183,15,212,111,220,77,27,185,24,219,57,157,24,64,
142,234,249,76,166,46,80,149,244,242,68,181,39,99,162,247,249,70,249,119,77,148,246,255,100,194,67,104,157,12,15,107,
204,60,96,172,5,34,120,208,67,107,161,87,84,167,20,65,173,247,10,95,184,16,137,188,175,80,89,188,253,155,195,199,
65,50,136,4,127,155,197,39,65,142,247,116,143,218,60,67,150,253,109,145,225,62,78,149,240,183,226,21,117,137,147,54,
190,195,234,100,144,230,15,162,237,242,85,104,252,98,128,238,54,155,82,231,29,211,251,23,156,165,192,60,183,223,30,163,
125,199,38,168,189,64,173,103,252,109,197,213,44,177,186,213,81,239,221,29,167,180,220,123,246,251,93,191,141,251,95,218,
2,100,183,160,225,124,201,44,107,170,214,44,85,232,16,79,177,221,241,138,215,58,121,184,228,63,104,251,35,98,196,240,
3,99,239,18,88,162,240,79,169,224,77,149,237,178,77,184,58,84,78,252,8,82,180,58,22,148,3,209,39,163,30,70,
109,207,19,70,170,72,53,175,209,13,99,153,79,84,123,221,33,119,219,51,67,154,31,237,91,179,42,78,137,230,249,57,
220,100,81,144,10,19,105,181,48,147,175,17,61,88,247,50,141,204,0,68,119,195,62,161,224,66,40,102,226,128,109,196,
26,69,155,209,135,140,179,21,89,175,19,107,123,210,87,37,147,218,81,176,252,35,44,154,254,121,137,200,101,75,161,40,
104,203,201,95,104,144,47,135,151,214,115,124,210,19,118,182,24,63,96,150,246,127,169,228,77,62,217,70,183,133,35,130,
69,218,62,163,203,45,108,93,179,82,146,186,249,150,100,210,13,201,254,51,81,124,255,103,226,197,55,170,166,5,92,183,
14,77,177,183,255,101,229,197,33,131,111,4,117,205,245,87,185,159,221,124,188,219,20,176,141,230,71,238,234,48,146,192,
234,86,205,29,48,153,163,29,85,215,1,99,153,168,248,136,215,6,63,204,174,11,112,15,13,79,173,225,11,114,237,62,
81,185,196,62,118,248,32,132,186,202,33,169,248,39,104,179,195,16,200,55,92,164,162,19,92,207,75,112,171,191,7,93,
171,38,113,141,215,224,113,154,21,61,183,222,255,56,144,74,127,155,253,41,127,192,35,134,138,227,230,118,174,44,81,188,
242,2,88,225,48,96,155,37,2,95,196,99,95,165,9,53,95,201,62,146,165,14,17,88,195,31,162,234,66,241,169,16,
127,165,239,5,77,163,241,143,148,246,29,38,148,27,150,190,194,95,69,114,243,81,186,10,95,113,186,247,126,201,13,101,
80,201,54,178,219,233,112,122,211,47,110,205,25,88,97,218,62,150,166,32,71,71,151,53,132,174,244,121,86,179,20,183,
179,249,92,137,179,30,154,172,242,84,62,243,84,137,240,47,123,167,218,97,161,201,32,165,174,4,45,227,232,254,180,177,
4,113,136,18,84,170,177,18,42,228,246,53,151,160,222,66,189,229,95,193,202,32,132,220,4,102,124,162,219,129,9,53,
116,157,178,43,148,5,15,113,220,230,61,112,16,57,123,218,167,52,165,253,37,135,233,207,13,172,236,11,68,224,189,23,
127,30,26,96,192,240,26,133,254,77,96,200,207,77,133,7,47,147,201,213,45,184,7,53,110,252,217,54,150,58,54,123,
218,12,54,155,23,105,124,222,240,105,161,32,73,117,222,234,52,236,101,144,191,229,229,138,241,26,132,208,54,63,80,214,
115,146,213,43,69,162,221,105,162,227,219,67,150,180,110,128,191,33,42,104,204,71,111,233,75,84,170,14,102,142,240,6,
80,179,13,68,173,244,90,48,149,35,108,123,241,96,70,156,35,158,163,202,103,53,130,224,149,145,210,59,103,145,251,112,
196,215,64,74,196,252,125,163,10,64,77,162,47,126,172,229,115,80,173,17,177,173,243,87,73,166,10,124,248,43,138,156,
142,84,210,238,43,152,85,234,78,155,219,2,124,133,219,98,221,5,33,131,140,226,105,152,221,255,105,188,15,115,243,213,
54,183,196,16,127,239,29,91,111,133,206,115,246,34,34,166,206,40,130,8,37,106,203,143,234,109,252,42,112,205,225,56,
139,7,212,114,209,148,41,141,218,26,70,192,201,31,166,33,73,101,199,208,38,173,220,32,67,228,237,45,121,12,52,91,
213,1,87,187,54,94,98,196,205,18,202,57,94,166,186,2,88,166,33,108,136,210,219,108,149,16,56,178,217,250,51,139,
69,109,150,224,1,87,163,54,129,192,34,43,129,170,37,77,123,250,230,123,201,68,108,171,245,254,84,184,110,150,213,55,
64,115,215,117,93,144,49,58,98,222,65,129,192,34,78,164,8,96,136,199,41,85,95,8,140,170,143,76,94,170,180,138,
187,240,248,91,188,209,152,195,246,86,106,116,23,124,164,6,45,113,164,8,131,147,13,76,73,138,238,121,160,223,64,73,
147,2,122,169,230,65,67,149,9,133,167,223,56,141,230,62,183,234,221,126,135,175,19,142,241,48,87,120,182,85,173,189,
252,153,127,213,45,230,16,242,154,172,5,23,209,203,34,108,176,227,106,170,234,17,139,148,13,78,236,217,36,122,126,225,
44,235,30,14,175,184,224,68,191,34,97,136,169,231,134,222,238,45,202,176,6,124,251,245,76,150,218,13,148,212,20,59,
181,190,55,120,22,8,115,181,169,54,108,255,15,137,200,244,15,139,238,46,109,242,216,81,122,238,75,92,214,199,88,153,
55,36,123,197,230,60,195,27,102,106,196,201,47,148,9,33,165,16,15,33,202,78,108,81,27,23,124,225,89,125,110,15,
24,88,188,90,95,134,232,44,71,171,38,137,141,7,243,61,169,91,131,172,14,58,109,185,52,151,155,253,6,151,192,83,
82,210,65,64,82,248,118,172,236,20,44,172,225,125,179,226,70,88,164,5,141,187,213,78,25,166,220,111,186,190,91,100,
127,251,94,158,0,39,31,196,43,84,187,7,70,114,200,9,108,172,211,112,62,140,231,163,216,13,43,115,214,23,146,221,
28,91,76,221,6,120,154,19,73,84,177,56,135,182,242,124,89,182,27,186,182,252,95,82,175,10,212,255,236,156,160,249,
26,118,249,65,153,72,250,109,225,254,78,165,180,9,31,217,211,18,175,125,14,114,202,21,49,182,132,218,121,176,15,78,
130,139,249,69,251,232,39,161,170,232,76,199,42,38,105,212,45,133,254,49,36,197,219,246,149,16,253,119,217,226,253,121,
249,9,131,153,191,248,155,0,16,103,236,186,16,140,42,47,110,243,193,14,115,207,86,146,174,5,92,197,236,83,159,198,
10,96,137,63,103,166,205,238,68,144,70,34,176,21,204,112,213,85,41,167,9,228,58,182,25,124,128,226,3,89,165,32,
72,194,216,53,127,224,100,62,207,36,60,147,244,107,69,202,39,59,152,238,36,145,217,49,224,152,255,110,148,222,244,60,
100,224,126,166,170,12,21,131,10,74,138,201,2,40,97,23,143,183,251,23,66,183,31,144,195,247,95,103,111,224,78,202,
246,105,103,187,46,99,173,11,113,112,209,42,171,210,173,100,63,173,52,175,156,219,61,94,215,0,147,187,209,80,60,200,
59,180,237,39,140,86,167,75,189,247,231,144,144,230,87,196,251,244,128,93,167,27,222,190,249,79,167,244,88,224,250,72,
100,153,190,3,221,2,251,172,172,2,115,224,23,16,145,174,10,117,235,30,94,175,185,202,74,169,225,30,135,123,37,125,
245,38,23,184,147,1,136,3,240,47,145,178,43,84,231,15,37,164,144,28,143,8,65,123,224,170,251,164,22,80,64,170,
251,9,105,216,16,151,177,182,0,116,55,24,79,168,246,85,175,208,90,156,242,249,90,114,44,84,160,223,232,97,138,5,
104,167,9,215,104,204,12,35,127,196,33,100,217,73,111,189,217,4,121,225,82,133,185,33,41,49,160,16,135,189,31,53,
125,240,37,116,204,41,61,63,173,30,78,153,242,1,79,148,113,156,207,47,67,77,240,107,125,188,6,74,125,201,127,108,
195,13,22,167,191,87,98,224,66,88,139,239,141,122,185,86,95,181,222,148,188,192,17,39,112,38,158,198,10,38,81,198,
46,159,210,6,110,118,104,46,172,200,5,114,47,196,40,176,157,244,86,71,216,60,148,188,227,128,137,164,32,155,171,217,
88,68,238,77,160,240,238,111,140,232,83,201,252,60,141,151,146,85,205,175,45,143,165,192,60,183,199,65,163,137,223,43,
225,9,13,135,144,206,33,184,196,20,115,126,196,124,235,16,88,86,199,26,126,254,224,50,198,207,23,131,243,37,113,166,
204,39,130,249,50,85,198,214,47,135,8,59,127,136,174,231,129,11,49,129,222,234,6,101,44,63,139,234,142,76,173,40,
85,78,195,254,84,170,45,74,147,2,211,86,179,60,91,143,2,239,84,191,61,89,158,11,25,22,151,245,83,161,1,27,
108,211,15,50,189,10,32,115,114,85,112,190,33,39,121,143,94,132,198,24,198,119,228,85,35,196,41,38,122,233,24,127,
190,10,54,105,181,107,88,175,52,26,147,188,55,95,217,239,21,78,1,128,99,215,66,78,152,4,60,101,133,73,85,159,
1,135,99,225,67,54,140,216,142,147,210,87,37,182,206,102,113,253,83,111,185,227,147,196,248,102,114,128,27,150,168,10,
73,58,203,244,135,210,238,115,65,151,251,177,141,217,46,63,175,64,191,231,225,116,145,232,61,195,188,46,60,148,237,255,
185,225,10,143,117,179,82,146,210,52,115,159,186,30,153,252,248,93,90,192,34,159,199,7,100,97,199,41,167,199,231,129,
183,17,117,171,4,87,186,180,21,74,248,204,40,109,181,11,89,247,252,35,192,142,252,131,219,38,42,140,149,38,40,5,
48,99,195,215,225,132,233,17,115,154,163,17,117,19,0,63,185,234,5,105,31,71,58,185,165,72,160,46,74,79,230,248,
67,179,49,17,156,249,1,94,186,42,85,161,185,220,95,199,66,37,157,4,10,91,192,41,110,162,4,12,39,130,76,119,
100,214,39,54,153,24,56,107,221,46,63,179,23,51,130,44,238,89,171,27,36,197,42,39,123,234,25,128,145,11,55,82,
182,108,89,176,250,62,89,213,56,155,218,1,15,79,208,46,170,228,30,79,100,239,131,166,240,232,83,172,4,125,176,163,
68,31,141,217,143,148,246,53,38,124,248,115,136,199,19,57,114,35,146,205,0,40,112,194,43,96,191,232,74,118,145,245,
136,176,18,57,66,176,55,119,159,25,123,56,152,242,172,212,253,95,80,225,34,157,232,236,137,82,156,63,186,239,243,109,
118,180,83,206,211,18,92,160,246,31,178,218,1,91,69,253,100,211,249,67,89,161,201,104,192,208,39,172,146,11,111,158,
227,5,185,191,21,126,179,253,91,193,192,33,122,251,34,19,128,126,19,73,220,39,43,141,209,236,104,203,46,50,172,157,
46,146,210,255,40,148,147,40,94,241,1,123,191,235,30,106,229,37,100,179,188,230,172,42,70,131,240,173,66,179,11,86,
149,212,221,27,151,250,58,97,254,228,93,117,13,24,141,254,5,108,203,73,50,108,14,14,118,139,66,111,183,213,8,50,
138,21,133,124,218,215,113,218,94,66,173,222,200,125,222,19,129,187,31,42,73,204,91,137,207,44,64,151,234,102,73,164,
234,3,87,189,57,80,227,57,63,158,180,110,163,191,68,77,128,228,71,135,174,40,25,170,235,137,101,193,6,97,180,24,
152,122,206,51,104,173,29,144,129,222,99,108,190,13,151,189,13,106,118,122,35,167,197,170,116,122,208,57,110,171,237,123,
115,213,49,103,172,206,83,95,225,52,187,219,227,131,143,229,69,150,241,228,125,88,233,42,141,205,47,110,154,240,20,131,
234,251,152,126,188,56,214,219,61,159,92,189,22,215,250,59,159,113,238,107,225,20,8,75,188,15,115,243,213,39,187,196,
12,120,232,26,102,155,193,28,119,238,39,74,187,203,36,124,253,48,116,125,163,220,118,0,38,118,211,223,246,85,28,47,
123,218,126,60,157,24,69,67,184,243,73,159,34,63,136,247,200,75,168,49,80,132,247,228,73,180,50,78,147,0,14,11,
140,234,72,150,246,16,97,200,4,39,178,255,21,104,103,74,101,179,22,28,110,132,69,104,178,27,22,17,208,84,114,87,
27,39,113,211,89,53,179,34,8,129,194,37,77,199,6,15,136,172,90,130,206,13,254,108,243,75,115,154,20,29,91,215,
58,157,173,5,13,105,193,72,111,173,249,65,164,229,131,136,175,17,85,136,236,138,114,228,70,92,143,219,110,185,213,55,
40,150,250,93,157,196,97,59,179,23,159,164,203,69,113,164,8,107,171,234,52,85,147,50,109,145,7,118,92,213,22,121,
161,27,90,99,220,255,174,214,34,97,82,192,71,159,199,238,104,113,175,43,142,241,237,75,98,183,32,157,150,47,156,86,
248,95,206,244,62,84,156,242,40,163,227,10,132,117,203,71,229,234,17,115,148,222,121,239,27,91,187,187,22,115,175,225,
28,135,146,228,72,196,230,30,119,204,37,125,246,41,28,189,176,6,82,229,245,76,150,159,13,101,197,237,42,210,228,61,
79,9,67,71,169,202,32,108,34,74,78,235,185,74,139,250,22,80,169,238,68,122,245,53,92,214,199,29,153,55,60,99,
197,230,19,187,65,26,152,228,237,43,167,10,74,113,211,244,62,196,41,81,120,242,227,81,157,24,88,124,222,24,110,164,
31,95,134,0,241,71,195,97,102,141,239,16,87,244,113,134,139,36,58,85,185,76,116,155,56,65,92,251,59,158,186,255,
59,158,199,66,130,193,11,79,165,206,132,113,235,42,19,96,9,141,171,166,77,95,171,181,140,195,251,82,108,183,33,155,
117,243,98,48,134,37,125,165,204,46,55,141,9,108,139,203,14,121,210,42,163,214,201,106,115,155,58,181,221,225,126,100,
186,6,129,152,244,57,110,200,10,154,231,31,146,138,226,87,195,248,207,144,150,166,88,212,1,236,141,150,190,93,216,0,
4,161,135,221,41,164,187,78,164,170,9,31,236,7,85,184,190,16,38,239,18,84,106,184,23,113,146,28,94,180,187,28,
52,238,0,63,161,146,35,100,223,42,46,168,153,241,90,189,2,36,201,215,38,155,222,18,116,219,218,18,153,34,75,139,
188,234,65,168,27,54,134,233,236,71,140,49,39,77,230,252,47,147,49,89,117,191,3,30,121,238,80,99,201,213,80,136,
10,47,150,204,220,47,187,10,57,114,197,213,43,112,74,111,104,9,252,82,182,25,124,152,250,38,65,189,32,74,142,216,
34,133,223,22,134,194,43,44,88,201,98,153,165,58,67,151,242,102,161,223,50,254,139,252,84,124,222,64,38,100,3,67,
98,155,55,20,109,212,117,113,183,26,71,113,215,89,164,183,31,34,164,220,94,136,176,25,34,111,240,107,118,9,105,117,
187,218,169,197,1,108,39,207,38,176,217,21,115,46,195,17,140,180,219,120,94,180,59,123,187,226,70,84,146,59,191,221,
194,134,146,220,62,196,160,30,128,115,236,45,144,243,247,113,157,208,87,151,191,254,155,88,203,18,220,8,2,153,171,4,
92,223,196,4,71,175,2,32,218,2,43,176,150,212,115,179,243,85,148,192,219,63,186,29,16,127,123,217,87,255,43,106,
135,193,26,125,11,0,114,128,216,49,67,206,62,53,144,144,2,74,214,251,65,142,235,53,155,31,249,138,223,247,78,175,
38,0,141,234,246,0,169,45,75,48,202,0,90,190,244,77,143,240,12,47,198,237,50,84,245,254,62,197,29,45,167,206,
239,104,169,71,52,115,213,25,13,217,71,126,190,29,34,42,176,88,132,195,224,1,122,227,84,90,184,45,234,65,134,92,
141,194,202,47,148,241,97,154,206,54,62,70,233,113,94,181,23,32,118,218,61,125,188,30,6,93,162,127,170,221,61,81,
91,254,121,139,237,44,29,174,215,106,181,209,86,36,122,222,148,112,204,17,105,195,226,146,195,5,91,108,127,228,64,202,
12,98,105,202,226,156,174,237,79,64,209,18,141,216,220,86,71,159,8,107,176,210,86,140,230,74,128,217,45,124,150,225,
67,205,209,33,148,159,139,78,198,168,38,114,123,209,29,211,216,23,156,106,216,36,161,206,245,152,174,250,26,221,2,72,
162,117,237,98,238,9,81,185,110,5,118,231,203,18,171,180,244,123,211,227,93,132,165,30,95,253,234,41,139,207,217,74,
184,232,65,208,221,51,82,254,59,103,218,216,44,159,231,66,45,222,234,243,103,42,10,66,164,164,22,94,233,15,83,183,
171,85,173,37,86,49,245,1,75,173,51,15,141,239,5,56,191,58,98,161,3,233,39,139,30,29,121,190,27,108,207,81,
113,165,10,32,44,208,72,119,174,230,252,112,227,43,134,197,37,37,116,235,101,126,128,25,47,98,198,100,140,168,242,54,
81,172,33,131,150,251,6,131,187,60,98,201,255,14,94,238,61,108,165,50,15,108,210,112,108,177,20,8,101,201,68,77,
235,74,13,162,6,142,147,245,87,96,182,26,114,130,193,59,27,142,242,80,198,0,101,34,199,46,87,190,253,108,82,203,
47,170,210,17,80,65,151,19,101,171,204,62,143,157,241,192,220,24,131,62,230,61,199,240,44,138,69,218,40,163,203,242,
143,117,203,82,146,210,249,93,107,181,13,170,255,66,164,104,239,104,208,9,61,157,181,183,96,228,2,231,164,182,2,12,
233,20,71,167,187,197,104,240,245,52,185,194,24,89,188,228,94,157,150,231,67,178,25,42,140,149,3,138,226,242,73,147,
139,254,69,226,55,122,220,160,14,149,21,51,98,209,240,59,157,39,3,67,134,199,74,178,45,16,128,247,237,84,173,38,
93,120,235,5,93,121,232,50,158,4,13,30,179,67,88,168,255,6,107,135,246,64,172,18,27,44,193,81,102,182,13,20,
121,170,88,44,136,205,21,120,185,52,127,190,32,6,68,168,94,99,146,239,240,58,221,42,82,145,11,55,106,182,73,89,
147,233,49,135,213,115,120,159,60,10,120,255,87,162,166,8,17,162,164,135,162,240,83,89,171,193,123,176,204,46,90,176,
20,108,124,187,88,62,132,227,86,114,240,36,45,131,255,157,162,201,67,52,99,34,166,196,169,103,127,206,39,179,208,21,
118,49,198,42,143,183,25,64,97,183,27,150,190,253,95,71,158,227,189,226,219,139,149,240,0,157,242,53,151,91,204,90,
171,248,10,157,153,248,79,145,186,240,166,163,246,99,144,10,60,173,183,10,106,151,5,63,172,188,4,35,227,20,73,81,
188,21,109,230,25,12,173,195,222,125,248,229,95,193,202,229,97,220,236,102,124,162,219,126,227,243,74,207,157,243,111,13,
18,81,214,164,241,86,178,57,117,150,237,68,173,212,59,135,174,242,72,113,39,79,142,181,214,44,120,46,10,157,243,249,
88,110,59,86,164,7,13,95,117,54,89,163,12,7,24,193,69,99,72,12,24,98,196,74,38,164,6,225,55,179,22,121,
125,223,0,86,162,29,69,191,225,222,115,169,36,76,163,40,14,76,200,43,66,158,227,14,145,249,116,87,171,63,69,155,
242,118,164,195,50,76,151,249,131,95,159,226,74,157,187,132,173,241,255,71,157,211,78,142,181,82,32,118,242,109,125,188,
30,98,108,36,147,184,0,20,111,184,43,167,204,7,27,106,187,42,172,198,192,103,121,197,207,172,215,10,106,126,136,43,
144,184,247,65,98,160,63,186,191,230,55,93,150,2,199,236,43,146,85,205,80,207,237,55,142,157,242,8,144,171,62,141,
167,242,84,222,192,33,162,175,251,106,218,8,70,99,113,230,94,223,14,72,181,191,4,105,137,16,76,104,176,240,84,207,
223,54,128,196,26,91,190,213,50,118,161,36,140,7,234,96,203,205,29,135,0,7,107,215,225,36,149,5,47,41,223,220,
47,156,179,19,132,234,243,4,129,33,70,128,227,218,81,166,44,12,130,228,191,21,145,244,87,91,189,222,52,128,251,35,
157,188,166,52,197,68,108,102,249,23,90,207,63,101,179,193,231,32,195,16,56,119,241,29,80,156,47,63,87,33,29,130,
231,95,131,116,42,49,138,222,254,129,201,33,208,128,239,27,143,209,39,46,143,167,97,137,178,252,5,115,215,58,157,220,
27,71,157,198,65,129,227,17,19,117,16,134,178,242,82,82,173,10,70,127,179,25,35,120,221,86,134,181,14,99,188,20,
141,192,179,84,106,133,1,100,140,203,69,78,164,8,166,159,195,37,44,200,53,179,137,7,118,68,178,22,145,220,224,90,
99,220,17,128,163,217,119,128,192,12,135,199,6,80,148,234,43,201,241,245,87,120,241,33,149,172,47,156,86,235,92,156,
220,3,101,110,220,64,187,227,69,120,163,6,47,194,210,17,115,148,234,78,201,20,21,119,177,7,85,184,224,55,153,138,
27,127,215,34,97,136,145,255,134,205,238,54,209,220,31,73,251,48,52,174,183,13,148,212,20,83,216,161,42,155,219,32,
95,193,237,8,132,255,74,70,159,237,76,166,221,74,146,234,153,81,184,39,77,151,173,245,75,153,55,60,99,0,206,60,
195,27,102,106,204,213,102,126,22,33,175,21,217,100,209,79,107,178,209,219,18,213,77,47,173,15,2,123,188,31,130,134,
0,44,95,230,38,78,141,42,231,74,161,36,102,210,56,65,82,231,118,162,211,58,60,108,3,42,161,227,243,12,170,198,
58,89,180,250,37,168,16,139,110,242,88,83,174,11,104,181,250,77,99,189,12,146,110,1,87,93,188,210,159,186,8,107,
113,195,217,168,206,16,98,38,193,46,159,109,228,115,128,214,245,161,221,32,116,130,209,15,189,145,237,50,122,208,30,188,
193,232,133,83,193,72,160,235,239,81,90,235,237,202,245,40,136,156,166,73,150,190,21,154,128,214,34,216,0,63,161,135,
221,65,147,216,250,126,180,14,114,168,231,79,182,193,20,107,195,10,92,114,124,179,118,238,208,78,130,139,249,128,216,0,
39,196,205,35,135,223,7,70,127,220,38,135,11,229,116,201,208,49,149,204,50,128,219,217,64,153,31,70,63,162,162,58,
157,43,25,95,227,253,72,185,31,90,138,175,185,6,175,51,81,85,174,252,91,181,214,96,162,248,255,96,120,50,90,131,
8,238,103,144,11,51,173,236,24,75,151,18,82,145,22,211,70,141,71,89,187,226,235,89,224,56,131,159,36,10,75,180,
30,125,201,8,17,138,238,70,86,208,247,247,71,229,52,96,160,41,6,95,194,103,99,163,4,57,99,201,75,150,169,17,
20,150,206,80,122,220,18,31,119,1,80,128,185,69,34,126,228,131,127,197,35,85,127,233,100,178,197,40,48,178,234,105,
148,248,46,62,148,29,108,154,219,97,62,154,254,159,155,224,66,113,155,5,126,206,225,74,83,148,255,122,131,33,128,67,
216,60,161,236,8,141,91,177,21,203,208,50,113,98,184,52,175,250,237,163,160,243,96,141,5,55,151,171,1,33,218,17,
73,160,186,5,111,233,203,11,100,192,26,112,240,17,35,145,189,28,115,220,22,98,200,192,35,61,185,216,92,199,198,225,
60,252,45,98,106,219,36,151,19,56,115,135,228,56,159,10,215,113,220,219,215,162,32,60,121,230,163,56,156,233,76,104,
178,187,17,141,43,83,87,197,185,77,192,52,81,161,248,7,92,122,246,21,160,5,2,86,197,244,91,132,206,239,69,204,
36,111,139,237,246,64,153,19,42,175,26,38,42,205,85,66,153,251,39,125,190,92,97,148,234,238,76,156,91,142,126,31,
18,80,204,71,146,174,51,25,111,211,66,85,203,23,8,118,218,120,125,223,30,39,125,194,68,108,165,18,24,100,196,76,
118,177,27,12,167,20,133,105,250,79,103,190,31,150,112,238,58,43,153,253,155,160,2,65,74,160,219,155,204,1,40,48,
135,204,161,212,196,114,126,200,42,176,140,10,108,71,216,60,148,188,30,93,137,188,8,190,195,2,76,85,171,27,212,180,
241,78,92,183,22,140,185,0,90,94,191,32,228,175,58,159,156,240,95,142,245,52,104,113,2,43,190,9,13,135,120,230,
50,173,213,32,117,110,10,119,245,203,73,171,134,244,64,187,227,58,191,141,251,95,253,234,100,163,172,246,78,196,227,94,
192,155,44,144,232,16,114,177,221,16,92,18,23,86,160,169,4,87,22,73,57,218,227,11,111,37,18,105,238,188,42,118,
9,25,88,186,207,71,171,248,32,154,193,226,91,132,23,39,126,200,209,39,133,52,92,109,10,19,70,170,72,77,175,238,
223,112,177,44,60,123,221,16,106,206,27,91,130,228,237,91,226,34,98,161,38,244,133,198,65,125,127,38,56,132,164,100,
149,202,210,19,150,254,121,92,204,55,57,168,243,127,153,198,59,76,164,13,121,175,155,26,6,183,29,37,133,241,87,96,
113,15,131,196,234,93,88,146,29,152,188,176,47,27,183,22,156,203,252,3,68,199,47,170,141,6,97,131,192,53,162,174,
20,118,123,186,60,174,210,16,46,84,141,55,173,224,38,122,40,216,71,93,231,41,127,134,231,255,185,225,45,143,93,179,
47,170,210,52,115,124,169,42,136,239,24,157,107,193,61,219,224,66,129,173,224,47,175,198,60,171,145,231,110,233,238,21,
178,128,205,43,224,220,31,130,178,220,67,189,15,34,133,141,15,71,196,243,85,139,155,238,122,201,248,56,190,155,248,93,
252,248,58,155,206,248,100,216,43,62,166,178,48,104,234,14,118,172,188,20,155,234,19,81,223,188,21,123,29,25,94,186,
239,25,133,253,76,95,199,202,76,132,6,46,146,200,215,42,183,6,49,114,251,216,52,154,57,53,123,223,209,46,146,238,
120,186,16,23,120,144,74,114,190,32,41,127,192,59,75,138,236,13,75,199,66,65,157,226,42,106,241,49,89,176,53,27,
148,213,115,120,162,9,1,142,255,87,127,225,67,41,103,6,70,101,158,58,23,113,214,120,116,182,23,74,116,217,83,167,
186,30,46,167,223,97,134,237,35,51,138,18,97,144,208,86,51,140,239,148,144,215,50,102,144,250,115,195,214,63,68,195,
251,125,167,9,63,73,158,46,125,167,237,114,79,172,10,176,172,241,77,130,172,22,141,223,242,91,93,223,23,149,191,37,
91,107,190,74,153,200,1,142,107,199,41,204,200,10,110,158,200,50,175,251,14,119,130,193,44,167,176,75,182,194,198,105,
206,25,29,127,136,246,90,189,32,31,117,189,19,97,220,236,102,165,209,236,139,203,11,74,148,140,43,148,193,50,120,203,
220,59,160,208,75,47,213,222,65,165,229,13,100,198,207,72,137,4,15,66,227,236,79,179,46,86,114,212,197,27,127,18,
34,121,219,187,110,126,240,92,166,163,11,94,124,75,120,174,5,209,94,194,39,79,118,19,249,114,155,81,62,149,247,232,
54,145,41,81,115,20,42,93,193,95,135,163,237,49,76,167,28,126,145,251,252,126,182,56,97,196,250,9,93,233,56,103,
166,45,10,102,199,107,103,172,8,61,103,210,79,154,173,21,24,96,203,61,166,242,74,15,183,14,145,187,255,82,48,149,
35,108,123,241,96,70,156,35,158,163,202,103,53,130,224,149,145,212,55,103,145,251,116,196,215,64,68,196,252,126,163,10,
64,80,168,47,126,172,233,115,80,169,12,177,173,244,79,131,173,23,144,224,243,92,97,224,24,154,196,236,85,94,171,99,
210,247,63,61,126,1,105,228,199,55,162,164,19,94,234,4,49,166,183,15,120,228,26,65,167,176,240,84,183,26,54,187,
137,26,67,214,254,37,179,127,242,57,8,46,112,194,112,33,142,255,205,103,210,209,205,147,17,45,106,215,148,41,95,218,
61,94,227,201,66,107,33,38,136,175,243,38,114,232,67,130,241,215,80,180,47,87,150,213,198,87,187,251,47,106,195,200,
42,143,4,25,151,203,212,101,166,68,73,171,210,22,73,208,16,115,143,217,221,102,202,82,87,185,27,36,122,222,54,70,
192,34,240,82,216,83,136,164,41,50,136,236,103,108,147,48,57,84,179,42,137,154,252,64,115,250,82,157,161,62,36,157,
198,124,129,168,4,65,151,8,96,171,234,76,85,171,236,79,178,241,24,25,107,223,86,127,190,248,91,188,209,152,195,246,
86,106,116,23,146,140,6,104,78,140,240,166,147,210,52,120,206,15,173,166,224,60,68,137,57,183,211,16,125,58,207,5,
152,168,34,73,82,227,71,135,175,238,80,113,199,78,154,186,253,92,104,165,82,202,172,243,85,149,235,33,215,255,27,101,
110,255,40,163,203,69,167,141,6,40,216,0,17,174,183,234,54,177,20,24,122,131,20,120,208,27,25,175,138,248,68,250,
231,38,195,204,231,75,198,238,69,167,211,231,128,205,13,52,209,159,245,148,15,252,59,157,166,20,120,22,0,84,181,177,
0,91,42,70,130,237,168,74,177,32,70,144,166,238,81,146,13,88,116,190,223,29,188,252,95,99,0,230,60,136,15,34,
159,16,18,93,210,66,112,174,202,212,33,209,79,107,168,21,210,103,157,83,64,127,249,37,64,188,31,130,193,0,44,130,
183,38,82,124,36,54,143,161,91,131,207,49,23,109,185,52,151,214,56,6,92,251,71,99,157,7,252,150,5,49,152,169,
70,20,106,230,132,113,200,18,86,172,237,139,179,195,16,80,120,23,87,127,214,91,41,151,227,153,193,221,98,107,127,239,
95,143,203,38,43,141,245,116,156,194,105,123,199,231,180,207,29,128,134,216,238,168,162,28,67,76,186,65,129,193,232,133,
142,193,72,195,159,35,142,141,168,11,135,166,42,147,163,235,10,220,245,53,154,156,173,101,222,9,56,85,162,3,24,216,
9,62,92,170,9,99,154,7,79,167,86,7,116,229,179,78,191,193,12,129,241,31,93,113,185,15,93,192,0,98,161,170,
0,135,223,42,46,203,177,42,74,198,207,109,204,143,7,152,23,63,57,213,215,70,145,34,60,95,232,241,67,92,43,71,
131,238,169,81,168,50,91,151,245,176,90,188,58,82,76,243,5,81,91,53,90,83,215,13,103,203,1,99,155,22,6,109,
195,34,113,176,14,0,116,207,70,109,104,30,27,110,219,8,130,180,37,47,130,226,15,125,183,36,52,124,155,91,140,193,
201,10,141,245,112,83,204,39,73,134,251,104,116,218,60,65,128,2,116,152,214,244,26,83,11,132,175,222,229,80,169,1,
122,173,160,65,28,138,238,105,180,243,26,35,180,204,100,111,244,81,101,194,24,56,198,248,88,108,194,226,155,210,10,97,
123,198,48,170,140,204,15,109,149,17,140,180,22,120,70,156,59,106,175,209,104,143,215,72,154,231,40,143,151,204,66,202,
246,40,132,143,174,56,206,252,41,144,118,245,76,200,250,50,147,88,239,96,209,181,66,165,179,181,78,231,1,77,134,180,
12,117,239,246,71,182,195,12,106,231,216,52,176,205,12,125,234,35,84,151,201,18,119,252,29,91,99,199,38,128,192,201,
103,198,137,30,84,231,15,78,211,220,247,91,17,237,128,214,220,59,64,16,34,132,230,239,10,134,36,76,139,178,211,41,
117,244,23,78,231,253,48,148,50,90,118,192,4,31,122,239,81,100,200,216,81,137,11,48,151,205,221,52,188,11,58,122,
0,223,56,152,62,58,124,224,16,58,164,25,109,128,234,240,109,165,38,72,179,233,249,79,216,39,85,145,28,249,86,187,
32,79,145,231,47,146,211,78,153,216,23,8,153,194,52,86,207,5,17,105,244,67,113,170,56,21,115,212,118,114,183,19,
72,114,221,88,165,184,32,38,165,223,93,129,235,33,48,136,16,95,142,200,84,49,142,237,146,142,213,47,100,142,249,112,
193,212,60,71,193,249,123,165,7,61,78,160,44,125,168,227,112,77,169,15,174,170,240,83,128,172,19,138,221,240,89,94,
221,21,151,188,35,89,105,193,72,153,196,255,140,105,198,43,202,198,13,103,156,198,49,170,249,12,117,124,249,49,179,216,
63,117,133,219,100,179,226,35,168,133,225,67,230,226,39,134,184,228,75,194,21,40,145,151,21,77,207,243,91,147,159,241,
128,207,254,56,196,161,254,95,2,254,67,160,212,3,109,234,54,73,178,181,54,110,239,21,124,180,192,18,161,240,24,95,
229,196,29,125,35,31,101,201,245,31,137,5,82,101,205,212,82,140,10,46,152,206,221,46,189,12,59,119,1,222,59,160,
63,59,129,228,17,61,164,27,110,129,233,238,110,166,39,73,180,234,250,76,217,42,85,144,29,250,87,188,91,87,157,1,
45,87,193,62,138,157,6,9,138,194,68,102,208,8,20,102,245,68,114,178,57,22,114,216,119,115,185,29,73,117,220,83,
166,185,35,40,166,222,96,133,236,34,51,129,215,89,132,183,88,110,161,5,163,203,231,49,117,144,235,96,194,213,58,66,
194,250,124,164,8,62,78,164,45,124,171,231,113,78,171,15,117,164,227,38,151,224,83,207,244,47,67,146,227,82,212,238,
210,143,161,237,247,209,246,239,159,169,4,20,206,3,31,129,173,200,103,167,207,38,112,104,18,106,226,19,4,184,180,25,
126,246,26,11,179,183,24,131,240,211,87,194,193,189,131,1,29,90,199,132,25,125,5,45,49,147,180,10,110,12,17,80,
137,175,232,139,240,59,63,161,199,64,129,31,36,134,197,185,20,103,25,78,106,204,248,78,143,242,85,89,178,181,69,125,
252,37,139,193,205,34,176,255,40,102,244,209,41,148,50,46,116,211,4,46,153,21,97,116,221,231,97,153,23,62,167,221,
238,61,204,27,73,134,16,237,74,170,78,74,144,244,32,74,175,41,125,144,245,0,125,181,54,88,195,249,10,93,232,55,
101,158,44,9,102,202,106,102,171,10,60,102,205,74,153,172,20,31,153,209,83,125,165,14,23,78,17,137,107,254,101,101,
176,215,137,177,253,95,45,131,255,122,162,4,67,76,130,221,182,157,191,96,118,169,13,171,211,239,57,125,152,243,104,202,
221,71,72,202,2,132,173,16,70,85,169,53,132,179,242,121,86,178,19,183,179,248,84,137,179,30,155,230,249,97,100,172,
23,137,0,66,82,169,0,105,144,0,56,179,163,10,96,177,232,81,129,113,254,111,199,239,81,179,153,215,118,182,213,14,
170,135,225,70,232,228,41,137,186,228,79,197,23,42,147,153,23,79,209,251,93,147,162,246,130,209,252,58,198,163,1,94,
4,0,69,170,219,5,112,231,56,75,180,191,254,105,228,3,150,236,242,81,103,52,79,157,0,6,88,110,47,82,156,5,
0,17,186,62,92,65,5,17,91,189,67,31,157,233,21,72,172,39,55,142,19,225,79,179,81,121,184,223,215,74,145,84,
117,205,22,48,120,166,57,132,204,33,24,128,241,112,135,211,205,53,136,166,117,162,216,47,251,136,214,116,121,184,26,11,
121,0,64,128,191,68,77,163,204,63,94,251,28,8,157,14,102,142,240,82,56,118,21,85,116,173,73,38,130,229,135,131,
202,36,89,131,238,101,182,201,49,54,182,238,112,154,252,50,65,153,33,112,159,219,101,66,159,255,105,152,206,132,129,212,
65,110,232,26,139,149,232,72,117,227,29,138,154,226,1,193,242,39,47,154,243,75,196,247,234,139,102,188,32,214,219,61,
159,168,219,63,162,226,68,90,128,185,109,219,1,75,173,114,6,121,237,10,90,177,192,21,51,175,184,76,187,161,247,126,
190,33,37,135,168,230,65,243,5,103,166,175,5,81,228,47,51,173,182,47,147,14,251,53,139,218,63,156,12,69,126,230,
238,254,173,26,73,130,170,167,11,111,234,13,45,238,244,4,138,50,94,157,186,253,76,201,43,100,149,220,9,95,203,63,
94,88,251,17,93,125,26,111,178,20,216,95,204,64,129,167,26,21,89,208,83,125,193,20,43,105,229,82,129,186,19,223,
137,225,89,138,101,47,43,144,245,109,145,108,41,59,135,145,107,144,137,243,252,82,182,65,101,168,7,5,105,201,72,109,
160,254,20,97,217,84,111,167,0,88,177,195,70,110,173,31,36,126,223,79,133,192,38,44,118,214,94,125,208,50,47,125,
225,83,207,2,97,115,123,35,169,130,13,114,111,195,50,97,200,217,118,127,154,254,145,185,224,125,75,185,5,128,168,243,
147,87,169,7,135,175,233,80,90,176,14,143,183,251,163,79,241,88,199,237,55,77,149,213,57,215,255,3,125,169,196,99,
222,203,34,108,141,215,46,153,7,79,180,107,0,113,236,20,83,122,190,217,85,243,27,90,141,138,219,54,237,231,97,195,
145,231,99,222,238,104,143,176,238,82,205,228,103,212,142,35,113,236,55,118,157,190,55,96,22,67,71,193,178,32,120,21,
39,102,235,244,15,139,41,22,144,242,192,46,122,13,23,138,190,2,88,129,252,60,123,197,9,36,160,3,43,106,246,3,
102,202,69,109,113,14,220,74,209,76,116,164,201,23,118,208,7,116,188,20,217,116,223,97,123,117,27,47,54,230,100,128,
189,42,231,124,237,45,109,148,49,23,144,185,111,116,179,56,18,83,183,64,101,168,8,18,92,205,68,108,168,18,12,94,
207,74,115,168,1,86,175,7,128,179,166,71,80,120,244,87,127,190,56,41,127,30,94,146,15,115,31,187,40,166,124,250,
105,55,200,44,108,172,14,77,86,148,248,127,155,213,68,52,206,61,105,208,15,67,100,162,6,129,193,232,74,142,169,55,
182,235,239,140,149,176,44,202,207,14,88,97,227,39,141,236,56,95,163,249,34,181,0,28,126,111,197,34,210,7,11,168,
177,204,72,230,235,42,116,125,203,43,179,219,27,106,184,23,113,168,21,93,181,122,21,130,243,193,90,199,129,35,138,249,
31,105,127,199,29,83,206,14,53,151,184,246,114,16,56,60,170,168,252,97,225,248,131,232,229,57,168,215,62,125,177,210,
40,140,7,23,110,208,193,82,123,14,54,105,193,206,35,130,236,93,153,181,198,28,183,50,44,107,229,214,44,168,11,75,
173,15,221,44,197,64,58,121,243,228,58,182,25,89,187,29,235,59,211,78,72,159,1,10,96,172,63,103,142,43,249,103,
203,39,132,195,247,24,110,210,77,93,180,22,7,152,193,84,124,155,18,26,99,192,50,174,225,64,82,90,2,136,97,236,
81,78,162,17,64,167,243,26,59,145,245,147,152,250,57,54,119,219,97,136,205,41,54,128,241,101,147,207,50,48,130,249,
109,152,204,37,122,211,43,164,215,202,107,94,156,24,123,187,250,127,101,163,31,142,244,53,58,137,232,79,120,223,8,82,
150,201,80,144,208,247,148,98,243,28,210,215,22,120,117,191,30,163,181,56,165,95,244,66,165,229,12,134,143,8,73,172,
236,61,163,150,212,115,203,22,26,148,133,22,63,245,226,92,155,164,250,114,205,224,86,162,147,36,101,3,240,71,145,213,
240,143,207,50,78,176,185,240,137,238,254,120,183,227,254,127,226,69,73,230,180,69,134,1,41,72,166,194,17,120,223,76,
148,236,177,76,185,42,14,146,251,11,83,114,68,93,157,2,4,21,205,70,113,160,189,10,107,128,64,113,166,196,18,113,
203,2,111,183,15,190,124,211,93,134,194,32,219,112,190,92,97,160,2,243,97,232,40,104,167,44,53,139,180,38,153,202,
51,54,82,170,51,91,154,247,225,146,255,112,93,125,58,76,152,193,29,125,233,79,88,105,7,123,188,226,85,80,138,21,
144,180,168,39,19,168,222,89,129,251,58,102,188,32,120,160,199,65,109,97,45,155,210,18,113,118,126,33,110,150,213,114,
88,209,53,176,181,244,62,95,216,218,176,225,22,30,129,226,247,190,233,28,124,144,154,61,184,202,9,107,151,178,81,204,
244,248,90,99,209,41,219,254,65,164,171,248,97,213,190,11,101,117,198,46,173,214,14,103,103,9,112,223,5,79,101,173,
3,116,239,23,86,125,158,23,123,187,227,34,156,153,212,56,177,31,103,204,131,24,102,201,44,107,205,179,241,144,208,4,
55,148,148,38,138,239,23,86,219,169,63,163,30,11,74,172,205,250,162,40,1,127,225,247,77,177,44,25,112,245,254,25,
125,248,56,107,239,248,91,191,58,98,102,224,12,98,139,6,46,133,204,213,92,192,37,77,140,17,223,112,212,79,60,123,
221,254,69,226,95,116,121,18,5,67,226,93,133,161,235,47,74,169,87,105,144,45,54,140,205,48,147,151,241,241,140,249,
106,78,210,61,60,56,251,115,85,156,254,7,93,205,75,112,172,7,26,115,212,76,108,167,22,22,128,228,82,115,169,90,
102,106,214,81,121,196,41,47,130,223,100,143,203,42,43,125,238,96,156,219,49,50,136,227,178,206,10,117,48,202,57,101,
217,27,113,120,217,241,171,189,252,70,103,224,68,191,172,235,77,145,231,40,151,170,233,85,97,187,28,151,179,255,90,100,
188,22,141,200,0,98,99,176,96,222,250,55,164,97,246,90,226,10,14,136,180,231,75,198,17,21,178,140,32,134,164,18,
90,191,118,11,111,188,31,59,133,201,31,72,195,38,42,164,173,247,79,197,244,32,198,218,225,132,255,52,115,154,187,52,
117,240,24,122,161,234,47,151,18,12,134,197,182,71,171,235,19,141,180,213,43,163,254,17,135,233,196,85,150,249,92,155,
194,203,92,133,24,64,96,247,0,40,199,31,47,169,11,217,47,206,14,78,141,207,212,61,154,21,44,176,27,26,44,213,
89,119,114,25,41,134,220,18,126,200,219,48,137,225,90,141,128,33,42,141,182,73,113,211,250,3,113,189,115,108,226,63,
76,163,5,119,164,220,255,20,100,207,70,109,180,18,28,102,193,136,179,230,70,90,100,7,84,124,246,53,62,148,27,115,
155,194,36,69,155,231,157,150,186,28,35,191,44,170,128,254,109,59,169,245,171,152,215,81,90,164,252,114,145,12,110,132,
159,27,150,225,229,71,104,166,69,116,224,42,61,133,173,17,199,204,11,109,153,204,48,147,187,18,116,101,246,43,200,194,
1,158,132,218,62,220,225,32,106,115,225,69,168,11,12,110,168,254,111,175,239,46,179,129,215,83,182,25,38,193,204,15,
57,235,32,36,158,143,32,73,196,4,67,136,196,39,80,227,243,109,148,157,11,111,202,233,109,216,215,233,146,22,52,47,
219,237,57,67,32,75,126,222,242,252,166,48,81,133,248,246,82,181,226,73,149,188,197,86,127,250,93,121,195,228,93,134,
248,33,65,5,17,91,189,67,31,157,255,218,107,172,39,55,142,216,28,55,179,81,86,125,247,215,74,145,75,93,191,230,
239,93,228,60,135,163,40,14,79,184,34,129,205,12,21,142,242,74,90,212,251,251,75,233,56,100,164,45,10,99,199,107,
103,167,8,61,103,206,72,154,173,21,30,154,210,83,123,224,22,36,117,5,84,131,191,73,38,131,231,135,131,201,37,89,
131,237,101,182,201,44,52,182,238,107,153,252,50,66,153,33,112,159,215,101,66,155,255,163,159,228,72,117,159,9,130,210,
229,78,81,210,10,139,176,24,78,90,175,61,140,186,249,129,94,186,30,191,187,253,93,145,187,38,161,238,1,106,112,238,
38,168,206,250,99,108,163,102,222,192,62,160,123,12,77,200,216,47,121,189,216,84,242,247,30,152,120,34,122,242,35,20,
198,194,22,133,0,228,97,210,212,31,148,4,50,112,140,150,227,153,8,4,82,217,234,57,153,14,36,122,233,246,59,172,
221,6,60,227,245,65,106,220,73,145,233,152,77,174,227,74,91,189,198,87,128,251,35,98,255,229,94,135,2,101,105,186,
4,103,193,248,69,166,8,253,116,197,83,108,116,236,35,118,219,44,119,178,27,28,83,217,84,53,200,30,36,131,153,100,
127,188,41,50,68,197,98,138,181,56,46,151,236,48,110,219,58,68,112,247,110,157,212,23,66,152,190,48,157,229,61,236,
157,10,123,73,226,79,9,171,18,129,167,241,7,79,178,243,145,126,213,90,64,185,226,152,157,220,62,71,133,245,100,139,
207,51,37,199,46,157,195,13,35,107,206,247,138,154,217,83,92,154,22,145,173,226,74,74,144,61,181,151,222,64,128,227,
36,194,175,6,139,113,234,19,201,206,13,111,120,182,19,195,248,20,153,103,213,92,180,255,3,160,134,220,64,187,203,4,
154,176,203,71,170,210,41,139,124,234,78,170,7,83,122,155,217,61,208,248,31,153,162,216,81,203,230,30,119,212,30,127,
3,221,104,205,202,30,141,188,35,98,209,159,13,89,212,252,83,216,190,8,87,16,76,132,219,245,64,170,36,6,70,159,
244,77,165,30,81,68,229,251,81,181,13,29,116,249,2,88,129,55,95,99,221,218,43,137,242,96,168,13,196,89,143,34,
74,113,211,23,109,174,41,57,144,218,239,57,152,24,64,110,20,40,47,210,90,130,193,0,241,95,230,97,137,141,42,51,
78,202,57,76,194,49,58,144,209,52,116,214,56,65,92,251,118,99,186,253,13,98,193,66,98,157,14,25,105,214,56,165,
237,69,10,178,9,147,188,248,86,17,166,23,146,186,214,32,65,186,30,153,134,0,98,48,158,217,153,202,255,38,46,133,
224,160,207,21,105,45,218,47,171,214,14,43,136,220,67,174,145,20,129,59,214,67,180,152,28,135,134,152,65,197,227,200,
132,152,159,79,205,233,38,147,80,229,73,209,214,56,95,104,249,58,216,0,16,176,187,180,94,226,13,250,155,164,228,107,
230,211,77,175,184,14,114,237,242,25,147,132,230,62,180,228,15,181,201,208,115,238,35,63,196,146,232,135,223,42,105,186,
199,29,107,9,49,53,210,219,49,149,16,56,84,158,191,253,141,237,75,139,235,235,70,163,229,66,134,225,251,7,107,29,
69,110,243,252,23,182,49,89,152,250,3,54,130,21,37,93,199,211,29,125,4,47,108,199,214,36,127,63,112,165,195,17,
112,202,235,117,183,13,20,117,141,78,133,189,20,46,121,227,93,55,181,23,242,131,196,39,103,142,8,17,103,238,105,86,
149,238,248,47,245,115,143,204,57,246,139,239,60,159,187,29,14,124,200,126,107,194,71,45,107,231,57,126,160,65,52,173,
214,81,145,243,50,94,145,24,112,131,199,24,88,187,252,119,194,1,64,49,194,235,93,127,248,46,59,146,29,108,151,214,
97,62,149,248,159,155,222,67,113,155,6,129,206,225,73,76,206,6,135,177,20,74,90,170,57,136,184,241,125,90,182,24,
187,183,252,88,141,183,34,157,234,253,96,104,234,34,159,205,48,102,118,205,85,164,211,11,153,118,208,51,215,211,26,116,
169,211,62,185,6,25,129,134,6,62,191,232,76,130,145,225,113,192,239,47,181,146,238,80,185,232,39,106,213,46,134,255,
50,37,198,220,50,91,238,57,61,183,192,22,162,226,10,56,183,163,43,144,242,38,136,239,238,38,173,49,90,154,203,249,
80,183,42,22,140,251,225,55,190,57,62,101,2,208,29,123,48,44,110,206,2,44,150,11,95,114,219,230,95,151,24,58,
107,212,221,42,207,87,117,112,4,14,63,185,81,140,184,243,8,129,234,91,101,199,50,60,147,198,102,143,209,43,248,133,
246,78,118,216,58,32,94,253,61,92,149,49,14,104,207,111,107,177,19,65,107,213,74,158,177,25,36,158,214,88,122,228,
26,42,129,207,81,121,175,82,104,180,212,161,188,7,109,106,201,32,94,176,240,45,76,191,54,158,147,248,120,112,206,53,
183,149,181,121,133,207,49,183,147,17,69,102,223,67,131,230,234,76,109,195,15,138,178,44,142,75,190,5,206,241,51,51,
162,235,77,211,251,246,150,174,253,86,226,255,68,165,104,191,26,212,206,37,170,179,206,109,173,213,44,142,127,213,57,239,
23,10,137,117,10,110,211,251,34,156,141,227,71,253,234,43,143,131,26,139,252,224,82,194,224,37,113,14,43,123,212,214,
245,114,11,66,45,208,230,55,87,5,59,143,224,209,73,162,46,77,133,176,210,70,185,232,17,71,238,0,76,117,209,88,
148,176,7,94,199,238,85,148,200,12,63,163,6,70,109,10,216,70,205,37,53,140,197,29,118,136,81,122,190,204,20,119,
219,27,91,189,228,5,91,191,93,74,137,218,50,139,157,102,143,211,225,41,81,205,107,147,151,52,2,88,212,79,95,158,
0,68,154,178,129,157,217,68,255,167,254,136,177,237,75,6,161,14,127,77,238,83,80,164,19,66,169,210,87,96,123,223,
114,154,252,94,68,130,254,121,196,200,25,63,120,48,166,205,19,109,107,196,53,102,217,6,125,117,148,23,180,219,17,135,
64,141,64,190,148,227,141,78,126,68,194,222,27,136,69,218,75,139,238,10,143,152,179,23,146,245,249,91,124,210,89,153,
176,12,81,173,241,106,212,197,42,170,162,0,103,191,12,83,164,182,18,113,239,30,4,181,193,197,132,1,182,81,188,200,
204,111,212,31,35,133,142,252,96,195,38,37,123,195,235,138,5,242,73,206,156,242,86,209,52,80,137,219,54,76,23,48,
119,226,241,252,140,37,60,131,232,248,31,160,46,67,79,199,245,84,171,36,93,151,252,12,9,188,58,16,142,253,6,33,
157,59,40,127,225,234,99,140,7,39,93,3,23,8,203,67,37,184,31,31,106,145,67,61,183,25,231,85,220,28,68,131,
229,41,92,160,18,87,150,219,35,134,199,66,141,204,11,252,141,182,40,74,195,249,9,97,232,55,101,158,44,9,101,196,
106,102,172,8,60,102,208,73,95,165,254,72,171,5,60,184,177,68,87,168,200,132,185,238,12,99,186,35,74,177,253,36,
104,155,34,157,138,201,43,111,138,238,129,169,11,50,101,212,242,158,208,10,101,49,219,51,171,220,183,123,135,209,51,185,
149,19,95,139,166,69,157,232,4,102,111,156,29,123,247,49,146,162,240,73,199,252,241,159,98,218,96,210,244,53,91,91,
0,103,144,5,56,173,170,198,100,236,6,67,74,178,5,35,221,239,81,179,129,215,83,206,25,88,151,136,246,90,248,229,
19,147,155,212,119,220,39,43,200,174,39,104,227,11,33,215,212,39,148,171,57,107,203,223,53,85,14,69,125,217,243,62,
168,34,4,68,157,248,66,122,4,81,152,243,248,72,154,39,92,159,240,6,18,194,247,80,153,246,196,17,186,62,92,96,
163,22,89,207,66,45,181,1,18,115,139,14,52,119,220,217,16,207,83,113,86,19,37,113,123,88,131,182,22,42,52,215,
82,76,139,237,49,135,235,102,83,205,244,253,107,242,50,149,148,41,4,114,249,116,156,160,2,35,156,221,88,104,226,33,
30,107,203,66,114,181,15,8,157,1,78,118,181,82,91,177,21,85,184,188,30,63,184,225,151,127,241,37,70,191,35,158,
139,202,68,112,163,7,106,205,233,63,106,146,14,172,212,19,58,67,177,56,144,184,223,124,98,155,251,173,213,230,72,81,
226,70,193,233,237,138,88,174,42,200,181,47,80,141,181,49,207,247,54,93,102,212,91,179,219,2,159,133,187,27,166,203,
15,111,77,254,107,220,170,72,167,106,200,44,167,207,30,127,137,216,53,190,229,37,128,129,211,68,182,242,49,134,136,213,
136,6,220,35,133,142,244,87,211,244,44,156,164,251,88,203,239,59,148,177,7,95,210,250,53,235,232,59,168,213,73,139,
225,232,73,97,27,21,108,182,250,21,180,47,52,115,213,198,87,152,54,35,106,204,217,26,188,70,103,155,14,12,104,203,
0,41,95,13,25,99,197,75,39,165,7,29,56,156,82,87,150,248,36,122,222,30,75,145,237,247,53,223,99,142,123,28,
37,136,201,68,143,206,245,57,108,243,51,91,154,252,64,103,191,53,98,161,242,63,160,181,111,151,227,10,19,164,229,96,
136,234,76,85,112,217,91,110,228,70,92,119,219,145,150,213,55,99,185,29,93,138,189,38,48,127,238,103,132,191,48,62,
145,244,90,199,15,103,44,212,43,181,222,26,120,51,200,44,180,161,224,125,99,185,29,187,227,34,73,87,151,64,196,226,
230,71,81,158,71,201,248,41,70,147,244,9,208,251,46,142,162,172,79,202,220,3,125,169,255,40,187,227,34,167,176,203,
106,170,13,41,127,115,201,60,181,217,25,127,124,219,60,187,227,23,117,145,228,73,183,214,97,198,195,23,134,181,28,91,
143,211,6,106,229,245,52,150,159,245,148,15,8,133,233,149,49,158,28,247,117,215,202,8,167,34,39,137,176,185,39,174,
41,46,144,207,192,46,127,248,41,92,185,207,12,180,58,19,145,243,206,95,160,27,67,106,204,213,43,143,69,109,155,1,
10,74,150,76,116,144,21,227,57,181,83,123,151,28,2,64,188,36,74,178,244,232,117,217,62,78,200,42,16,137,178,45,
109,207,49,23,144,209,52,116,160,0,255,138,238,83,99,221,63,37,158,199,66,130,228,70,44,165,230,73,137,181,21,19,
101,220,84,125,166,77,95,171,203,139,188,241,15,93,188,22,55,186,2,90,9,185,40,84,200,10,96,103,200,224,154,172,
235,77,86,172,16,139,214,242,119,93,155,58,122,221,237,72,83,161,7,112,228,38,124,131,228,252,182,176,42,81,114,200,
79,143,183,14,88,156,183,27,162,190,0,95,112,173,90,210,180,251,93,157,221,65,188,228,35,133,142,7,72,230,235,18,
175,125,14,48,224,242,49,147,156,242,86,209,28,56,189,163,225,128,192,35,33,183,146,35,76,223,7,105,144,153,7,83,
9,246,53,144,206,246,149,213,21,84,217,167,253,121,225,68,72,170,171,22,121,231,8,62,244,241,68,177,222,74,148,167,
252,85,173,38,89,76,237,246,89,130,21,37,159,198,10,61,161,28,103,166,205,226,118,220,250,104,176,21,204,97,197,42,
58,145,243,252,117,158,25,89,152,250,235,89,177,32,67,138,216,37,134,155,85,125,201,240,17,79,238,46,145,173,15,24,
145,245,53,135,202,44,31,93,217,84,124,222,5,14,124,224,91,107,194,56,33,173,18,139,170,238,73,25,164,13,129,186,
175,17,81,167,245,88,152,215,57,101,128,228,119,159,222,40,73,128,236,103,134,193,47,64,146,236,112,148,204,37,115,210,
44,99,208,24,112,53,208,59,189,215,209,138,132,219,66,182,153,44,140,152,222,253,188,239,223,134,152,228,4,196,245,42,
72,150,245,79,112,242,60,79,164,253,85,206,1,244,149,112,1,42,224,8,71,110,119,229,73,196,15,31,118,131,212,39,
238,25,76,172,192,202,109,232,226,92,190,199,250,70,252,233,40,138,147,233,89,202,240,54,151,137,40,137,190,238,45,198,
161,50,91,17,57,120,159,168,22,127,250,69,66,217,180,69,110,36,76,139,178,187,41,141,8,83,81,231,240,24,183,50,
90,118,192,4,31,131,254,38,101,192,254,84,138,64,104,167,230,215,104,145,12,52,115,213,214,65,164,18,51,105,31,28,
111,220,9,117,191,210,39,128,216,81,132,119,24,46,132,232,40,139,202,241,18,80,180,71,87,174,4,75,163,170,107,156,
222,238,54,94,253,61,160,223,30,74,125,225,68,108,195,13,22,108,232,87,115,173,23,12,166,21,65,168,244,86,95,122,
25,148,129,216,34,43,153,229,120,178,245,41,109,136,39,162,167,9,72,81,143,243,134,150,213,55,88,194,6,183,224,29,
118,132,211,254,174,219,19,134,69,155,54,131,230,234,135,144,195,74,162,202,241,83,116,178,22,145,209,241,91,103,177,17,
152,195,1,91,108,198,28,142,251,67,155,96,251,104,217,189,65,170,186,2,33,243,12,76,177,179,196,124,245,32,79,108,
185,26,47,239,32,85,115,193,32,122,177,30,102,190,109,37,140,251,33,107,129,208,53,146,2,59,111,215,223,231,138,5,
23,62,160,169,28,128,30,70,98,172,205,11,170,37,77,140,170,234,64,142,44,49,88,186,254,84,125,16,91,87,154,248,
78,132,23,98,126,3,12,98,139,65,46,112,211,199,58,129,59,99,140,17,247,53,153,79,119,123,245,33,21,216,80,50,
176,18,5,126,191,34,74,196,38,244,98,233,24,148,199,38,56,42,244,98,136,210,52,249,141,0,116,145,225,56,71,156,
186,54,63,224,69,66,150,5,52,155,218,73,23,133,233,135,116,203,45,54,140,223,83,106,198,11,83,147,26,90,130,217,
94,68,189,254,156,161,203,50,42,183,40,128,168,10,108,82,144,47,111,142,199,99,64,154,255,161,157,223,64,115,157,2,
124,208,227,73,83,208,8,137,179,22,76,91,177,59,138,182,247,127,92,186,26,189,185,255,93,143,185,35,154,236,255,98,
106,236,36,163,204,50,104,119,203,87,166,212,18,155,120,213,57,217,213,26,122,171,213,64,188,8,27,131,141,206,57,180,
189,91,186,125,18,118,254,235,66,164,208,235,103,226,10,73,154,156,225,134,14,44,39,208,215,60,143,22,61,124,213,225,
72,161,34,73,141,156,249,67,164,40,236,135,242,254,2,165,10,85,89,187,196,50,150,249,92,91,177,249,79,157,0,99,
162,225,234,64,164,31,71,134,11,241,30,203,75,37,173,22,16,110,219,87,52,178,18,42,111,223,89,129,183,23,49,124,
230,96,141,129,45,45,129,209,114,143,195,240,26,143,200,108,145,204,55,70,109,2,108,157,226,249,2,79,247,125,64,229,
58,65,162,6,61,163,241,76,74,177,10,139,178,171,14,14,167,23,145,185,196,48,94,190,18,153,192,255,88,95,198,222,
90,121,253,104,103,130,199,157,206,3,11,111,206,40,73,204,20,108,58,113,48,180,210,183,116,134,210,220,189,216,21,130,
139,157,63,201,234,30,145,143,235,78,131,172,226,141,147,163,70,193,246,53,151,125,246,90,154,194,25,158,108,194,62,144,
12,63,158,176,184,91,227,11,15,137,122,11,52,199,215,22,144,188,215,50,174,205,81,188,187,205,118,250,24,28,95,206,
23,121,255,39,34,194,218,41,130,14,43,112,209,148,235,70,10,47,40,201,210,250,118,20,25,123,226,235,6,165,229,16,
80,157,250,68,165,41,3,129,227,214,20,120,243,51,114,247,0,51,127,18,34,156,254,7,93,125,68,106,172,254,203,24,
193,69,99,94,5,23,99,140,232,114,180,10,17,114,138,75,130,186,17,43,118,224,90,52,178,20,7,93,193,95,76,163,
237,14,100,235,67,107,205,244,252,74,175,11,149,215,45,52,149,173,103,156,160,61,35,97,221,123,163,226,9,77,128,7,
54,123,157,62,49,170,211,78,142,240,47,91,142,21,109,128,196,21,85,184,249,116,191,254,61,46,191,232,90,124,245,43,
56,143,26,105,148,210,94,59,146,245,156,152,219,60,110,152,2,123,203,222,71,82,203,3,130,172,17,71,86,166,54,133,
180,245,122,87,179,19,184,180,249,92,138,180,30,151,231,250,99,102,231,31,155,194,45,99,112,200,82,161,207,12,150,115,
208,46,212,208,22,114,166,208,56,178,3,22,126,133,3,59,189,231,15,120,129,184,123,243,213,98,197,211,213,120,0,237,
103,166,151,5,140,7,47,51,208,182,47,71,17,60,41,217,227,62,78,8,48,94,192,177,31,107,230,14,136,175,186,18,
97,48,76,136,243,174,86,173,55,96,156,250,181,80,189,46,252,157,2,255,83,194,241,88,105,227,15,101,142,68,49,112,
234,243,49,149,16,115,178,200,238,39,217,79,122,87,31,27,111,222,89,61,186,43,45,120,237,93,139,201,229,239,60,223,
44,108,206,48,254,143,184,51,115,178,252,5,91,250,117,81,173,242,46,146,11,117,133,230,61,87,164,1,69,134,227,84,
9,160,17,130,102,216,72,102,171,247,148,177,1,90,92,123,248,145,200,187,30,30,185,38,151,132,164,104,116,190,32,166,
130,0,111,61,206,15,173,213,217,59,68,213,254,121,185,248,125,75,144,17,111,214,231,97,141,227,12,194,175,238,104,113,
175,19,142,241,48,70,144,243,77,132,255,44,163,155,186,57,217,9,55,162,177,2,105,235,164,66,161,100,14,119,233,6,
8,161,183,210,113,201,20,83,122,131,217,120,184,224,55,153,197,224,60,174,52,50,119,191,34,99,222,41,104,167,152,41,
82,196,230,95,149,165,253,132,211,1,58,200,165,1,96,6,7,77,169,221,7,113,234,0,70,159,252,70,167,43,5,150,
235,3,90,187,50,12,144,251,250,246,182,58,101,82,243,230,95,160,3,102,106,228,16,102,167,69,45,96,1,10,109,209,
41,81,179,242,251,81,181,48,64,151,249,37,88,147,87,132,117,39,33,127,236,104,69,187,42,248,137,202,104,144,148,246,
255,144,185,52,116,179,56,6,84,175,110,161,123,60,66,82,10,138,169,221,2,66,152,9,132,137,200,77,51,137,237,104,
144,183,49,58,179,244,79,110,202,44,24,173,30,118,158,0,98,72,134,37,101,132,189,89,54,147,249,151,147,216,52,105,
147,253,115,198,217,66,69,198,254,127,165,210,59,59,210,67,180,152,37,136,150,152,76,188,243,2,129,157,224,17,170,245,
40,146,149,234,10,217,245,49,156,65,249,96,207,245,63,85,157,197,100,164,204,35,168,142,204,72,154,223,1,179,177,22,
74,226,29,73,120,165,10,127,241,36,104,113,201,34,52,238,35,63,161,205,35,100,199,42,46,135,138,26,82,208,245,96,
150,166,249,133,212,3,61,201,166,3,98,12,8,78,173,222,8,115,234,1,71,138,242,69,99,29,69,145,208,193,47,123,
14,54,93,191,200,89,121,43,37,159,198,207,61,196,28,44,131,200,197,90,190,70,51,173,15,24,75,210,18,82,112,9,
31,58,182,49,89,128,29,3,124,224,91,72,135,1,234,64,155,106,134,194,45,210,142,229,94,145,208,238,53,154,247,103,
160,212,60,68,84,185,43,165,215,14,35,156,9,119,141,222,77,90,159,16,65,160,201,78,52,114,17,81,145,243,85,59,
180,213,71,180,252,84,34,89,39,143,201,0,37,119,183,35,169,133,204,44,55,149,234,70,201,17,105,24,200,55,99,215,
25,111,118,215,239,169,209,29,68,136,187,66,130,170,36,99,108,170,26,128,168,245,88,90,180,22,137,190,251,93,102,183,
20,139,195,5,103,97,174,94,220,248,53,162,95,244,88,189,229,12,110,143,205,73,231,212,78,117,126,236,56,179,231,100,
200,116,16,125,251,209,79,177,140,226,129,252,1,99,162,171,36,101,3,240,47,145,213,43,96,207,242,61,135,212,53,74,
4,44,85,183,168,254,127,226,34,132,171,239,10,110,1,17,80,220,233,63,117,240,83,146,209,253,48,148,50,55,153,192,
201,31,190,57,82,113,190,254,84,138,5,104,167,230,18,69,169,71,76,174,213,222,52,211,78,52,168,10,229,59,218,85,
90,188,251,4,125,190,92,73,136,234,46,132,165,28,84,150,248,233,132,241,98,70,202,53,52,48,239,115,145,118,51,69,
145,155,113,162,215,223,66,163,184,127,170,221,61,81,91,254,121,139,202,79,29,139,18,82,122,185,27,60,181,234,80,120,
192,39,51,130,222,100,135,206,42,51,128,224,108,151,208,40,40,202,49,160,198,16,38,110,196,53,176,216,23,62,71,157,
25,124,223,30,69,90,238,84,114,224,40,141,68,217,61,162,202,44,107,151,202,22,145,209,16,114,99,185,33,156,204,255,
92,110,175,87,221,182,52,150,172,2,102,225,206,13,111,144,206,109,232,213,62,164,173,237,81,239,244,86,149,134,220,88,
211,251,34,132,145,231,115,206,225,87,185,172,2,137,225,44,72,146,155,9,109,232,248,55,157,166,241,138,5,23,86,219,
193,63,128,227,11,98,196,205,11,111,238,22,73,167,193,26,120,224,77,149,237,178,77,186,43,249,154,255,252,80,191,238,
92,170,5,3,106,195,68,107,92,253,19,105,205,72,53,175,238,223,112,177,20,60,123,245,221,52,121,83,120,113,33,43,
134,150,80,120,161,3,244,98,174,41,81,203,242,253,85,164,115,143,203,54,241,153,240,122,163,223,61,248,147,0,113,63,
224,69,66,150,5,52,155,172,38,82,168,209,135,116,179,45,54,116,216,83,182,245,11,49,106,28,146,189,154,98,94,178,
33,156,128,253,110,112,187,48,160,206,12,40,50,127,34,111,175,17,115,65,210,251,118,182,245,63,72,158,61,184,148,240,
53,113,213,78,184,200,41,128,154,231,68,136,201,38,151,76,227,84,197,169,27,139,169,238,58,215,244,68,157,159,190,59,
212,11,254,97,97,252,105,218,199,231,168,174,190,112,236,25,4,165,128,238,117,240,221,87,126,135,245,89,188,228,35,192,
201,211,139,250,31,103,123,214,31,146,14,51,110,130,208,47,137,170,52,118,204,211,52,76,6,59,63,220,199,64,164,228,
12,75,232,182,12,136,3,78,82,163,201,2,185,34,95,141,184,216,80,180,17,94,165,246,8,100,195,65,112,64,1,7,
23,207,79,110,162,199,7,106,147,73,78,176,18,224,54,154,80,61,124,246,255,120,161,20,51,208,241,221,114,227,59,99,
197,39,13,75,234,42,73,130,30,251,88,190,92,88,157,249,46,88,194,56,139,158,7,10,139,195,68,106,151,0,0,170,
2,122,171,156,80,76,177,22,142,178,163,74,92,168,178,143,186,237,77,97,107,14,137,131,253,36,69,190,255,157,138,225,
102,76,197,238,105,149,208,33,71,128,35,136,211,215,57,90,211,20,178,183,25,88,76,167,250,172,225,253,95,139,225,34,
133,232,236,69,72,216,16,143,184,30,84,96,182,67,146,187,249,135,100,189,32,197,193,6,104,151,193,43,166,244,7,110,
114,244,44,174,211,58,112,128,214,95,174,221,22,163,128,220,61,225,221,29,126,179,221,67,196,16,35,140,150,16,72,202,
235,86,140,154,235,123,202,248,53,191,156,248,86,253,249,63,161,207,249,97,223,44,63,173,179,49,105,235,16,119,173,189,
13,98,228,12,44,240,252,70,168,46,10,136,212,0,86,186,53,93,121,254,204,93,134,1,65,128,5,194,53,124,54,72,
170,209,218,72,207,39,114,142,19,249,58,163,13,108,184,247,0,121,221,53,69,191,230,230,54,212,35,79,143,24,245,78,
177,86,82,146,243,40,82,186,52,133,152,0,7,133,189,63,105,203,1,14,102,240,63,109,166,52,17,110,212,114,110,179,
17,68,110,216,84,161,180,28,35,161,217,91,125,231,29,39,124,12,91,135,200,80,45,137,235,142,138,208,44,96,138,245,
106,189,208,54,62,189,245,118,156,3,57,73,161,238,112,152,184,121,127,143,65,189,234,213,118,127,167,70,134,198,40,103,
147,174,42,200,205,47,86,95,185,25,131,250,60,76,163,250,99,138,241,26,159,168,254,98,221,226,68,107,175,202,46,193,
233,75,97,190,8,105,237,199,88,173,197,28,125,244,206,82,189,188,184,120,252,39,20,181,168,33,98,197,40,44,166,210,
40,105,7,239,34,195,204,12,147,235,251,117,215,165,251,95,242,2,53,224,238,246,170,22,70,142,241,175,60,173,237,80,
108,241,250,21,121,244,87,91,189,222,52,187,251,27,81,247,11,252,191,55,25,172,19,19,94,133,55,95,136,13,243,49,
208,75,56,119,217,250,56,148,6,75,138,207,23,122,187,54,129,192,255,240,129,170,28,62,183,237,253,85,220,43,89,146,
32,253,89,184,94,90,160,252,48,90,196,61,83,153,242,60,159,249,48,166,230,77,2,157,3,126,131,223,84,74,109,243,
138,167,232,76,93,171,24,153,109,237,92,91,109,31,155,200,179,90,101,187,252,148,207,251,42,81,202,34,165,199,5,35,
128,202,43,175,115,20,121,118,202,57,104,207,224,125,75,161,29,187,192,231,97,65,180,251,181,221,6,80,113,234,78,142,
182,13,146,96,182,85,149,189,252,94,94,235,79,180,255,27,101,169,255,40,163,203,34,108,109,164,103,223,193,63,161,183,
234,54,201,217,48,146,131,217,61,243,215,77,129,197,224,68,215,34,62,136,169,226,58,244,28,104,143,211,41,141,229,48,
52,174,150,35,135,236,55,59,216,225,20,120,22,67,71,169,237,67,167,255,7,70,159,252,70,167,43,239,148,233,240,81,
181,236,82,160,251,249,96,185,58,97,90,189,189,106,188,51,108,115,228,18,112,205,68,102,147,7,29,119,202,82,48,166,
242,30,81,157,83,64,151,28,37,88,223,23,54,186,37,36,63,132,101,128,189,42,51,69,231,113,146,198,57,55,147,246,
43,84,138,63,58,151,251,68,120,218,69,65,133,251,131,175,221,76,11,180,189,119,137,235,42,27,172,213,104,179,242,49,
93,103,40,79,110,242,93,92,119,188,161,182,7,97,45,204,26,157,208,195,92,55,200,241,132,207,235,77,86,207,248,139,
214,218,84,61,116,51,183,213,186,119,137,213,223,181,230,27,35,135,230,64,97,227,45,64,149,238,70,191,242,229,134,156,
242,27,209,214,56,119,163,249,93,169,15,4,97,112,198,36,172,207,6,111,119,24,31,230,17,68,164,184,194,101,202,242,
84,123,132,242,86,244,249,32,142,138,208,122,254,41,22,183,192,35,135,2,239,46,203,153,239,107,206,14,112,175,172,246,
85,199,43,119,217,167,56,121,28,33,131,229,238,248,160,38,255,125,201,210,75,116,239,47,110,243,217,23,135,36,54,117,
250,200,30,154,21,96,124,198,201,83,196,63,44,166,229,17,68,203,70,110,156,2,11,110,210,77,58,121,22,228,58,182,
25,89,187,250,23,48,217,93,123,118,29,47,123,133,98,141,192,32,52,62,232,114,147,199,58,56,148,247,36,139,215,22,
7,117,193,119,159,222,5,73,100,191,59,68,229,74,71,155,10,57,160,223,43,28,114,17,81,121,184,26,94,121,245,88,
128,191,92,25,140,211,94,206,197,1,108,197,29,150,201,188,100,124,203,36,176,205,18,115,46,195,52,175,156,219,85,70,
156,24,123,222,250,92,77,163,66,121,216,233,75,108,170,73,196,201,8,141,150,177,45,144,184,50,113,90,145,84,204,174,
59,158,172,174,81,158,198,29,103,171,1,66,189,8,71,110,143,205,49,231,236,2,184,181,8,117,162,28,78,191,201,28,
124,169,22,94,182,101,23,132,2,216,86,162,206,233,77,200,8,71,145,213,235,67,253,37,54,211,185,15,91,214,254,85,
218,168,237,159,31,249,129,234,228,66,175,43,8,130,240,248,84,165,40,85,139,250,203,46,176,58,49,149,248,4,82,196,
50,99,92,191,200,21,189,67,6,164,3,198,95,200,68,111,166,222,246,118,168,10,105,181,244,253,118,218,50,66,188,227,
227,51,209,32,76,135,21,242,79,176,83,79,148,243,37,79,185,50,130,149,254,1,72,179,46,77,219,64,247,144,249,117,
160,215,15,39,167,217,59,154,230,37,46,167,11,99,115,237,20,20,100,2,81,123,193,70,35,127,221,132,128,198,41,86,
128,234,99,179,198,44,52,179,235,108,142,249,47,63,149,30,109,156,221,40,56,142,233,184,212,16,123,32,220,51,172,223,
30,60,131,232,69,181,238,34,138,146,162,7,99,228,40,139,151,229,31,164,237,58,157,164,247,101,143,184,216,143,152,216,
36,159,2,6,104,113,199,102,166,230,13,111,120,9,33,185,196,66,164,151,213,57,239,220,27,125,134,23,64,211,227,34,
132,200,210,65,177,233,112,139,109,30,139,252,233,9,198,216,36,46,3,54,38,212,224,42,140,18,238,108,219,169,28,104,
30,70,74,172,205,35,111,246,25,88,181,191,1,177,47,75,136,245,178,71,171,248,56,95,193,5,56,156,23,63,126,200,
212,46,151,13,48,110,206,199,102,199,252,44,107,4,26,53,177,20,119,182,221,230,84,184,27,60,176,31,237,91,167,93,
133,137,235,12,98,174,35,127,190,242,19,81,181,107,112,175,17,26,112,188,58,102,151,46,55,95,219,62,102,224,31,40,
126,226,93,109,175,21,15,122,221,75,108,162,88,85,168,21,66,174,248,11,96,185,17,138,189,176,81,68,154,33,156,196,
3,101,75,196,5,104,203,10,108,117,156,62,187,134,11,118,130,134,41,177,158,245,63,96,182,26,149,224,228,70,79,172,
8,144,172,230,79,69,223,78,122,225,10,108,152,238,82,205,245,17,150,124,186,89,212,252,59,140,153,252,37,184,200,31,
129,138,224,103,167,207,14,119,120,251,63,240,25,86,175,189,12,55,231,20,76,191,126,212,111,247,228,59,133,166,252,96,
219,38,42,140,149,242,78,195,242,52,139,144,242,93,211,243,56,155,155,232,145,21,51,46,213,236,56,88,24,71,141,225,
165,82,167,35,78,134,163,0,84,187,38,9,140,249,179,78,187,44,16,148,255,254,16,185,61,91,64,252,16,23,199,69,
97,158,11,200,93,171,38,113,117,215,248,78,178,45,120,183,222,243,128,223,94,135,196,29,43,122,159,41,72,142,240,253,
75,176,46,74,128,46,58,132,230,108,72,198,250,27,148,213,56,155,218,1,34,120,208,48,88,149,61,79,168,186,116,156,
173,39,83,169,234,101,176,204,81,55,141,217,96,124,182,15,84,148,248,150,131,194,60,69,155,255,157,197,201,26,103,200,
221,151,145,232,109,83,145,48,171,152,239,81,78,198,252,143,218,246,64,132,218,3,150,190,226,68,126,190,34,192,173,236,
102,111,197,41,199,239,243,94,160,248,73,138,233,40,92,125,246,90,178,218,60,123,167,218,62,161,196,54,152,115,225,104,
227,232,39,172,146,11,76,199,215,14,103,181,20,110,165,18,90,178,97,18,127,240,190,87,196,126,32,135,246,28,102,124,
196,4,80,227,46,74,172,216,11,87,210,53,57,214,188,18,153,229,75,140,150,229,68,171,212,59,122,233,242,72,113,4,
79,142,205,190,32,120,238,28,73,239,3,10,173,18,34,121,254,228,58,193,25,41,104,5,211,100,165,32,107,153,255,8,
107,207,74,55,142,19,28,79,155,66,74,191,34,41,118,223,83,66,182,29,31,134,160,27,122,185,40,49,135,176,67,142,
205,12,253,76,183,56,82,141,251,11,90,184,58,102,152,241,63,158,248,47,156,228,60,235,156,9,122,72,225,78,8,170,
17,128,166,240,6,78,177,242,85,184,188,89,39,125,249,92,144,203,39,47,138,215,158,201,252,92,112,122,29,165,205,12,
110,119,205,246,172,153,217,62,79,155,4,121,163,206,121,127,143,251,118,213,33,96,81,226,11,193,174,237,103,88,167,64,
200,205,244,145,95,240,25,148,212,251,87,148,247,91,214,254,61,159,109,254,39,163,206,2,153,175,5,105,228,12,75,114,
182,209,54,180,208,36,133,129,208,43,250,22,82,189,120,26,129,240,22,96,118,190,33,74,0,237,103,142,175,237,140,7,
239,97,149,182,12,147,211,54,58,215,224,54,95,21,61,82,171,183,9,102,234,253,123,234,184,73,114,40,21,108,182,250,
80,116,34,28,115,213,1,28,187,251,94,157,255,205,94,194,14,88,105,227,236,101,142,68,49,171,13,22,49,208,75,51,
110,7,29,56,215,23,122,126,248,233,122,222,24,116,133,255,8,129,170,96,77,199,41,50,77,236,103,76,135,250,6,83,
185,34,143,213,62,57,74,5,113,154,220,55,251,165,7,133,157,151,61,81,88,1,133,163,158,69,87,163,195,131,180,233,
241,79,178,22,86,126,213,31,40,150,226,152,157,220,38,47,192,224,138,202,12,103,120,203,32,157,199,219,73,117,208,42,
135,210,26,125,135,172,53,177,220,19,57,121,220,29,152,227,34,97,82,227,12,126,160,25,79,92,177,62,141,187,248,130,
95,188,34,192,188,2,101,88,181,25,148,157,49,160,169,196,40,187,203,10,132,117,6,71,194,210,17,174,115,248,116,242,
19,90,185,179,11,113,193,245,87,190,189,245,124,0,41,105,154,200,31,134,249,229,91,202,176,6,141,8,13,52,209,159,
236,74,255,251,62,161,209,251,101,222,51,70,175,180,51,107,236,17,121,175,190,18,158,237,28,91,226,191,27,125,32,28,
97,192,242,28,132,254,79,98,202,209,79,135,9,51,149,203,219,50,128,2,42,105,172,29,102,217,85,122,181,201,17,103,
181,24,64,186,225,234,64,164,90,71,158,232,241,71,230,255,130,202,34,209,137,240,95,133,207,229,52,153,246,102,159,211,
59,67,75,238,105,123,221,63,37,158,199,66,165,193,70,79,165,197,65,74,239,68,75,172,16,71,173,251,86,84,187,20,
149,188,181,24,2,186,33,144,182,0,22,94,180,234,160,141,7,105,79,200,9,108,131,223,36,108,172,51,115,155,242,119,
93,214,23,181,186,228,75,67,208,65,153,193,35,133,107,169,72,136,167,224,124,89,179,24,186,182,248,90,140,182,27,149,
233,252,96,111,233,33,164,198,47,101,116,196,84,163,211,14,152,117,206,49,214,210,23,115,168,210,61,184,5,24,129,134,
5,61,190,232,75,129,145,227,112,191,237,44,180,145,238,83,242,238,46,143,196,238,84,213,33,52,157,167,33,89,219,252,
103,157,169,252,140,224,15,75,213,178,15,109,19,15,85,177,229,15,121,242,66,85,189,194,66,122,252,38,78,183,192,247,
186,50,20,146,244,207,96,137,63,103,131,8,238,44,127,78,106,166,17,204,116,204,18,67,145,24,41,120,216,77,99,180,
35,48,117,230,23,64,118,29,47,123,133,91,140,193,232,210,142,229,94,145,208,238,53,154,247,103,160,212,60,68,84,185,
21,159,225,55,62,159,183,113,131,194,71,80,166,231,74,114,236,78,52,173,17,64,133,167,72,59,180,221,88,152,250,57,
101,152,31,119,138,206,31,95,194,3,126,201,8,71,56,201,242,100,134,255,53,66,153,36,115,158,221,104,69,156,255,166,
162,228,67,120,162,13,133,213,232,80,86,213,13,142,180,27,81,98,179,64,143,184,246,132,97,185,35,194,190,4,103,148,
190,41,157,241,4,106,116,241,41,170,208,55,109,124,207,92,171,217,22,160,125,217,59,222,218,32,125,176,218,64,193,13,
32,137,140,13,69,199,233,25,130,139,194,133,253,223,93,169,178,43,143,10,15,54,152,220,50,115,17,57,44,226,223,50,
164,209,75,126,172,189,34,171,46,79,138,230,221,69,182,53,76,152,176,186,7,176,52,82,55,244,6,82,123,215,101,151,
247,11,97,129,58,113,169,0,26,101,207,73,43,107,174,25,114,202,67,118,105,10,19,118,159,85,125,188,227,39,90,190,
57,97,119,246,226,119,197,99,80,143,9,53,104,239,71,146,174,251,9,78,233,113,118,181,58,67,118,194,120,101,155,247,
58,100,204,72,151,170,15,24,151,207,75,114,221,19,31,118,2,81,128,191,70,35,128,225,132,128,199,33,86,128,235,100,
179,198,44,52,179,235,108,146,249,47,63,149,30,109,156,212,98,63,150,249,160,156,223,66,114,156,6,127,207,226,74,80,
207,7,136,174,21,75,90,174,58,137,184,242,126,91,181,24,188,184,253,93,142,184,35,158,235,254,103,105,177,28,151,160,
62,157,96,245,89,225,206,72,170,179,206,109,197,237,44,142,110,24,112,232,25,10,190,187,222,73,211,32,103,194,199,23,
105,246,43,110,191,213,225,70,184,37,109,197,116,37,146,3,240,16,216,212,40,151,18,246,79,222,235,70,101,245,70,122,
228,241,39,159,44,85,133,244,4,10,79,37,86,139,147,6,73,191,50,29,161,0,250,102,193,246,92,170,5,3,106,195,
68,107,100,199,177,116,201,69,112,168,197,28,115,220,3,83,159,238,227,111,212,75,118,113,23,43,28,223,87,57,183,3,
47,133,174,100,140,203,242,54,81,240,31,155,206,45,63,49,251,105,143,217,59,0,141,241,62,161,189,7,40,161,5,93,
109,164,231,75,170,4,37,183,227,87,88,113,30,131,179,253,19,83,123,223,114,154,217,94,68,154,33,89,98,252,103,102,
98,33,165,195,199,10,125,192,54,169,148,24,119,113,221,56,109,211,33,124,122,225,58,187,226,219,62,40,235,64,188,231,
31,60,147,234,83,122,202,22,101,90,230,75,194,237,232,142,162,147,86,206,176,46,98,166,217,61,160,200,7,129,138,3,
44,167,207,253,179,176,3,112,135,21,71,167,187,17,49,227,11,28,150,135,221,65,247,228,59,133,166,252,131,219,235,66,
132,110,31,140,253,203,105,200,139,32,132,209,52,115,213,222,52,93,216,0,87,220,199,244,172,27,64,136,134,245,62,160,
38,78,73,226,248,43,143,45,50,113,211,196,50,150,52,25,57,246,8,84,94,67,88,169,3,207,110,188,63,114,101,254,
7,106,206,14,54,141,18,224,78,213,13,22,176,27,26,22,217,81,51,122,220,229,59,169,37,77,139,229,246,77,177,43,
74,133,244,244,94,194,48,81,135,56,68,72,180,47,87,160,3,12,97,189,64,105,168,9,9,91,204,62,122,185,15,16,
102,193,144,172,232,83,14,168,23,67,183,249,79,86,183,207,137,131,194,36,45,190,34,98,138,225,55,126,138,237,100,145,
215,56,54,145,251,116,147,221,57,142,135,55,181,209,14,123,56,205,49,150,166,32,71,139,225,34,133,173,236,78,111,232,
17,152,179,226,138,156,245,7,193,187,53,116,160,246,31,154,218,25,99,108,253,50,161,196,250,152,115,201,45,168,11,74,
113,122,232,35,226,21,5,166,175,239,59,241,222,88,186,160,222,66,189,229,60,193,143,241,119,242,4,43,200,150,39,139,
227,243,50,148,157,11,146,210,244,103,155,164,250,94,20,60,64,167,200,48,152,229,72,100,233,242,13,113,4,44,83,181,
249,64,103,39,88,141,171,249,88,178,233,86,156,5,0,17,185,63,24,163,8,5,89,200,247,94,157,209,242,107,148,39,
114,177,216,249,114,167,96,138,108,20,38,127,145,75,115,156,33,239,69,169,95,76,139,237,49,76,200,67,107,146,12,5,
84,195,50,85,155,234,55,152,173,103,143,160,26,70,97,221,123,163,167,33,77,146,250,117,135,233,16,25,111,14,78,118,
181,82,32,142,242,109,125,212,38,40,169,237,158,199,4,93,107,186,229,149,194,250,109,44,130,29,152,170,12,51,60,146,
49,113,153,216,117,67,177,21,144,160,247,73,75,153,4,130,159,218,72,82,166,5,136,179,229,62,140,235,69,124,233,49,
137,78,233,86,199,149,47,154,153,180,249,222,243,68,158,106,5,102,210,16,70,98,169,14,107,219,20,72,176,184,200,45,
137,30,78,177,189,12,43,244,29,97,111,160,3,84,187,25,89,183,195,213,125,3,198,100,195,134,27,127,228,244,110,173,
217,244,112,211,54,82,139,232,50,147,23,241,133,218,225,66,166,221,60,123,175,208,73,138,5,45,108,206,191,80,121,244,
52,150,248,222,20,111,47,96,149,157,5,88,118,48,101,164,203,212,42,201,33,108,136,13,219,73,149,75,115,102,28,25,
108,217,6,126,176,16,36,122,154,76,116,157,231,43,129,170,61,136,140,41,50,77,177,103,76,130,41,59,135,145,107,144,
137,42,64,150,215,117,98,220,27,12,98,198,89,129,192,249,86,160,1,133,95,238,67,74,171,15,70,165,228,48,92,119,
219,145,150,213,31,99,150,226,117,133,220,62,71,138,238,92,123,255,106,105,101,40,160,130,0,76,61,206,247,138,178,20,
59,127,154,22,121,144,35,121,127,222,244,191,218,23,132,141,159,58,181,199,41,139,113,234,19,142,241,13,146,155,241,18,
132,241,57,145,64,245,86,139,213,65,167,176,193,88,231,14,72,136,165,13,114,222,19,89,98,191,9,106,238,200,87,172,
179,20,120,175,241,93,195,204,221,86,250,23,94,196,173,23,141,9,34,110,215,144,221,134,10,40,13,206,212,228,135,2,
55,118,216,166,20,96,22,8,71,152,245,63,160,36,254,141,226,233,74,174,229,68,131,207,216,46,181,245,53,92,214,223,
88,153,20,95,99,196,198,19,188,64,94,67,4,10,26,189,56,50,172,235,220,109,174,76,81,144,218,227,116,140,91,119,
179,30,217,127,214,79,130,193,223,31,130,230,97,137,141,42,16,78,237,69,85,148,246,23,77,168,104,153,206,214,73,140,
2,117,96,232,52,69,166,190,67,103,173,3,237,158,11,124,74,228,79,78,105,174,147,168,249,83,31,186,27,135,197,251,
23,94,195,32,144,201,253,101,109,125,226,62,211,3,102,114,193,224,169,210,22,36,85,184,9,112,206,14,108,120,138,50,
184,123,25,120,59,179,68,195,235,229,122,151,236,75,161,238,39,142,73,238,85,126,200,52,154,163,180,75,218,1,59,116,
160,244,89,224,180,71,157,163,2,2,220,1,250,126,180,14,114,168,235,84,140,186,227,120,230,23,73,114,124,201,129,240,
21,93,91,195,22,52,209,38,105,203,143,24,144,10,45,67,200,207,38,150,189,57,108,203,221,229,153,7,45,119,217,158,
14,159,35,75,69,191,235,63,164,43,8,62,229,247,67,77,16,91,147,218,245,88,192,46,80,145,188,223,82,178,62,104,
149,250,255,104,146,42,92,163,16,205,36,105,63,110,180,8,182,110,213,68,106,180,202,18,58,158,25,124,152,29,38,124,
189,56,72,159,36,237,55,218,85,138,142,8,249,79,203,70,86,149,15,24,145,245,112,93,215,237,19,76,0,110,148,222,
64,5,117,6,133,173,167,36,87,137,14,126,175,169,236,45,176,24,147,118,232,91,87,182,13,121,180,239,84,114,111,240,
78,126,244,40,49,135,38,126,201,8,106,80,166,242,133,208,195,102,124,200,232,162,202,22,61,94,156,0,147,187,226,68,
101,187,66,189,229,233,134,67,182,26,120,244,49,150,143,169,238,200,237,230,106,160,250,94,148,239,63,148,166,239,68,210,
246,56,175,95,9,97,217,10,251,173,169,253,108,231,203,36,179,192,22,53,204,25,82,185,125,202,115,247,21,250,198,188,
36,128,190,47,88,194,214,224,76,15,241,39,106,206,45,135,168,43,113,218,213,208,158,6,64,119,156,238,46,159,37,1,
72,242,180,2,71,29,78,131,139,239,78,168,201,75,149,168,253,86,174,39,90,77,238,4,90,131,254,62,125,223,208,62,
138,17,51,114,205,219,28,204,74,102,163,16,205,98,211,78,83,122,23,229,59,218,85,125,153,30,39,78,168,32,80,135,
217,43,126,156,31,71,189,44,53,80,180,71,111,174,248,25,87,180,100,153,216,255,8,118,218,85,101,188,6,9,147,4,
127,132,171,72,22,108,11,134,174,202,79,88,108,5,141,181,209,27,95,122,222,148,188,251,58,102,188,221,109,148,198,33,
33,203,35,155,204,189,99,119,126,46,172,200,5,114,47,196,250,117,157,23,62,130,216,25,183,164,227,81,145,226,74,198,
236,34,137,139,162,17,135,179,247,84,92,178,29,137,168,51,152,149,233,88,135,238,45,121,106,216,36,183,199,65,104,172,
223,102,225,230,13,111,120,218,35,158,196,73,180,192,196,103,226,220,86,149,134,23,123,187,251,58,191,141,30,95,206,234,
36,125,194,234,78,201,44,48,205,214,9,144,208,248,38,204,224,231,138,5,23,62,184,169,28,104,30,11,133,196,240,70,
135,234,18,81,191,234,64,142,241,49,88,210,195,84,125,51,56,154,252,226,32,132,255,36,99,246,209,39,139,65,46,168,
10,240,105,146,13,62,182,26,16,44,199,66,60,182,245,230,119,219,27,91,154,31,237,126,191,29,120,183,235,47,98,174,
100,140,144,10,19,140,181,107,112,143,232,54,149,239,38,147,219,51,248,147,254,128,154,148,77,71,158,5,121,92,239,79,
91,161,192,127,178,162,73,91,167,199,135,184,237,11,89,184,18,51,181,255,18,103,192,24,145,196,183,88,97,137,5,128,
144,10,49,82,203,12,135,175,17,115,89,175,19,119,161,233,137,72,166,7,120,168,234,65,80,168,17,127,173,240,153,69,
231,78,189,227,45,67,139,179,47,205,186,17,115,124,210,54,177,196,8,110,106,176,90,222,9,246,151,160,224,44,191,231,
73,136,180,207,51,186,214,16,105,174,4,58,205,245,28,185,135,245,124,212,252,59,192,201,252,96,219,236,45,123,200,41,
62,248,242,73,206,156,10,110,233,17,80,178,166,1,105,6,0,87,220,175,29,129,252,36,99,197,185,20,106,25,65,82,
204,213,19,178,242,50,148,211,220,50,185,52,57,120,218,204,36,175,46,86,127,201,234,64,199,31,106,110,208,5,30,199,
75,105,100,11,29,105,115,73,122,175,214,192,128,209,94,126,128,39,45,116,238,96,66,191,48,50,125,242,98,144,206,234,
244,43,241,111,139,200,53,242,135,248,80,96,218,60,69,96,255,87,103,166,247,29,86,249,94,169,173,15,48,169,234,136,
141,239,46,34,125,208,130,183,211,53,97,183,248,91,190,194,27,30,174,230,101,142,244,42,54,139,25,104,145,207,93,58,
146,253,155,151,220,56,109,151,2,127,202,221,67,78,202,2,133,167,16,70,85,173,53,132,179,238,121,86,178,22,183,179,
243,84,137,179,27,153,230,249,98,107,230,30,159,201,44,98,113,199,81,160,206,13,149,114,206,48,211,207,21,119,107,200,
44,136,29,77,176,188,11,42,243,28,96,110,159,2,83,186,24,88,182,194,212,124,2,197,99,194,133,26,104,203,46,50,
172,181,243,87,210,233,105,216,215,233,140,20,25,64,226,235,65,106,32,37,76,174,166,80,168,32,81,44,240,252,70,168,
46,10,136,247,0,51,186,53,93,156,219,7,58,193,60,24,116,185,1,65,141,32,107,111,209,242,107,172,39,114,118,207,
217,16,211,75,45,171,26,35,86,221,88,128,191,254,42,93,228,95,59,206,36,42,137,137,102,145,196,36,56,66,229,109,
90,177,54,63,114,249,116,156,219,26,35,80,209,47,157,215,68,84,156,165,124,173,239,255,71,135,14,78,118,181,47,56,
118,21,80,108,234,30,39,184,249,151,132,219,96,46,191,232,158,139,226,27,109,200,222,162,209,1,107,125,212,237,144,212,
8,130,119,218,63,129,182,19,132,105,219,52,199,219,39,138,72,159,3,117,225,43,40,144,227,1,187,181,244,145,119,240,
25,172,247,251,152,102,247,32,179,178,79,112,92,241,85,162,226,33,166,116,202,70,169,209,75,173,123,12,36,224,21,74,
104,193,213,78,238,15,95,176,187,34,119,255,213,104,190,196,35,35,0,43,94,190,210,220,127,7,12,110,149,217,244,147,
211,54,117,156,165,251,78,230,241,133,165,195,62,155,39,62,127,242,236,79,123,2,77,145,233,212,77,186,54,95,109,244,
254,87,179,242,81,157,220,229,94,194,26,42,164,203,203,27,185,8,51,116,253,218,56,148,59,55,125,218,13,55,161,22,
106,125,230,235,106,162,36,73,176,230,245,77,213,36,82,142,25,246,80,181,87,83,153,248,41,83,190,54,134,153,2,13,
134,190,61,100,204,2,17,97,241,64,111,174,53,18,111,213,57,104,167,234,82,165,195,125,178,206,83,33,178,219,145,126,
248,90,40,126,226,76,181,1,89,30,124,39,123,205,10,42,85,202,50,163,214,10,114,122,130,243,97,209,26,122,65,185,
60,187,217,35,122,137,222,253,125,196,23,127,143,224,79,203,226,34,63,100,187,2,188,182,48,146,155,241,85,173,189,20,
153,162,213,92,180,255,62,84,177,251,92,224,164,56,167,117,227,106,229,234,76,174,183,13,78,201,200,36,105,198,26,129,
236,185,80,194,190,16,126,152,27,99,187,106,34,137,248,30,104,126,198,238,106,8,48,52,150,218,13,89,212,252,118,152,
212,42,120,219,8,71,169,202,67,108,231,15,137,176,209,15,139,238,34,90,183,193,17,123,251,37,75,236,199,53,188,55,
36,99,0,230,36,136,3,102,101,250,3,67,143,10,50,113,235,23,50,150,17,116,120,242,227,81,157,36,110,173,249,234,
64,164,31,95,193,232,241,71,230,38,102,141,7,248,73,169,91,85,172,49,58,85,185,111,116,155,253,6,151,186,105,145,
186,4,13,99,199,90,165,169,11,20,165,206,97,113,200,18,19,101,214,88,121,184,242,85,182,203,146,189,240,80,100,110,
17,153,193,197,39,72,193,2,160,165,7,46,114,153,248,111,151,218,36,121,210,42,163,214,201,106,115,179,23,146,162,225,
126,76,186,6,141,174,235,82,66,225,66,119,167,230,127,149,235,20,143,207,49,112,156,207,86,150,249,246,141,163,249,34,
157,221,63,126,170,221,100,164,7,5,155,164,228,72,195,211,18,175,125,235,55,171,8,71,147,156,242,62,185,28,32,154,
139,217,82,204,231,31,120,213,31,128,4,222,105,206,203,31,142,189,36,99,175,219,49,149,16,21,119,217,167,253,121,28,
21,63,223,247,70,159,43,72,141,238,177,8,99,42,85,136,232,252,6,169,246,54,117,191,224,30,130,253,37,159,222,231,
96,137,6,51,119,210,214,27,197,73,116,97,2,11,110,210,77,82,145,243,31,82,158,49,89,152,29,247,65,160,39,55,
186,39,225,118,172,63,103,142,8,249,79,179,46,145,173,15,59,86,188,60,105,147,44,7,117,217,60,124,163,5,14,100,
3,91,131,229,12,23,114,200,77,108,179,24,20,102,215,80,121,184,9,87,182,16,71,193,243,100,110,193,33,78,181,198,
64,73,135,3,102,142,205,47,115,166,10,168,149,214,61,46,201,54,167,148,210,53,53,208,59,189,215,209,138,132,219,66,
182,153,44,140,152,222,253,188,239,223,134,152,228,4,196,245,42,72,150,245,79,112,243,59,147,66,243,96,209,159,61,156,
95,244,101,165,229,71,169,143,8,108,231,15,43,141,109,23,111,231,24,243,187,183,11,122,245,217,86,199,201,20,137,249,
39,101,129,139,216,126,248,51,80,197,163,5,140,16,43,88,204,226,60,143,23,245,53,142,220,59,154,218,227,125,232,231,
227,166,30,0,71,169,178,8,118,245,29,93,178,195,29,129,253,23,82,193,193,43,143,253,30,84,5,17,21,129,252,36,
109,211,220,51,138,13,57,120,219,214,40,153,11,71,134,220,221,51,142,93,121,181,32,219,125,228,83,121,195,217,33,119,
197,99,139,167,44,250,104,239,106,82,196,38,1,87,211,54,153,216,255,32,94,206,69,103,171,1,21,107,205,51,154,217,
37,81,167,232,134,115,202,79,88,110,5,128,122,185,51,36,181,25,89,153,192,46,89,175,229,96,160,199,100,109,136,4,
103,138,197,94,103,167,46,169,174,16,55,88,209,53,111,203,10,62,71,181,1,183,223,227,93,78,156,252,132,177,240,76,
68,223,74,204,230,224,142,154,228,70,204,168,38,90,123,244,53,152,192,23,156,130,187,82,218,199,30,104,172,199,67,190,
9,72,111,179,230,109,173,16,32,125,128,218,52,187,227,35,108,180,220,88,246,251,34,132,165,30,95,189,24,100,139,172,
234,137,201,9,72,205,214,241,144,232,51,55,212,174,38,151,215,23,62,219,169,28,128,30,70,74,231,205,70,111,37,13,
72,225,188,42,177,9,25,88,210,254,49,119,38,91,95,217,202,91,132,23,63,161,3,209,98,163,65,46,168,199,204,51,
154,17,56,99,10,28,104,114,79,122,173,13,33,43,206,73,91,130,252,237,67,167,58,133,137,3,47,69,220,87,140,203,
10,54,140,205,48,88,175,17,2,88,188,55,107,166,6,16,90,201,62,105,148,53,62,126,202,93,109,172,14,47,168,209,
100,175,174,67,76,175,19,107,182,245,52,37,123,247,114,130,193,35,44,142,20,143,196,3,66,110,196,5,104,144,231,73,
58,144,244,111,146,205,102,111,175,251,142,158,221,63,96,217,2,149,224,222,116,125,224,68,156,231,38,101,86,172,40,163,
179,242,84,93,171,11,151,185,248,93,61,238,91,204,154,56,151,90,184,28,151,191,11,108,116,206,37,171,210,16,118,113,
195,52,166,226,33,118,120,197,120,246,204,19,117,126,225,68,190,234,28,137,145,230,78,187,223,43,132,161,247,79,194,234,
32,214,211,38,147,192,44,118,137,222,55,143,8,59,46,207,221,29,129,252,12,99,173,241,36,112,235,43,82,180,189,31,
110,233,32,88,191,203,19,132,250,33,99,186,191,40,133,3,32,86,4,16,90,188,66,30,156,11,217,47,206,14,113,141,
239,224,113,213,21,120,148,234,49,137,144,81,130,196,212,28,114,192,35,99,138,236,245,75,175,66,141,169,46,252,141,182,
73,101,152,245,5,72,240,118,79,205,60,10,96,255,63,162,190,32,17,162,6,70,169,197,57,70,156,234,77,141,180,22,
31,117,217,108,183,211,88,38,183,224,115,175,206,27,91,177,255,98,162,201,43,52,138,238,129,204,232,109,59,204,245,136,
145,5,103,90,152,20,119,159,222,64,73,183,62,150,225,229,130,80,190,2,121,180,236,81,70,225,78,191,163,39,146,145,
163,76,206,253,46,75,152,249,14,213,0,51,147,167,177,84,220,201,32,106,174,4,104,192,232,15,113,146,232,64,242,21,
88,187,194,15,120,236,213,37,124,138,223,68,188,237,44,126,126,32,135,246,28,102,124,196,39,80,6,46,74,172,181,243,
146,210,18,57,155,164,250,153,229,242,49,150,229,68,171,212,59,135,198,207,13,113,39,20,142,205,202,20,115,229,73,149,
188,221,27,186,53,93,121,219,204,34,158,25,24,155,8,194,87,200,8,107,170,233,242,72,148,74,55,142,216,225,55,155,
81,74,171,26,232,121,221,53,93,156,230,42,69,193,36,76,139,237,49,73,173,89,142,146,12,253,142,242,109,114,177,251,
4,114,214,66,163,228,51,2,143,0,88,128,167,9,77,104,7,95,106,220,75,49,135,211,78,177,181,82,56,110,201,137,
186,239,13,91,186,20,75,184,0,88,7,184,37,150,100,253,106,36,198,45,156,194,12,34,106,170,49,137,177,216,58,91,
153,56,120,219,26,71,80,172,251,118,170,236,75,81,175,4,142,179,241,79,80,162,26,143,187,236,69,154,243,75,196,247,
234,139,148,212,56,179,219,2,100,168,254,39,221,202,9,131,175,5,70,181,27,92,97,176,15,118,159,6,23,121,130,240,
60,207,247,54,152,149,223,62,197,213,88,197,127,20,120,221,5,68,166,151,237,140,7,244,110,149,158,12,147,14,19,100,
202,165,251,95,242,2,94,192,201,31,151,242,5,123,175,184,14,138,237,45,108,206,215,14,167,244,28,91,213,198,52,152,
19,59,90,184,213,37,141,241,94,166,254,195,94,203,60,10,179,2,29,107,146,86,104,175,28,217,102,202,82,63,185,224,
1,63,222,54,129,157,223,201,122,231,88,38,199,44,41,125,236,27,130,147,48,57,143,184,51,150,178,55,64,150,215,58,
122,161,254,58,144,198,65,105,192,69,78,164,8,96,171,175,17,85,136,15,79,131,184,32,41,114,224,89,128,172,77,40,
185,29,152,133,196,97,71,192,36,159,164,203,69,54,135,30,153,147,210,52,85,206,50,173,213,241,118,68,154,57,145,220,
224,78,121,207,5,128,168,255,132,141,227,71,159,234,238,80,148,199,78,142,177,236,133,96,241,85,208,189,252,153,127,248,
92,215,220,3,125,110,190,86,209,203,10,108,141,6,106,229,13,41,174,124,210,113,201,20,24,114,119,217,66,188,224,248,
181,199,19,60,152,42,86,202,203,228,141,5,30,115,204,143,35,150,10,39,119,206,221,50,80,204,213,118,219,216,44,155,
202,54,95,193,237,8,108,231,74,137,200,209,39,115,41,46,144,242,175,34,105,27,91,157,248,9,92,177,46,88,108,218,
6,97,187,24,99,171,14,24,61,198,66,109,164,202,10,109,174,41,116,179,242,227,116,157,15,49,170,224,238,71,207,30,
75,141,19,240,73,171,81,77,143,240,35,77,179,53,128,147,249,3,128,184,54,97,198,252,9,97,177,51,91,123,60,66,
82,245,90,130,228,11,20,106,9,132,137,200,42,27,172,237,139,179,166,92,89,172,25,48,173,236,56,100,151,227,118,158,
221,63,72,193,234,92,192,0,95,120,197,51,105,166,10,109,121,199,8,166,206,14,111,78,173,61,183,223,21,117,143,153,
59,197,230,26,141,139,231,74,127,222,29,81,149,200,44,143,183,246,112,156,183,19,111,246,50,78,150,236,93,216,0,28,
161,170,197,41,188,7,11,109,142,187,96,232,6,1,166,180,11,114,229,215,54,171,192,14,45,197,237,15,176,198,249,93,
251,35,63,137,205,232,67,184,26,45,147,155,26,82,212,246,96,150,165,245,133,212,4,63,201,166,2,100,12,8,78,176,
222,8,112,238,59,78,183,192,59,115,244,22,129,183,199,27,108,238,13,160,246,252,91,91,64,85,166,0,204,107,185,60,
111,98,204,211,43,148,3,12,170,9,204,101,206,74,117,172,228,250,110,225,41,132,195,35,35,114,233,99,124,126,23,45,
96,196,98,138,166,240,52,79,170,31,129,148,250,1,129,185,60,94,199,253,13,95,236,59,105,166,48,13,106,206,52,99,
162,251,98,119,190,101,145,174,48,76,174,10,64,188,239,78,96,82,21,141,111,241,88,98,187,23,104,159,8,56,40,181,
38,126,166,8,106,80,142,45,109,140,197,97,62,150,1,159,155,224,60,113,155,6,130,206,225,73,80,206,6,133,172,20,
74,89,169,57,136,183,246,125,90,183,29,129,176,239,72,165,239,80,212,174,48,151,161,250,86,155,216,53,164,147,4,110,
215,4,251,122,102,2,97,231,22,71,100,178,17,107,140,16,88,189,116,9,87,245,226,33,131,164,250,70,252,228,23,184,
206,1,136,224,8,71,169,154,240,143,207,247,78,211,185,15,74,14,59,44,215,231,46,159,35,76,64,221,235,66,169,28,
26,102,230,254,35,172,40,83,138,250,246,85,115,239,23,77,243,7,248,187,51,21,151,208,232,104,154,252,91,167,230,239,
104,204,36,52,174,213,213,37,195,18,60,130,7,228,64,158,69,65,135,234,23,65,171,36,116,135,237,245,116,172,45,79,
186,240,0,86,223,46,93,158,233,249,79,170,121,149,209,60,247,144,191,79,149,225,41,77,169,251,123,91,183,252,75,156,
11,141,167,161,72,90,166,176,134,183,236,244,88,183,17,50,181,253,85,4,181,34,147,128,191,2,102,197,31,64,213,5,
104,116,195,226,171,212,24,38,87,186,11,114,208,16,110,122,140,52,186,125,27,122,61,210,54,190,230,37,100,144,230,15,
138,202,44,83,92,202,5,207,250,231,136,123,244,88,152,251,58,156,106,251,36,218,182,73,159,165,4,4,229,0,61,170,
179,197,96,232,16,20,142,127,16,57,204,220,27,149,193,220,56,148,23,95,183,102,38,119,4,36,38,209,196,34,145,192,
241,45,150,147,202,137,13,43,16,205,223,43,84,176,58,124,210,217,63,87,17,11,133,231,205,35,111,37,18,81,238,212,
18,118,241,8,100,169,13,242,177,53,80,144,252,254,83,115,11,22,155,248,12,105,191,1,7,161,5,14,112,129,25,36,
183,23,35,105,148,237,127,188,13,37,126,143,39,50,183,20,40,133,219,29,35,200,38,36,146,226,106,147,127,254,234,134,
229,107,154,203,244,219,142,0,103,160,209,66,248,107,178,115,150,224,73,68,97,163,134,157,237,66,43,163,7,142,146,240,
80,102,99,228,66,176,234,87,103,175,218,51,196,248,97,114,161,26,164,161,250,104,112,203,220,116,127,18,114,126,196,239,
72,211,6,127,84,207,61,185,206,26,113,124,141,14,108,156,219,72,72,166,14,137,164,229,78,78,167,233,191,233,40,102,
155,238,85,211,169,5,74,118,248,89,215,2,2,95,160,2,99,220,233,29,122,105,191,35,173,200,16,117,113,201,53,166,
209,4,110,128,220,64,175,222,30,118,130,204,56,179,235,28,138,134,222,73,187,227,37,101,214,27,144,254,6,103,201,174,
48,145,15,58,39,166,146,11,155,19,62,128,163,172,58,170,34,72,108,195,199,3,111,50,40,103,175,172,18,190,244,44,
84,170,187,17,128,242,39,98,186,197,33,125,248,35,64,12,19,88,203,25,109,169,14,26,30,159,253,72,179,18,30,119,
156,18,114,189,28,35,94,183,45,59,130,44,3,89,163,18,66,140,244,239,76,175,34,77,128,234,254,86,176,50,93,144,
242,254,50,252,115,144,231,53,75,114,2,122,165,231,247,29,86,221,132,169,235,80,26,107,7,142,179,240,55,53,134,208,
75,128,188,23,41,131,216,86,114,185,36,50,130,225,103,137,193,38,35,129,229,106,138,212,49,51,139,244,104,144,210,18,
120,220,44,184,210,240,126,132,221,68,109,178,212,89,142,225,72,198,175,233,131,152,235,77,173,202,4,76,93,251,45,168,
182,233,91,172,189,49,149,177,248,90,110,187,39,160,193,2,105,107,193,40,129,28,232,172,184,2,100,234,198,68,144,188,
18,118,241,222,29,151,195,25,90,248,32,60,134,126,241,56,7,52,106,193,141,255,145,251,57,106,209,211,235,70,222,6,
40,201,223,18,118,20,60,88,167,235,6,97,214,56,75,180,191,56,112,241,19,126,180,195,20,163,242,33,90,231,196,32,
130,235,26,80,243,9,85,117,68,113,167,254,202,60,206,56,118,167,14,16,45,209,67,125,110,199,237,67,138,68,121,149,
247,35,121,186,29,128,132,221,224,112,168,41,80,182,236,253,75,219,42,89,148,31,252,88,184,93,89,159,3,47,89,195,
64,140,159,8,14,140,196,70,106,152,1,235,163,10,121,159,233,255,71,135,211,78,118,181,47,32,142,218,85,184,247,30,
39,149,208,104,115,13,113,7,191,38,149,187,5,27,99,185,239,165,170,209,51,119,170,14,137,177,19,82,91,177,236,132,
143,41,141,35,219,66,177,215,33,55,127,191,70,134,198,237,103,112,233,77,124,193,227,147,151,240,242,207,250,45,141,161,
171,85,223,0,52,167,165,1,100,145,248,33,131,116,226,46,169,209,75,173,182,233,77,176,240,14,113,91,16,113,166,13,
54,187,137,247,67,214,254,96,194,127,22,135,248,220,96,208,214,255,143,9,55,99,205,219,40,153,208,26,106,221,217,56,
162,201,69,125,220,238,246,172,26,81,145,240,245,253,160,5,80,84,206,191,45,145,47,87,74,241,3,79,89,54,97,148,
244,8,18,181,2,42,164,227,15,42,166,68,49,171,210,22,49,173,255,68,102,22,26,115,117,86,113,174,27,36,54,216,
98,131,183,42,40,132,231,28,69,123,28,247,77,236,68,143,147,13,57,84,243,51,150,154,20,244,103,174,49,152,213,70,
67,166,254,48,153,229,61,2,159,1,139,167,243,73,17,104,204,62,171,243,75,25,80,19,139,109,250,93,107,109,16,93,
133,255,62,106,133,1,159,140,6,45,113,140,8,90,214,9,104,122,130,54,164,202,20,118,59,207,66,182,211,35,122,137,
222,252,120,151,21,73,82,227,36,194,175,6,139,89,234,19,201,182,13,70,108,165,80,197,249,48,103,125,241,100,190,248,
68,170,166,246,92,154,249,69,132,141,6,106,194,210,76,115,115,195,97,176,219,23,165,130,223,64,227,223,37,135,181,223,
73,194,18,37,138,148,18,74,205,237,88,142,157,245,67,197,237,35,202,220,40,81,195,48,120,208,127,52,149,202,69,133,
236,161,54,108,231,74,102,235,185,39,174,238,81,85,242,192,46,105,56,84,144,251,182,75,129,252,95,123,0,206,60,195,
3,102,106,7,213,67,126,22,33,140,242,229,71,206,78,108,141,18,36,123,224,42,119,183,28,29,55,210,90,95,158,35,
44,95,171,97,78,132,224,35,77,181,47,128,147,252,255,128,184,57,91,198,252,13,95,235,58,104,165,47,12,105,205,109,
105,171,14,63,105,213,72,156,175,23,34,98,205,72,103,245,90,17,166,220,111,186,249,32,65,151,251,118,158,221,98,48,
193,2,84,193,9,97,16,204,35,156,207,14,44,115,216,53,165,222,18,122,130,146,247,83,215,31,132,59,208,30,188,169,
232,74,107,193,13,195,171,222,127,149,200,79,167,207,14,112,97,183,86,150,190,21,154,128,214,17,213,2,243,158,174,245,
97,229,14,2,172,127,226,100,238,229,73,172,184,6,120,230,23,16,115,124,201,113,247,186,88,183,122,19,78,216,42,55,
128,192,35,100,223,42,105,168,153,42,83,197,231,96,150,162,248,133,212,3,63,201,166,3,97,12,8,77,172,222,8,114,
235,59,78,183,192,1,108,231,6,134,245,244,6,173,243,59,141,251,252,13,142,9,20,146,1,231,61,196,63,68,107,8,
214,35,129,54,50,117,217,8,50,152,25,101,120,221,229,101,157,29,72,171,225,237,66,208,31,78,142,20,241,78,176,82,
78,146,247,36,78,181,50,129,148,253,3,129,185,59,93,199,253,12,95,236,59,105,166,48,13,106,206,52,99,153,79,76,
159,12,57,164,186,38,80,180,25,146,183,0,17,27,104,17,149,179,152,85,103,179,189,147,196,249,32,10,181,3,161,142,
229,47,80,166,45,168,132,224,37,87,210,59,183,204,24,111,122,153,61,175,233,217,114,136,187,31,189,229,1,75,143,170,
5,122,220,239,84,93,220,20,150,187,34,88,104,184,71,150,196,0,139,104,196,38,201,197,11,109,97,190,34,126,1,78,
173,137,11,110,239,4,75,178,178,21,53,208,11,86,176,116,231,46,232,29,57,155,199,29,94,193,36,40,129,132,20,76,
203,245,90,144,155,247,127,206,249,55,195,160,251,98,1,253,63,160,211,253,109,233,53,72,177,184,53,109,237,24,123,177,
189,21,160,239,30,90,228,193,30,124,34,30,99,194,244,30,136,1,81,100,205,214,23,130,222,108,158,254,18,104,136,65,
120,176,7,33,108,214,80,50,114,203,25,125,222,44,128,190,38,28,122,227,85,138,133,9,35,138,225,101,147,126,253,233,
126,180,47,146,174,51,1,111,246,54,153,157,58,8,118,177,113,162,215,254,232,166,253,135,176,236,74,5,154,232,134,115,
202,20,53,139,18,141,83,237,88,87,83,17,151,112,251,96,93,177,32,79,182,199,41,74,160,4,103,167,9,72,81,167,
46,169,162,217,59,65,155,233,176,219,14,110,130,140,47,148,164,251,69,137,164,8,190,195,37,76,144,183,22,138,181,244,
66,148,231,5,136,176,38,90,99,209,53,176,192,23,156,130,216,60,218,2,255,150,113,199,67,190,230,13,135,179,230,74,
197,16,79,112,173,237,57,204,220,86,125,134,23,88,246,227,93,125,187,251,71,218,234,100,139,148,37,102,4,241,107,138,
168,253,84,200,231,122,208,214,53,75,10,61,45,219,231,54,152,30,250,120,218,205,11,135,37,18,140,203,212,18,177,241,
84,112,210,207,92,187,58,99,160,249,7,86,123,1,36,107,204,208,46,140,9,38,92,10,22,96,194,72,36,162,4,26,
112,153,44,84,182,221,254,84,219,27,67,154,228,249,52,152,17,127,199,44,227,120,233,41,140,168,10,19,105,240,72,147,
175,17,2,88,212,67,95,153,242,55,141,219,62,126,224,7,75,126,226,69,168,172,73,47,133,192,127,178,162,67,76,175,
19,83,147,210,87,37,147,247,149,130,193,59,44,142,20,143,196,3,42,75,161,40,104,168,231,108,58,144,12,111,148,211,
102,111,175,251,142,217,221,122,96,182,2,184,165,31,94,103,174,75,200,221,226,123,145,172,75,163,203,10,108,152,203,82,
170,210,249,91,124,181,76,212,193,59,122,131,217,61,219,224,66,129,138,200,44,191,199,253,164,182,2,34,226,19,72,102,
180,17,124,233,204,98,181,191,24,117,171,39,100,201,194,211,123,1,218,94,201,200,218,131,7,37,32,199,217,37,47,4,
55,39,213,225,43,141,19,239,109,207,234,5,164,31,36,99,197,182,71,112,235,31,73,171,190,27,123,248,34,82,187,200,
28,132,241,21,98,199,211,25,116,59,102,153,249,13,23,186,31,47,134,232,241,106,171,73,113,129,33,44,37,207,83,126,
107,12,21,61,220,87,92,190,229,41,68,168,59,134,150,236,240,83,158,93,144,128,33,20,82,206,73,113,211,18,62,148,
231,102,142,159,60,69,120,255,63,162,166,8,41,162,247,82,101,219,61,24,169,13,101,176,180,81,31,117,241,143,117,233,
75,38,183,27,115,190,194,95,45,131,255,157,130,189,45,57,146,221,157,206,3,33,111,206,40,73,211,21,107,114,211,235,
172,227,27,114,140,215,65,187,149,19,71,139,166,69,192,173,4,102,146,173,17,164,180,234,131,118,180,48,171,187,53,116,
101,211,39,159,189,240,145,132,253,97,220,201,67,106,115,4,50,172,203,254,159,168,208,76,199,215,22,179,153,215,59,206,
214,246,186,198,16,114,248,212,82,180,143,253,97,196,39,102,141,150,39,104,6,243,109,172,181,226,99,193,40,103,155,223,
18,94,217,60,88,191,200,30,165,253,37,100,216,229,37,113,4,44,83,240,214,20,144,251,32,134,149,253,80,110,55,96,
164,178,250,80,134,25,65,104,5,14,41,141,67,72,170,209,21,72,172,254,117,183,199,30,117,222,5,111,174,220,30,130,
218,12,131,197,213,44,131,236,19,125,188,234,44,144,232,40,114,194,53,49,144,250,33,157,208,47,65,51,249,119,147,208,
61,250,143,243,64,163,167,33,18,163,7,130,135,198,255,37,94,1,102,142,181,47,32,118,218,144,184,247,54,63,125,249,
83,124,156,96,108,182,24,158,122,248,103,77,163,42,165,205,233,51,60,205,14,121,156,199,70,50,177,58,186,227,15,126,
124,212,1,188,219,44,63,127,226,35,158,233,40,103,88,233,18,132,166,31,85,98,183,68,147,193,250,136,101,194,38,198,
194,8,108,94,187,31,123,9,57,172,183,199,75,217,13,68,97,135,192,99,235,240,47,180,189,240,60,242,223,21,113,180,
222,69,191,17,36,141,151,17,73,203,241,87,141,152,244,124,203,250,53,192,157,249,89,254,250,63,162,208,250,101,221,45,
69,174,183,248,99,191,77,125,240,251,11,148,37,94,136,165,203,4,158,40,78,158,251,7,30,125,56,87,168,187,204,106,
135,253,25,104,18,212,37,125,8,120,112,202,180,112,197,81,123,116,252,35,104,217,89,126,174,33,29,124,213,102,53,145,
214,239,141,170,254,140,188,47,58,74,193,105,134,202,51,63,136,235,34,103,137,63,70,159,243,19,161,209,68,79,95,216,
113,166,186,72,78,164,5,123,164,158,29,9,165,4,138,185,234,241,96,167,28,153,123,207,79,101,158,38,145,198,12,21,
59,116,30,148,199,13,97,15,203,32,172,214,207,70,109,208,26,176,222,11,114,51,166,237,174,209,27,132,127,122,68,176,
233,42,70,100,189,77,183,235,34,63,101,158,37,163,247,37,147,148,179,87,201,3,243,140,127,248,92,215,196,62,101,110,
255,45,167,195,227,171,165,12,114,167,241,65,180,176,15,121,160,229,7,168,177,217,120,184,248,31,188,197,27,92,215,192,
97,198,195,23,134,181,28,91,202,152,238,106,205,245,52,209,159,48,89,212,252,59,157,166,1,95,202,20,54,193,239,74,
175,23,76,128,228,182,76,167,52,13,131,242,216,46,181,48,53,92,249,199,20,114,39,35,100,205,249,35,141,10,86,105,
210,213,86,142,16,50,156,210,225,50,193,16,63,123,5,226,62,156,67,63,133,231,21,63,169,33,114,133,234,244,114,170,
45,77,184,238,253,85,163,37,77,109,44,67,141,182,81,140,215,49,245,104,175,105,158,186,28,72,158,223,66,165,169,2,
5,149,205,75,114,219,17,32,118,0,79,125,188,68,33,122,225,130,126,195,33,84,126,233,97,177,196,45,50,177,233,102,
149,247,45,60,148,28,107,154,211,96,61,154,248,158,154,223,60,112,154,5,125,205,224,72,75,205,5,135,175,19,73,88,
171,254,128,137,37,149,146,173,36,194,245,55,149,149,235,10,162,173,43,154,128,214,93,216,0,28,102,111,0,65,172,207,
228,163,186,4,45,205,11,91,168,108,223,38,214,237,81,183,133,215,115,250,31,92,160,192,22,135,244,43,30,128,151,226,
77,200,231,41,127,152,54,83,224,238,14,205,228,46,87,247,64,128,209,233,27,150,22,75,124,237,162,21,92,13,68,129,
244,248,81,118,236,84,138,254,184,19,124,243,31,88,174,200,27,131,248,20,99,13,206,29,98,58,112,163,202,230,103,214,
59,123,180,242,26,86,213,81,41,133,202,39,123,226,77,26,182,38,35,62,206,56,133,186,29,57,89,224,94,127,211,40,
55,144,162,58,69,169,52,68,146,183,94,117,217,49,59,164,210,112,155,211,74,70,162,9,64,141,226,61,80,163,12,128,
75,231,87,84,111,245,129,186,236,87,102,104,233,71,174,250,57,66,187,31,154,159,198,40,108,159,243,105,103,8,109,106,
190,45,92,195,15,78,63,208,249,175,156,243,85,129,139,12,106,187,31,134,144,211,68,180,222,230,136,136,240,5,183,236,
8,106,150,236,45,144,243,247,80,83,227,27,153,196,41,95,111,192,78,157,203,4,146,111,203,47,208,204,17,113,162,204,
51,180,255,18,122,125,255,55,184,219,69,123,138,222,106,185,232,33,116,132,218,31,249,37,94,135,176,25,137,252,223,59,
128,200,43,108,231,50,113,176,161,50,91,205,239,104,158,171,0,146,225,15,76,214,179,16,118,20,16,82,183,230,16,123,
241,67,86,190,193,67,123,252,36,137,191,206,34,116,246,255,157,3,6,35,172,61,118,160,189,227,28,181,31,108,175,214,
219,105,217,81,119,156,14,21,118,211,17,65,200,227,231,49,165,104,73,128,195,43,133,227,37,97,191,35,52,134,245,109,
155,211,43,36,152,235,115,160,220,47,73,146,255,111,173,147,18,254,100,16,68,69,227,73,76,105,242,125,163,237,72,64,
187,22,134,105,197,10,56,183,34,149,126,226,84,91,188,25,131,208,6,93,47,157,36,170,104,6,108,111,140,11,170,198,
11,107,47,162,233,163,203,220,86,95,157,1,183,188,227,69,102,147,70,196,154,24,135,109,195,74,197,202,241,142,92,169,
7,130,177,209,146,159,239,26,183,240,64,149,167,3,19,171,182,52,150,172,199,43,190,206,13,111,179,206,109,173,213,20,
118,127,213,62,179,181,73,171,134,244,88,187,30,93,132,141,30,95,253,234,100,163,172,217,90,184,59,9,209,203,50,152,
191,4,38,199,221,16,116,18,58,121,184,169,4,163,251,19,77,167,142,65,179,34,1,93,162,234,64,177,241,25,112,186,
195,25,184,248,91,95,193,202,32,132,255,44,101,195,170,95,199,60,29,121,190,6,105,170,13,112,116,17,223,77,177,79,
21,199,182,20,106,160,86,91,130,228,40,91,191,58,98,196,3,12,98,216,87,105,144,10,19,81,240,72,88,175,1,7,
132,171,67,78,204,46,9,119,219,62,161,224,7,16,161,226,128,109,231,38,47,70,5,135,182,231,238,79,165,213,146,171,
251,95,34,141,244,155,178,253,87,27,142,213,115,158,9,90,111,189,234,165,196,21,40,104,168,47,170,210,214,115,65,151,
54,123,162,213,24,121,207,255,181,225,26,67,103,225,57,186,224,218,89,69,218,62,139,203,10,84,93,238,47,146,186,17,
74,162,251,13,199,252,24,122,166,252,61,160,3,7,96,99,185,36,128,0,63,109,175,19,107,171,234,82,167,177,17,110,
232,204,40,109,126,11,111,188,252,59,133,142,31,96,195,235,66,123,226,247,62,7,42,108,130,204,47,137,192,39,102,154,
187,17,93,216,59,87,161,175,29,88,49,24,58,219,241,36,136,38,78,106,180,248,19,110,227,11,81,179,157,78,187,44,
250,161,246,14,101,198,61,23,149,247,210,64,164,7,106,169,208,217,106,171,73,54,176,239,248,15,206,82,112,85,25,37,
111,209,87,51,177,19,41,92,168,59,75,162,236,13,99,234,54,73,198,55,57,132,249,105,151,213,241,251,72,248,118,146,
207,60,249,142,242,87,103,190,32,41,162,6,94,169,185,15,32,93,7,139,182,163,68,77,176,20,143,124,246,29,62,124,
224,91,131,195,37,57,131,226,105,121,252,105,35,184,28,129,145,232,74,83,204,48,136,211,227,48,112,198,20,119,183,246,
88,132,218,27,185,159,233,65,85,166,2,121,174,238,79,87,156,69,201,231,226,150,146,247,92,212,248,233,138,147,211,31,
178,218,25,158,167,218,97,144,253,69,157,107,192,37,129,11,77,163,170,11,35,221,5,22,144,188,18,59,241,246,88,127,
160,25,125,213,229,36,193,138,19,119,196,236,43,141,209,236,80,6,11,74,172,181,46,111,234,53,69,156,170,252,89,218,
4,70,150,222,52,106,253,72,135,174,242,37,172,236,44,142,240,214,20,120,46,22,136,234,197,27,127,250,93,97,195,7,
58,158,25,65,163,226,235,100,153,54,94,111,209,218,48,207,15,55,177,240,249,79,179,81,86,149,26,227,53,208,75,69,
156,33,42,69,228,60,135,139,5,49,135,200,43,83,205,238,43,129,183,50,90,153,54,4,90,249,81,121,184,26,70,121,
221,123,96,155,11,26,110,209,32,170,236,66,73,170,194,131,186,242,73,99,174,24,146,108,234,76,39,184,225,116,156,219,
61,46,132,35,99,139,226,35,45,100,39,159,129,14,113,127,129,36,137,212,19,117,126,153,253,144,219,26,89,133,219,28,
127,150,41,127,133,228,250,199,226,48,147,153,235,1,215,1,227,138,156,232,242,207,250,45,141,161,171,78,201,195,61,124,
133,219,63,186,202,9,107,175,226,105,169,209,255,126,106,27,129,137,22,20,182,178,20,112,166,235,13,174,137,223,67,249,
230,61,194,203,254,133,197,5,103,166,175,237,72,223,53,99,219,214,49,142,208,56,110,226,156,41,154,242,26,129,227,201,
7,166,230,5,62,218,183,17,120,24,20,89,185,234,20,128,246,71,90,195,206,13,120,243,27,59,2,202,96,183,62,94,
102,237,12,115,194,248,61,95,201,227,43,152,8,66,102,23,223,117,204,83,115,123,242,29,124,230,82,135,116,243,223,137,
235,105,129,150,221,53,74,238,92,144,199,242,28,152,251,110,147,215,48,244,103,174,125,163,229,55,22,81,4,62,166,216,
70,71,102,242,128,178,231,66,85,164,195,91,102,235,72,92,185,15,47,188,186,82,96,192,37,76,145,179,84,47,133,233,
159,140,227,104,113,164,43,107,171,13,76,85,147,238,133,219,9,129,124,215,52,118,222,20,136,66,207,64,152,192,34,132,
106,168,71,135,166,223,123,88,178,25,185,181,250,90,139,181,33,151,232,251,100,111,174,25,148,188,220,163,107,247,96,229,
14,7,142,173,20,99,153,222,0,114,195,227,64,160,23,21,173,187,27,128,181,242,83,190,205,20,133,174,243,21,203,210,
43,127,208,221,107,140,203,38,148,16,242,82,218,226,48,145,17,48,42,169,149,63,161,31,60,81,152,240,5,159,31,81,
145,173,222,71,181,38,71,144,235,175,34,105,42,77,151,0,251,246,191,249,85,161,12,189,48,119,49,43,106,204,16,43,
167,69,109,137,14,220,74,209,41,81,120,209,246,122,205,94,120,188,23,231,125,216,101,62,180,35,9,95,230,97,102,141,
42,248,69,163,88,84,151,251,42,84,191,57,135,154,4,5,135,191,64,98,205,3,19,105,242,65,111,172,252,12,98,198,
34,175,173,67,89,184,210,115,175,239,75,92,181,16,153,193,173,44,24,127,224,98,144,180,101,45,183,40,172,138,225,102,
114,200,37,159,131,223,36,115,196,51,181,207,228,43,131,152,48,184,233,222,104,132,228,62,178,228,28,57,95,152,66,184,
235,49,133,51,241,72,210,251,55,149,80,229,73,150,249,21,119,128,214,58,157,197,4,161,135,0,41,164,165,63,170,169,
165,99,233,194,77,178,175,3,114,161,8,71,123,156,242,86,185,225,91,189,198,225,69,192,35,51,137,148,232,80,182,42,
108,194,201,42,66,252,36,77,210,219,246,114,16,253,60,217,226,9,101,232,8,55,226,232,248,100,223,62,125,177,210,40,
140,239,23,145,243,252,23,123,246,89,86,237,246,30,154,21,61,100,198,10,96,196,4,44,107,8,208,90,190,35,110,173,
212,245,110,151,18,117,180,212,18,104,182,84,124,128,250,38,65,165,91,131,127,246,254,71,164,22,146,197,36,54,62,230,
108,69,208,53,50,134,245,36,139,202,254,66,117,217,60,100,187,29,38,159,212,141,183,153,65,83,172,190,120,173,201,78,
52,138,17,140,145,184,85,35,180,24,100,128,186,35,25,179,34,78,181,244,40,108,159,3,102,142,229,71,80,201,28,155,
208,236,113,87,173,52,175,180,219,120,70,215,59,167,175,36,135,142,219,68,184,167,27,130,132,235,5,128,223,43,106,150,
201,45,203,243,15,89,157,184,87,210,184,0,95,97,179,43,159,192,7,102,104,181,94,226,0,251,162,180,0,32,224,15,
85,169,109,26,111,235,22,78,107,200,28,131,238,209,84,193,123,22,131,244,216,92,199,198,216,129,5,35,8,196,216,223,
143,13,41,102,211,144,37,115,214,57,85,183,192,22,127,226,10,97,230,239,69,122,236,24,80,186,170,76,179,34,72,146,
168,240,83,148,50,90,118,251,4,55,190,254,38,160,199,232,97,150,9,49,110,210,198,101,198,251,43,106,3,246,52,211,
43,83,146,244,253,59,159,50,125,188,30,229,112,190,33,132,160,2,11,97,197,40,80,167,44,53,139,174,93,146,174,51,
60,111,246,113,118,216,255,8,153,194,85,160,157,52,74,125,4,127,132,230,72,46,167,208,75,174,178,44,88,107,228,94,
121,177,10,103,177,18,150,112,251,96,93,177,32,79,182,223,100,109,136,4,162,143,230,72,57,143,243,169,209,237,55,59,
196,40,176,157,220,121,71,157,25,183,188,251,69,137,223,67,143,172,234,76,80,177,23,145,161,31,107,151,237,22,169,244,
248,114,123,185,29,152,251,58,121,106,187,82,205,2,6,104,172,199,43,190,9,37,135,120,9,109,232,225,66,164,186,213,
57,239,220,27,149,193,244,88,187,30,93,191,136,218,117,218,37,100,139,172,37,78,225,9,48,146,155,44,144,232,248,49,
199,208,51,92,215,58,62,160,193,63,128,251,11,133,231,240,3,99,236,23,83,179,171,70,177,51,77,71,0,250,81,184,
44,15,162,2,14,84,115,50,101,85,252,14,90,122,58,107,160,190,12,107,197,230,99,162,238,26,77,153,44,84,147,245,
254,119,160,18,100,198,33,15,119,232,103,130,187,31,241,107,226,102,132,196,51,29,148,233,111,151,203,44,11,106,250,116,
156,210,50,76,86,248,130,163,215,74,72,164,7,60,101,133,70,76,92,232,112,133,176,72,82,164,11,66,185,251,11,98,
185,34,73,182,3,98,41,182,35,145,186,3,94,102,120,48,159,196,12,10,111,206,53,94,197,238,115,65,151,251,142,182,
221,122,67,141,48,184,165,31,94,138,224,9,132,196,3,77,69,228,77,122,242,34,140,158,245,14,192,210,249,91,100,186,
54,153,217,0,98,166,252,37,160,224,255,88,165,6,5,223,4,253,174,170,8,48,235,6,81,171,111,25,113,233,26,11,
188,184,22,62,249,20,95,185,139,9,128,5,35,91,199,201,218,91,185,39,97,206,222,38,69,5,54,107,115,219,46,76,
22,49,120,158,226,61,171,39,251,142,228,234,73,95,41,68,139,177,240,75,185,53,23,126,243,6,82,175,52,85,79,206,
186,86,181,59,106,155,184,6,101,191,224,103,163,191,23,96,204,11,103,179,30,207,121,209,73,122,107,28,24,118,158,77,
130,202,226,19,124,234,91,124,197,32,228,87,158,95,130,204,53,48,65,234,110,140,113,46,64,140,150,109,158,224,240,56,
120,255,63,103,166,32,41,103,6,65,93,219,61,24,134,234,77,176,239,22,31,176,241,143,124,246,53,62,107,24,152,114,
1,84,101,196,41,89,184,247,43,111,162,238,105,204,232,74,83,169,48,136,176,239,49,49,203,58,80,215,19,47,122,208,
0,180,234,29,54,147,221,62,194,156,29,127,84,227,85,196,177,7,146,142,229,83,199,238,233,104,84,240,79,213,4,53,
82,160,255,89,122,253,69,157,76,10,97,235,20,80,174,83,4,113,226,176,73,182,112,18,121,232,14,88,110,182,12,90,
248,229,36,134,202,253,132,220,236,102,141,209,248,154,23,226,103,210,222,226,133,13,18,81,179,164,18,94,217,1,76,167,
171,8,89,24,75,59,220,229,37,172,236,20,83,240,214,79,144,243,86,90,247,239,73,186,18,58,121,195,228,34,134,1,
85,116,12,22,106,197,69,102,108,3,17,96,213,6,46,164,19,249,79,179,22,86,125,223,232,55,162,30,61,120,230,246,
70,163,36,82,131,220,42,137,227,26,135,207,39,214,142,245,100,138,212,234,50,149,249,81,156,219,61,70,121,0,88,163,
226,248,30,87,250,95,111,198,75,25,111,235,137,142,205,82,32,109,210,46,184,250,80,87,184,208,138,132,254,37,70,156,
0,123,198,5,68,112,198,7,130,146,192,63,43,192,49,172,177,19,117,126,212,21,179,184,26,124,57,208,65,178,150,29,
137,144,164,42,196,240,37,146,144,236,79,124,243,53,69,132,233,75,215,250,60,95,99,5,84,220,1,219,159,171,245,87,
221,185,55,153,175,226,46,169,233,16,173,147,12,36,188,199,97,197,91,19,122,233,15,89,111,183,247,126,249,230,96,135,
203,230,74,197,237,68,142,151,5,64,216,227,125,225,119,44,141,194,47,124,219,162,47,149,16,68,53,216,238,58,90,20,
14,77,175,243,14,114,237,21,143,206,250,21,121,47,28,74,237,3,79,111,15,89,152,230,16,83,202,54,39,138,255,4,
93,163,65,101,171,5,239,103,203,82,39,186,16,22,117,117,82,125,176,16,36,46,209,30,70,133,34,8,129,229,96,101,
164,238,15,136,172,27,130,193,245,254,143,243,51,115,178,20,64,115,191,117,122,220,62,251,110,181,128,155,216,69,78,96,
225,126,166,209,84,74,179,8,76,152,234,72,84,140,19,138,185,240,51,94,180,36,85,94,252,91,30,179,233,100,140,6,
69,113,199,43,131,171,210,76,120,130,39,175,205,200,105,114,154,254,180,220,224,90,99,185,64,152,168,34,97,141,227,251,
183,236,33,63,155,236,67,205,179,22,139,146,244,91,200,255,235,161,158,241,94,117,249,65,166,93,242,64,222,203,10,108,
141,227,47,229,205,0,161,148,210,54,236,20,48,122,155,241,85,184,27,90,129,138,207,124,252,214,94,199,193,31,140,8,
229,111,204,200,45,79,238,41,102,212,224,40,155,204,235,110,219,127,52,149,202,60,125,223,175,42,175,23,82,130,159,197,
27,98,28,81,109,207,251,81,146,245,88,92,181,184,72,128,255,41,142,196,212,36,179,2,49,109,247,212,49,151,251,42,
96,3,25,101,133,69,111,174,215,244,119,225,85,115,193,243,255,129,212,91,123,117,43,40,123,232,255,137,203,33,40,137,
161,91,109,207,49,58,85,244,52,92,214,2,10,75,204,42,151,216,58,10,116,5,134,167,220,77,38,127,15,121,173,228,
15,58,175,23,136,187,239,87,95,81,23,149,177,238,91,24,173,251,118,158,197,63,48,193,37,125,141,187,58,38,132,31,
132,207,14,112,62,207,248,115,214,223,64,52,151,238,168,162,28,67,100,186,30,153,228,35,98,142,228,37,160,176,231,78,
118,224,74,204,239,57,156,148,235,244,206,243,236,147,170,253,31,217,245,75,121,167,7,108,212,9,61,161,101,215,60,154,
210,89,115,108,17,120,161,8,49,147,156,218,86,185,28,91,154,139,208,80,204,215,91,203,209,229,136,247,54,65,200,219,
50,131,11,40,105,134,227,45,142,18,214,119,220,217,45,156,208,55,118,194,238,33,133,232,40,79,236,186,75,175,42,23,
86,184,252,23,127,229,42,76,243,254,84,127,25,105,167,246,18,93,199,65,110,90,11,23,27,218,87,12,173,18,15,99,
210,1,104,167,243,252,117,182,25,124,128,226,3,124,165,91,72,159,233,225,84,155,25,125,188,8,52,103,203,46,110,149,
50,0,145,245,112,93,156,254,66,93,197,43,113,146,4,85,99,161,123,160,153,73,83,174,190,126,180,240,16,93,162,23,
133,141,238,80,101,151,26,147,200,174,95,107,111,18,141,159,222,99,73,135,38,102,142,229,106,56,201,242,133,149,195,121,
118,201,54,77,215,25,111,118,215,239,169,209,226,68,101,163,31,189,170,1,134,143,194,253,149,160,30,128,115,201,80,168,
184,50,89,98,208,87,151,250,254,120,105,174,83,219,249,244,94,158,1,66,189,8,71,134,119,8,49,163,197,62,118,130,
212,99,178,223,29,109,125,202,60,183,209,100,179,189,29,122,190,27,102,199,197,25,144,191,30,93,169,213,8,108,207,15,
54,211,161,50,150,17,254,61,159,227,254,107,221,249,119,230,204,34,169,36,41,80,237,187,8,102,27,23,86,191,179,16,
116,230,28,91,175,247,90,155,22,97,160,223,208,97,138,252,30,151,205,219,50,130,4,44,98,19,31,35,198,78,83,146,
23,32,83,159,85,66,120,212,221,58,127,92,135,186,26,46,56,219,40,139,143,241,18,139,204,47,111,133,4,240,133,233,
78,94,181,58,67,94,194,85,160,164,6,74,101,201,68,108,162,59,46,108,208,134,174,202,20,53,139,239,82,181,244,27,
36,114,183,148,191,242,82,102,112,19,142,136,2,41,109,136,236,127,202,9,107,81,167,243,169,150,196,67,47,141,46,171,
211,217,78,137,223,53,191,182,19,136,130,218,70,196,243,217,138,150,154,61,197,202,9,142,151,202,22,204,185,239,75,142,
184,31,153,235,254,102,111,235,35,164,204,247,96,105,182,40,163,189,59,170,144,230,109,232,237,20,177,127,204,42,223,221,
31,125,177,219,63,189,212,26,115,138,224,54,240,234,100,139,148,2,137,225,241,72,129,152,238,68,254,51,79,177,221,51,
116,215,58,62,151,154,47,103,226,14,59,164,164,8,108,217,64,127,179,188,42,118,9,84,88,210,254,84,149,209,91,157,
243,250,91,115,45,85,126,224,12,98,139,6,46,109,207,240,47,148,252,65,99,10,21,107,150,36,126,189,17,41,78,208,
94,119,184,34,46,139,128,93,136,187,27,47,57,220,41,81,203,242,251,105,181,107,147,151,52,241,100,171,101,141,182,0,
68,95,219,62,102,224,31,16,102,226,93,92,220,75,74,92,200,92,182,245,73,97,182,235,131,190,234,25,56,179,32,142,
180,4,97,109,202,213,159,202,183,88,97,161,237,163,144,231,49,58,203,12,111,151,238,80,57,134,43,179,209,204,54,88,
224,68,177,232,38,89,127,232,57,129,191,35,142,138,222,83,201,244,58,67,155,244,6,192,232,17,91,159,186,54,153,193,
59,122,107,193,61,184,192,49,151,160,224,68,226,10,14,112,121,207,51,198,215,23,163,89,17,120,231,13,87,109,181,11,
124,212,252,59,192,166,31,96,195,3,101,164,173,218,91,185,32,49,147,215,242,86,233,249,115,213,163,52,76,8,61,114,
144,166,53,129,33,65,137,170,206,62,174,40,2,144,245,172,10,167,10,87,142,249,193,46,180,47,16,144,255,254,16,181,
24,101,156,7,207,60,194,61,44,134,2,23,108,139,6,37,179,24,207,100,213,45,85,183,25,255,61,220,28,59,116,214,
230,29,227,97,125,186,39,228,121,175,66,141,145,11,252,106,241,73,89,152,250,27,148,172,68,79,205,47,34,120,255,87,
103,225,8,17,127,6,70,169,173,39,24,93,2,138,168,163,74,97,180,214,149,172,252,81,58,178,22,109,193,253,98,110,
114,37,163,121,253,109,115,135,34,159,199,226,112,118,207,54,73,219,7,106,125,204,249,175,220,32,116,138,226,250,172,212,
32,95,80,166,34,133,232,4,137,82,156,91,101,206,39,157,77,192,7,199,241,48,89,137,243,82,149,155,32,161,174,177,
50,144,247,32,165,174,4,45,227,208,15,172,127,212,47,136,244,70,180,181,198,71,165,12,75,127,195,222,125,189,229,60,
193,202,32,97,220,236,102,141,145,197,98,9,46,112,213,140,255,70,0,250,81,214,164,18,94,241,60,88,167,176,6,130,
32,8,37,193,239,79,180,219,32,66,227,214,44,144,243,51,90,247,0,51,127,245,251,173,187,165,90,187,240,93,170,9,
208,107,196,70,118,142,5,29,72,198,77,116,184,199,17,116,206,5,108,171,26,0,86,186,88,93,191,254,239,93,228,60,
100,122,58,2,59,222,102,107,170,47,56,107,183,109,90,144,236,245,82,173,124,152,212,63,228,143,221,123,163,167,68,18,
163,204,71,111,174,40,25,111,235,120,170,235,77,29,154,18,136,169,171,42,22,192,34,160,184,156,83,46,191,232,158,198,
202,68,77,198,239,106,170,209,42,112,200,44,110,189,16,109,62,136,43,144,219,26,124,74,219,4,127,226,235,76,76,150,
57,180,233,5,103,112,233,42,200,205,244,110,154,205,49,140,149,47,154,153,149,84,216,246,219,152,170,246,0,214,7,60,
68,168,7,97,130,5,77,165,84,4,115,159,19,85,171,178,19,43,229,13,30,187,137,247,91,249,33,96,194,168,230,133,
197,237,56,216,227,220,134,10,53,34,195,204,47,112,211,251,117,156,224,251,154,21,61,70,180,177,2,111,213,65,139,158,
230,60,114,40,21,108,206,250,80,180,47,52,91,248,198,28,170,41,81,157,220,205,35,194,2,101,105,6,15,101,142,53,
61,178,21,28,105,210,70,53,169,16,18,121,147,14,109,172,27,1,63,163,89,70,192,231,43,129,229,37,70,140,245,239,
65,185,47,78,147,251,246,67,236,112,142,137,48,66,142,152,110,159,212,220,68,151,181,117,171,231,7,86,170,253,135,178,
158,84,81,164,17,40,178,244,74,81,178,202,132,150,213,90,40,126,226,152,192,220,62,71,133,36,124,199,6,28,66,123,
22,169,212,12,118,124,195,41,166,163,238,115,129,205,19,177,226,34,133,93,216,61,187,219,222,119,141,192,36,194,234,6,
80,148,175,10,127,225,244,91,103,225,25,153,196,39,93,105,189,76,155,198,4,144,109,197,48,206,202,13,112,160,202,49,
175,253,16,118,129,195,46,169,178,80,175,114,7,85,208,27,31,129,138,27,127,215,255,62,136,204,255,134,1,221,112,198,
204,43,43,2,51,117,133,205,13,148,212,252,59,181,190,252,155,214,247,117,215,202,67,167,231,39,102,200,185,74,115,6,
22,144,166,248,83,105,45,92,140,246,8,95,120,47,88,148,6,6,102,145,25,95,173,222,12,99,202,61,115,165,16,211,
42,142,0,108,182,179,27,110,140,91,129,175,32,231,93,212,91,123,117,244,253,54,217,97,102,165,42,51,102,178,104,85,
139,231,42,84,188,54,135,154,3,6,135,191,64,98,205,3,20,102,242,65,111,172,54,19,112,212,116,112,179,24,70,112,
219,86,163,182,30,33,163,219,93,131,175,24,24,175,32,145,117,8,104,96,197,243,125,207,220,37,101,200,9,132,207,14,
77,62,207,248,106,140,5,59,70,163,42,121,167,224,110,75,168,13,172,168,237,77,126,168,16,138,219,238,86,89,219,19,
149,189,33,87,103,191,12,142,182,236,162,159,242,95,118,0,66,152,159,0,24,210,228,70,168,177,204,107,171,211,77,121,
129,194,67,161,29,90,171,195,215,93,247,35,88,197,195,31,130,153,35,101,187,194,35,59,245,7,70,168,153,7,83,9,
49,77,151,143,2,73,204,43,84,217,226,56,97,28,9,72,229,184,13,92,228,255,125,177,245,16,140,7,47,110,243,252,
47,182,49,54,117,191,192,27,158,45,91,161,254,18,105,188,56,5,163,2,197,96,210,74,48,174,4,36,70,207,84,125,
169,24,22,110,141,36,77,111,225,50,64,148,94,137,118,23,10,96,196,39,103,142,43,52,103,179,29,97,161,230,52,152,
249,50,153,204,69,26,149,3,127,148,224,55,66,83,11,122,159,231,229,80,169,1,122,173,160,81,98,175,10,146,104,196,
9,102,186,13,151,137,213,85,109,144,39,162,200,254,89,117,202,31,93,188,8,71,80,201,45,133,149,15,54,54,134,36,
115,159,220,104,69,163,1,166,162,232,70,120,162,12,133,213,232,81,90,155,6,129,160,46,147,74,223,80,168,208,50,148,
122,184,87,151,182,239,139,104,193,36,201,197,11,105,155,197,47,168,248,11,116,120,248,48,179,215,4,109,87,23,104,228,
22,78,121,189,24,129,238,35,100,122,186,16,129,217,233,40,162,147,36,101,3,235,30,219,115,10,136,23,230,66,135,207,
37,115,17,57,61,183,192,22,103,29,10,97,171,239,5,71,8,79,146,161,199,0,163,8,83,146,244,194,83,124,247,90,
99,196,184,25,114,35,90,151,10,14,103,140,2,106,160,20,206,44,216,11,47,98,213,219,56,147,2,58,193,219,221,54,
120,55,114,189,23,219,78,149,79,132,160,2,46,132,197,40,139,143,232,235,123,179,51,90,193,247,4,93,230,53,97,161,
42,7,95,201,104,100,167,8,58,100,205,73,151,172,17,22,151,207,76,121,163,12,12,112,212,65,184,255,88,88,187,217,
50,147,254,93,105,194,212,108,119,251,107,113,133,47,168,191,13,66,119,202,49,175,145,174,74,120,216,61,100,169,203,108,
95,181,25,124,188,227,128,137,188,8,126,132,54,68,46,223,76,189,139,44,145,142,226,81,128,231,38,149,158,209,88,176,
216,23,121,106,216,95,159,199,18,95,166,11,104,216,17,69,173,181,197,42,156,16,82,168,175,16,40,226,10,51,125,193,
244,123,187,30,34,132,200,251,71,194,234,53,142,151,217,131,7,50,31,192,201,44,109,11,16,55,212,186,248,151,18,11,
62,155,169,3,87,22,73,57,218,227,35,111,37,42,140,179,247,18,118,44,49,88,186,195,37,116,38,78,119,193,5,56,
191,255,98,102,200,12,63,139,6,46,102,213,210,47,154,5,41,117,219,225,52,136,72,121,174,204,39,112,227,95,132,191,
211,27,113,191,34,133,161,38,244,133,174,41,140,168,242,251,81,164,100,149,202,241,249,80,149,107,156,209,217,60,157,178,
121,164,215,55,75,85,248,115,168,172,73,23,168,233,100,116,203,45,30,140,216,95,123,191,31,40,106,26,152,180,241,94,
27,176,20,121,196,200,101,75,161,237,128,144,10,49,117,156,247,112,153,219,39,121,204,234,109,149,11,109,131,158,61,125,
224,252,94,79,189,33,132,196,235,70,132,218,75,139,238,242,143,117,203,23,170,210,249,115,100,180,76,199,217,59,98,166,
217,61,160,224,7,164,114,3,37,213,253,38,171,121,10,75,198,214,45,119,187,214,117,173,234,40,125,127,204,132,243,24,
96,116,193,34,55,254,41,92,188,208,218,125,202,10,108,171,215,242,110,12,249,56,213,163,52,105,34,76,46,214,237,70,
88,18,58,99,197,182,12,171,235,43,106,180,201,19,114,246,9,140,249,179,72,126,17,92,120,253,203,57,192,0,40,162,
201,13,82,186,53,71,134,208,217,106,147,38,78,117,3,236,120,221,86,117,185,20,228,111,216,76,133,122,220,28,114,192,
59,75,138,39,245,99,199,42,75,145,242,244,70,182,48,96,146,251,2,81,172,108,157,210,240,62,157,247,46,155,225,74,
69,86,17,125,166,232,67,7,177,19,145,169,163,73,93,100,13,145,175,170,81,99,175,207,143,192,245,253,96,193,214,157,
200,251,91,111,121,28,164,204,11,50,59,204,13,136,176,239,57,90,211,252,119,171,33,126,139,226,68,182,227,27,62,86,
163,13,136,181,237,86,87,165,0,199,242,37,133,153,163,70,193,211,250,116,101,246,31,213,253,60,158,167,194,62,185,4,
20,91,100,184,98,230,17,254,159,168,11,111,234,18,81,120,188,215,118,241,222,29,151,195,246,90,201,229,31,120,189,32,
132,255,236,43,200,174,4,104,227,243,74,207,157,243,70,5,56,40,201,210,18,94,241,1,123,167,235,65,165,32,72,76,
198,207,72,125,26,66,107,181,214,20,179,243,86,149,247,0,86,127,18,58,156,192,201,80,193,60,100,104,202,14,65,165,
32,72,111,233,21,48,148,24,121,186,9,216,101,201,81,121,184,26,35,62,221,29,128,191,230,239,93,228,60,100,134,27,
36,135,235,102,142,205,244,56,83,242,109,90,153,19,63,114,214,49,80,212,63,62,80,249,125,155,128,61,79,155,165,122,
173,157,75,87,161,3,137,101,227,69,56,118,218,144,125,247,54,39,149,249,151,132,219,96,105,156,244,90,130,208,47,56,
147,242,99,151,210,56,66,154,238,101,154,223,60,59,136,56,182,210,15,124,57,206,63,151,226,33,96,140,226,11,193,174,
5,138,112,233,18,153,255,64,69,148,243,90,131,234,41,152,102,247,32,155,219,61,159,133,195,51,162,197,11,90,167,8,
29,215,12,40,173,182,233,112,235,216,82,121,154,19,84,242,223,72,174,183,26,67,249,230,37,159,203,33,98,197,25,56,
133,197,27,140,204,47,51,149,182,47,147,235,251,51,202,211,54,95,21,2,70,192,236,66,131,230,6,65,176,191,16,97,
33,82,135,165,243,82,172,205,80,152,240,159,80,189,46,252,149,2,188,94,197,52,90,164,186,2,88,166,33,108,171,234,
22,108,149,75,80,143,20,29,115,180,35,130,188,34,44,128,219,91,124,124,237,237,74,170,38,76,142,237,239,60,236,106,
134,195,48,237,130,184,51,115,213,20,29,115,250,117,157,161,3,24,83,183,48,158,230,75,2,151,251,131,112,199,17,50,
171,236,79,143,206,36,33,114,205,132,172,213,55,99,185,250,152,192,196,97,71,157,36,159,199,227,28,105,202,223,153,147,
210,76,120,171,15,138,213,20,118,68,154,10,167,161,224,90,134,185,29,152,227,34,132,82,168,9,132,221,28,104,113,234,
78,166,241,48,87,155,206,50,208,248,55,118,112,255,101,205,187,49,147,169,196,64,163,227,69,132,117,227,71,165,0,63,
174,124,234,54,201,20,48,122,155,241,53,167,20,92,180,121,20,129,242,192,94,189,128,222,66,189,229,51,145,154,241,75,
211,247,54,153,151,233,90,204,8,71,156,158,235,158,28,247,62,160,169,14,110,233,18,71,182,187,17,118,230,10,86,175,
204,34,122,237,21,75,1,254,81,190,235,87,161,180,9,98,186,51,102,89,250,213,43,143,10,50,113,211,220,74,209,41,
57,144,21,30,57,157,28,76,118,216,238,66,164,37,79,127,235,242,74,175,37,70,129,246,0,86,170,28,144,210,40,47,
144,168,98,92,155,56,6,116,216,59,123,221,4,13,111,17,142,89,222,73,85,89,252,73,137,235,18,86,172,16,80,179,
183,49,58,132,220,82,134,173,83,103,110,17,94,134,0,39,72,158,234,125,200,204,46,97,187,241,132,207,211,112,121,207,
248,174,155,242,84,113,167,246,168,162,249,126,76,221,65,188,169,35,74,107,193,6,182,176,7,140,90,235,79,202,183,49,
88,121,207,19,138,197,5,103,87,242,95,208,180,56,163,162,180,93,223,14,63,92,169,10,31,230,17,68,164,184,194,101,
237,218,84,182,156,218,62,185,249,44,204,139,226,70,187,232,41,139,141,235,80,194,245,122,127,212,45,133,254,49,36,197,
206,246,90,237,56,119,182,226,253,156,237,8,55,223,241,74,92,22,16,103,236,186,40,140,42,23,110,184,217,82,135,246,
25,79,237,3,30,189,56,61,100,198,207,61,120,55,106,90,251,4,44,144,35,110,173,236,24,51,210,30,104,167,219,228,
82,217,84,89,187,226,38,59,211,91,72,194,36,10,72,172,39,103,184,30,249,103,238,46,110,173,50,0,110,186,77,152,
200,237,59,154,244,43,152,224,56,253,152,5,118,68,226,65,4,159,17,137,111,240,78,76,186,10,146,187,167,93,90,173,
26,49,181,253,98,25,174,252,154,135,198,40,73,159,235,161,137,188,93,56,142,45,133,208,212,78,122,149,52,116,215,219,
85,53,212,61,106,219,33,116,133,228,73,121,201,36,123,156,222,79,203,186,6,134,158,208,80,192,0,43,154,164,175,20,
143,174,49,158,66,247,88,141,244,5,103,171,222,101,165,229,71,110,178,205,108,172,236,2,194,138,195,102,225,219,50,148,
192,219,63,210,226,33,190,199,226,129,176,25,101,189,130,40,74,218,39,95,210,202,34,151,3,56,37,219,216,43,152,175,
57,123,209,216,57,86,16,69,97,230,180,69,110,36,17,139,237,187,17,117,223,36,70,248,191,42,179,39,96,142,242,12,
83,196,7,59,157,4,3,59,194,70,111,175,224,14,101,204,63,43,161,16,246,76,211,78,83,122,23,229,50,144,69,65,
131,231,23,65,173,32,116,135,240,244,116,172,45,79,186,240,0,82,223,46,93,153,35,0,92,194,97,93,162,1,51,93,
197,65,144,163,12,18,144,200,74,111,214,12,28,116,251,74,118,180,63,28,120,214,125,121,191,33,79,121,228,97,114,184,
26,4,185,26,79,182,2,65,109,136,39,103,202,206,107,116,143,243,110,133,24,110,116,211,211,176,219,14,110,130,140,47,
148,188,251,69,102,164,67,190,195,234,59,97,154,6,200,201,50,146,89,209,84,211,241,59,146,161,246,12,148,175,45,97,
165,192,60,183,223,30,163,172,223,102,225,230,37,111,112,203,78,221,11,81,174,194,25,108,232,181,83,178,117,16,130,250,
224,94,180,212,246,127,4,45,89,200,198,30,61,212,253,31,145,226,240,68,14,57,38,199,186,16,116,215,23,62,219,228,
28,104,210,22,86,155,233,77,174,231,78,129,250,207,74,184,52,73,149,236,247,8,192,47,84,156,154,13,80,181,58,91,
99,0,14,105,191,71,113,100,253,6,105,170,13,53,140,214,26,77,212,15,43,197,182,0,112,232,10,79,113,18,237,67,
226,58,133,137,3,47,74,233,41,140,144,10,246,42,212,110,154,134,5,241,150,211,120,158,155,31,71,161,251,129,158,227,
68,11,63,231,117,169,224,253,35,92,16,73,135,235,87,93,175,8,155,152,234,88,89,106,220,87,113,239,94,68,154,33,
156,161,200,101,51,128,222,147,145,211,49,101,143,243,113,194,213,57,71,136,243,101,155,218,46,135,155,31,173,225,24,53,
76,162,248,178,231,3,101,145,231,40,139,238,242,75,78,222,22,145,189,234,83,95,147,48,215,252,62,163,90,205,20,212,
10,70,102,177,3,92,239,3,79,130,183,10,113,239,209,238,138,184,24,125,164,233,11,172,159,245,89,188,252,35,192,201,
252,72,190,196,118,132,110,31,140,253,203,101,208,207,203,138,14,44,17,206,224,44,54,12,61,114,122,228,67,170,211,58,
121,173,206,71,171,235,19,106,180,213,43,119,242,85,148,182,179,72,172,249,57,120,194,6,92,133,0,99,127,4,210,99,
164,31,30,166,13,200,110,195,70,119,183,206,14,100,154,80,85,124,222,34,85,185,52,92,190,253,6,92,160,18,126,200,
197,45,128,158,103,144,212,226,42,106,241,108,89,211,250,62,89,189,56,96,183,1,10,120,238,109,149,166,32,76,162,203,
70,134,173,39,48,110,210,136,176,224,5,79,178,12,67,173,236,26,92,192,24,74,198,249,88,106,92,24,147,135,255,111,
108,135,2,166,193,1,109,111,196,228,124,135,12,105,125,218,48,80,211,27,115,34,215,56,109,157,220,62,71,168,16,133,
181,229,80,93,173,25,132,168,244,77,106,192,23,139,170,56,157,84,178,22,145,196,7,99,116,187,40,167,201,16,98,103,
202,37,180,220,15,105,114,191,119,230,11,83,103,180,21,42,241,28,79,175,195,205,112,235,32,60,158,202,229,97,220,4,
102,165,150,236,139,227,255,124,148,156,251,82,211,253,57,150,165,250,98,212,2,64,243,159,65,168,23,61,135,157,229,59,
137,4,20,107,240,190,20,120,46,27,102,187,180,80,189,59,17,143,254,7,58,134,1,41,104,226,211,65,165,67,48,123,
209,213,34,194,61,114,142,240,28,55,179,46,86,184,247,232,62,221,53,52,183,36,222,115,215,60,100,139,5,49,76,176,
43,142,146,0,43,129,207,74,90,177,54,4,90,190,116,97,154,48,57,156,221,88,163,167,33,42,128,7,95,111,174,75,
49,153,1,137,177,205,23,32,118,218,109,125,212,54,98,125,13,75,184,0,88,29,184,37,150,122,254,103,119,191,222,157,
208,192,110,122,196,38,172,136,6,82,91,153,21,120,184,223,65,74,184,63,131,171,242,146,157,150,64,196,239,220,125,88,
233,42,165,205,47,86,95,240,37,148,183,0,76,153,250,15,201,219,26,100,133,195,63,162,202,9,131,175,206,50,211,255,
16,173,147,233,77,235,216,23,180,174,228,126,250,32,86,189,191,220,117,245,22,102,126,135,20,74,0,5,68,166,210,237,
81,7,237,52,148,150,232,88,212,2,52,157,171,243,78,14,63,121,151,229,68,158,213,66,138,226,145,73,176,31,69,143,
165,237,80,121,12,52,91,189,222,52,128,251,47,89,249,17,96,185,69,98,167,8,203,34,125,68,111,162,2,22,32,195,
62,80,178,217,250,56,180,23,122,126,27,245,65,163,13,123,195,40,223,116,216,37,77,164,41,50,101,177,68,84,206,245,
22,143,184,75,103,154,247,9,74,242,120,81,207,49,36,157,198,89,105,192,10,78,105,8,84,103,221,63,50,171,212,103,
119,206,24,92,119,22,79,126,188,25,40,127,218,81,136,196,43,49,116,29,161,191,186,110,106,207,52,172,208,193,98,107,
171,50,114,178,217,83,68,213,254,180,144,20,127,126,153,252,120,129,27,134,133,129,63,197,158,41,142,139,223,78,125,228,
48,87,96,206,26,208,189,20,153,162,201,107,232,179,56,163,175,179,86,209,203,69,167,176,6,47,170,234,41,174,183,234,
54,189,217,19,124,114,12,123,167,14,90,129,138,248,68,250,231,62,195,204,17,121,244,238,104,202,211,41,82,205,13,76,
209,218,13,89,0,8,125,224,231,52,157,17,5,121,224,226,73,99,222,61,124,176,244,74,174,41,22,85,207,216,81,181,
13,29,85,191,206,21,117,252,38,100,191,207,36,128,242,95,167,255,196,95,204,61,11,164,17,203,109,212,67,105,179,201,
17,103,157,83,88,127,249,37,64,188,55,95,158,232,253,72,179,46,78,124,42,54,128,226,104,68,194,36,58,85,209,52,
92,155,21,65,151,216,71,101,162,8,15,82,255,119,89,160,2,66,152,206,132,137,176,42,86,113,237,104,144,207,25,27,
166,10,87,186,214,32,65,186,227,118,158,221,63,48,128,24,147,200,204,70,55,141,241,132,207,14,77,55,194,38,174,155,
242,60,69,155,23,181,221,249,59,89,174,5,121,152,43,129,135,230,252,187,238,222,140,152,226,68,202,166,36,147,97,242,
27,174,190,253,95,163,190,93,216,0,16,176,111,200,36,171,199,15,117,113,205,52,170,31,1,175,187,5,103,237,201,71,
169,191,242,86,209,225,91,189,163,28,69,192,232,63,137,170,244,75,182,36,108,209,136,29,107,206,49,77,175,160,246,114,
237,9,60,153,153,43,156,225,68,72,194,179,9,109,35,16,138,236,245,255,167,45,6,132,230,252,47,147,14,30,152,250,
224,89,130,253,37,124,198,231,49,183,50,103,131,229,238,44,203,70,75,173,212,221,51,175,18,82,115,9,31,58,217,25,
89,128,226,235,124,165,91,131,194,19,32,96,172,98,103,166,240,249,103,203,90,69,201,52,51,69,238,114,144,139,50,66,
159,245,43,170,218,61,73,152,183,134,172,238,64,4,158,13,57,166,238,70,11,166,19,132,104,236,87,86,82,24,150,178,
239,92,25,174,252,95,194,1,99,49,159,3,102,142,8,71,39,154,225,155,173,15,113,122,208,17,116,156,219,61,70,215,
24,123,154,218,29,136,225,57,178,229,216,121,130,229,14,161,177,43,106,115,201,80,127,196,230,163,174,145,81,213,0,237,
142,129,250,35,158,198,29,127,112,1,37,148,251,12,110,143,229,49,196,15,19,117,185,236,56,203,222,29,107,189,24,46,
242,33,81,187,205,36,61,239,23,99,162,147,233,101,200,43,71,204,146,223,135,13,208,100,198,220,247,115,214,57,85,183,
192,57,145,26,77,125,231,177,36,162,49,61,63,190,170,84,182,52,76,48,244,0,74,172,50,14,140,251,201,90,155,57,
97,101,199,232,62,138,244,57,91,252,239,45,145,12,52,139,213,246,52,152,78,118,122,220,253,101,215,93,118,189,224,6,
118,238,77,34,192,31,226,134,235,107,63,189,44,250,139,204,106,146,150,248,25,111,187,37,161,212,51,69,55,240,120,101,
223,30,74,160,201,68,132,195,13,5,120,191,121,161,178,79,29,139,239,106,146,185,27,95,122,222,113,120,184,251,89,153,
229,96,136,199,65,50,160,236,103,202,9,48,57,167,29,166,217,9,115,61,176,46,189,201,203,74,54,203,60,124,223,251,
128,137,164,8,155,195,234,37,137,232,66,99,237,47,133,140,237,5,191,185,16,114,99,209,88,211,251,255,121,106,251,60,
218,194,245,150,172,223,43,190,230,37,135,179,206,109,232,237,44,142,151,237,40,192,203,88,181,193,215,47,240,19,93,198,
193,188,127,247,217,87,163,148,37,137,4,241,72,170,155,241,144,232,231,122,208,214,53,53,5,255,86,184,169,28,163,30,
70,74,196,181,70,135,37,13,64,225,247,42,118,9,49,112,210,254,25,184,51,56,119,217,226,56,115,11,22,152,248,13,
48,177,68,111,168,2,251,108,183,69,105,186,21,29,118,220,51,122,179,26,41,51,216,94,119,190,225,12,129,233,26,35,
189,40,39,35,230,94,64,190,45,19,81,205,72,112,175,52,2,147,247,79,119,182,24,33,78,243,123,153,148,53,40,161,
5,128,168,172,14,47,168,12,100,175,238,45,30,99,8,144,174,169,74,37,147,247,90,154,252,94,103,130,254,97,196,224,
101,34,204,36,156,205,168,105,111,127,50,160,208,211,117,113,211,47,101,225,20,115,133,119,64,174,222,225,131,127,225,61,
129,207,31,148,153,155,28,122,235,53,136,153,176,52,194,246,45,52,162,235,87,150,254,48,158,159,190,68,222,10,63,172,
170,6,105,150,219,253,149,173,1,118,236,23,22,116,189,10,128,172,31,78,191,187,17,126,219,34,101,130,181,223,55,5,
29,107,192,201,40,110,8,52,46,187,139,238,69,200,240,61,147,164,241,87,217,248,55,122,237,54,162,225,73,123,233,234,
9,130,41,78,144,245,172,31,102,42,93,141,247,193,44,188,52,95,161,155,9,82,190,253,101,151,5,6,37,177,63,113,
166,1,20,99,130,26,37,184,24,36,106,115,73,122,175,183,31,114,144,90,117,188,226,33,124,234,102,58,205,35,41,136,
136,104,131,202,240,47,138,248,116,86,187,46,74,156,172,68,79,219,49,77,151,193,116,162,228,70,82,94,3,137,162,233,
12,43,166,20,144,109,163,19,28,100,7,143,148,211,88,97,148,224,150,131,185,21,88,132,235,98,181,200,49,59,181,237,
111,153,251,49,66,144,32,111,157,217,100,65,158,3,104,151,183,126,122,216,0,177,222,39,138,77,197,72,199,229,47,134,
149,234,0,152,163,24,137,144,247,86,212,188,247,153,153,1,22,220,244,66,151,160,255,69,223,11,5,145,110,184,111,218,
17,67,165,183,239,114,241,212,62,103,123,198,58,253,223,21,88,198,15,123,186,24,92,200,210,226,91,2,39,105,206,133,
248,63,221,49,109,210,222,245,84,7,59,119,215,197,16,111,208,0,135,186,194,1,89,220,13,84,179,177,14,116,228,15,
66,180,5,39,138,235,244,152,237,254,24,178,50,100,164,192,241,90,200,57,90,163,254,194,53,124,75,113,179,5,179,100,
209,66,16,170,19,35,107,116,81,124,175,15,35,45,208,75,93,191,33,239,128,193,95,100,198,237,49,135,235,43,95,137,
41,65,144,233,117,146,215,56,251,82,173,116,159,210,50,70,80,243,123,163,167,33,77,163,228,130,170,233,16,49,111,14,
137,130,185,30,15,171,24,150,108,234,76,39,149,225,92,132,195,96,46,132,35,99,163,202,56,53,134,245,89,197,15,34,
106,205,49,113,177,19,117,91,212,56,179,160,247,65,133,219,16,118,213,33,131,81,191,70,193,198,40,138,147,174,42,141,
240,47,79,100,175,28,152,180,239,93,109,193,34,138,247,63,151,92,4,91,229,14,74,168,99,248,105,228,209,40,173,182,
233,112,235,19,23,145,130,19,119,166,19,91,179,129,214,59,151,30,90,118,206,23,131,194,42,92,202,203,220,148,3,40,
112,132,220,37,145,208,56,106,216,217,248,132,18,68,126,217,236,59,90,242,253,130,223,243,80,166,220,73,145,233,152,77,
174,227,90,140,246,195,79,184,61,102,81,7,4,87,196,241,104,154,4,209,93,198,75,116,109,247,19,115,205,65,115,171,
200,238,39,209,71,122,192,20,216,115,224,81,31,189,28,223,132,219,94,74,189,44,62,60,244,99,136,208,228,60,133,241,
48,140,216,67,2,128,247,124,154,210,62,64,81,210,48,158,216,69,85,157,188,124,173,226,234,78,173,7,40,171,243,75,
250,172,25,151,109,235,77,40,150,29,152,133,196,62,47,157,1,100,140,6,104,49,123,30,166,147,13,76,120,206,247,114,
178,241,59,51,210,59,104,224,16,122,140,227,252,174,192,231,73,82,168,36,135,199,238,80,148,234,19,142,206,237,70,147,
244,243,205,242,235,155,165,0,16,202,242,62,101,134,196,99,187,227,34,167,159,249,93,170,234,76,174,124,210,78,177,241,
48,122,131,20,120,228,207,98,184,190,29,29,247,28,21,198,194,32,72,3,30,105,195,135,49,137,1,50,35,212,208,46,
86,17,44,119,209,163,33,152,29,64,120,228,230,247,120,214,68,126,235,251,67,98,34,83,136,144,248,75,105,51,78,149,
187,250,85,195,63,19,166,252,2,97,119,65,92,163,201,8,99,209,77,47,150,11,30,106,199,76,109,103,230,210,110,205,
83,130,179,208,30,125,215,248,127,187,215,47,120,228,35,127,203,54,231,145,233,97,146,131,52,48,142,182,101,154,226,250,
43,148,2,115,148,221,56,252,111,182,119,154,228,77,72,89,2,134,164,137,70,88,164,174,132,181,234,242,90,173,203,78,
118,181,23,49,126,227,100,127,205,38,48,140,226,89,142,196,58,67,140,233,91,210,20,36,53,139,239,123,154,218,66,62,
163,254,122,168,217,55,77,154,18,141,169,224,66,66,236,68,188,237,222,140,152,226,68,202,166,36,134,97,207,27,174,249,
56,95,104,214,93,157,0,16,93,164,9,102,214,15,67,171,179,195,40,154,14,80,166,173,14,38,224,8,25,123,191,21,
121,244,28,56,154,163,249,128,251,35,39,149,153,238,59,252,45,111,127,199,42,107,9,246,53,210,184,49,149,16,21,84,
164,171,9,97,220,14,55,221,241,248,155,22,16,79,236,245,75,175,42,47,110,208,217,82,182,49,30,105,182,246,76,130,
253,96,159,1,10,96,161,28,68,131,8,17,103,144,4,51,115,206,222,56,143,6,61,123,225,233,41,210,86,116,111,35,
31,132,233,97,133,118,23,32,72,172,98,138,201,43,52,103,203,70,110,208,50,59,86,169,105,154,207,246,254,85,176,112,
159,229,57,253,159,6,117,155,229,251,67,131,10,133,114,236,19,28,173,214,105,145,184,85,47,112,18,156,189,241,100,98,
190,33,86,127,181,99,111,185,27,161,125,251,93,56,201,10,133,208,236,78,87,173,249,140,215,243,61,94,168,7,131,146,
23,130,142,146,53,130,170,36,75,143,170,73,196,236,240,82,115,177,21,156,184,242,93,81,235,90,134,237,44,96,164,215,
59,217,222,29,127,136,198,66,224,229,12,134,131,196,95,218,212,78,141,150,15,80,203,243,50,124,157,22,87,186,250,26,
133,134,227,73,185,221,41,144,148,237,60,252,45,98,128,219,36,151,19,56,115,135,207,37,91,17,22,85,218,192,22,127,
250,10,97,230,204,10,134,216,69,141,229,179,8,109,223,76,148,236,155,83,186,41,79,153,175,247,77,155,57,62,160,2,
208,38,138,64,69,108,230,227,36,198,80,113,165,24,22,114,213,10,51,105,23,35,109,207,85,49,175,30,4,125,166,92,
132,160,234,46,132,232,64,87,145,253,255,80,163,100,149,215,231,47,146,187,54,153,181,255,32,153,194,73,101,159,13,254,
152,7,51,154,230,37,81,108,11,134,139,178,79,88,174,239,89,124,197,18,82,181,246,148,129,251,93,67,129,32,155,195,
223,48,52,129,240,97,147,198,36,60,150,247,114,133,9,116,115,133,59,169,224,32,127,132,140,47,183,188,30,69,137,223,
32,131,230,37,135,109,178,17,121,230,46,134,84,169,14,106,237,53,141,91,177,246,211,254,49,145,165,175,82,205,2,6,
104,137,199,43,166,9,72,94,132,189,103,221,16,86,170,88,16,119,230,12,86,108,180,244,64,246,227,58,156,141,227,95,
253,234,65,122,160,217,105,1,39,103,213,211,46,139,205,8,115,202,218,44,153,26,216,121,222,219,52,163,210,57,133,196,
205,70,111,37,77,81,203,247,77,142,241,49,112,245,178,37,108,19,88,149,248,13,88,193,53,36,132,12,20,90,201,68,
111,125,11,9,102,198,74,120,77,17,29,103,201,79,43,169,221,33,84,184,27,126,189,228,5,91,226,58,133,161,235,243,
57,186,24,108,200,40,50,148,237,109,142,148,10,67,144,242,110,162,219,52,75,161,156,121,164,215,55,75,85,248,115,133,
172,38,47,133,12,76,175,238,45,54,140,19,66,135,169,55,93,177,22,157,186,254,89,41,148,33,159,187,2,77,107,197,
33,65,203,13,99,106,203,227,164,219,19,106,132,207,57,179,141,11,122,96,182,61,149,189,252,70,103,156,55,178,172,3,
77,110,231,75,163,203,45,143,93,203,82,205,245,241,52,146,232,89,153,193,24,98,107,193,96,219,183,19,88,160,246,44,
191,207,38,171,180,231,75,233,17,21,143,187,17,117,142,21,81,109,181,11,65,212,228,59,192,201,252,96,254,38,42,164,
208,38,138,185,53,104,199,217,203,113,9,47,111,221,219,54,147,213,16,123,210,231,57,166,39,251,87,156,200,74,171,41,
84,84,177,242,84,181,46,59,111,204,187,17,129,250,27,97,194,205,25,128,239,39,174,222,231,35,123,254,48,114,209,211,
49,139,6,15,144,15,22,109,221,77,122,178,219,5,129,228,79,130,193,38,254,128,217,91,127,199,47,228,87,158,60,144,
204,49,61,84,179,102,154,214,54,36,111,206,47,87,164,0,4,96,204,67,95,161,247,16,174,224,91,105,156,6,15,115,
203,80,118,172,16,33,109,209,45,151,243,83,93,191,24,152,185,191,53,110,187,29,153,205,6,95,118,204,221,117,128,207,
121,60,106,16,168,206,14,124,122,213,50,116,177,25,126,123,217,38,182,226,25,54,92,149,1,133,167,236,80,79,134,69,
199,246,39,46,153,242,74,195,246,233,138,147,187,55,154,194,1,99,108,218,62,161,196,54,152,174,4,45,227,11,74,172,
122,11,76,234,215,81,144,141,217,66,187,217,35,128,142,205,112,235,229,60,134,143,229,73,196,4,67,141,145,26,126,6,
46,50,207,216,46,146,210,53,81,214,164,53,118,229,47,110,226,235,6,165,32,72,135,174,242,37,172,236,79,107,176,181,
66,166,243,51,90,188,197,27,127,18,58,97,189,250,80,193,60,41,163,5,14,100,141,67,72,170,209,21,72,140,3,62,
125,215,224,16,182,78,116,180,34,32,123,216,26,85,192,23,39,121,230,103,59,151,220,36,100,176,102,83,170,12,253,83,
207,109,90,177,212,31,146,244,112,164,216,63,65,94,227,132,171,218,71,80,169,220,131,160,230,68,86,178,194,90,101,227,
82,56,142,21,85,184,247,30,63,184,28,116,132,219,61,105,93,3,155,193,1,111,109,200,37,103,163,18,107,114,201,57,
174,205,26,124,50,165,236,166,160,26,89,98,160,63,186,167,254,96,140,191,70,158,174,236,40,115,230,72,196,248,44,147,
149,178,43,207,250,45,151,137,244,92,207,178,14,83,155,241,63,162,226,33,131,175,202,105,228,233,40,138,182,170,105,237,
11,240,172,192,199,119,245,17,78,187,120,13,113,214,33,61,135,203,33,133,197,5,44,142,151,237,93,206,247,56,151,141,
47,150,5,43,117,139,211,19,119,21,61,129,192,236,66,107,254,14,136,175,243,38,126,240,29,92,189,174,77,174,227,19,
82,235,244,52,187,19,35,157,255,8,35,159,2,42,105,203,205,88,188,33,108,136,210,22,108,208,16,80,119,217,226,56,
150,69,87,150,27,36,122,187,89,129,133,255,240,129,170,96,101,133,28,15,101,236,103,143,171,48,57,84,208,51,150,154,
55,29,83,204,70,97,153,242,79,153,250,126,88,227,72,69,153,8,55,158,199,41,50,136,212,138,178,206,83,92,119,219,
110,126,248,90,52,117,23,161,194,246,105,103,195,38,91,132,186,104,116,190,32,166,130,0,52,85,147,50,173,213,20,59,
127,213,57,145,220,248,90,87,162,4,111,221,37,138,65,214,58,135,234,6,139,148,199,19,142,206,13,87,108,182,21,154,
172,47,156,86,235,33,180,196,62,160,169,255,40,222,6,69,132,176,227,71,182,201,63,115,148,210,113,236,20,83,122,190,
20,120,208,27,55,153,131,230,62,191,238,30,124,146,233,79,206,221,97,204,203,221,147,1,56,120,215,220,228,135,212,20,
59,216,225,55,155,219,67,130,228,202,67,132,255,254,130,237,236,7,106,230,5,137,242,2,74,105,59,84,148,249,251,12,
196,61,104,151,180,1,98,119,55,104,157,187,9,104,194,249,102,174,6,181,102,211,68,18,176,15,210,48,148,15,55,128,
225,240,64,157,32,71,140,232,233,59,172,30,90,153,238,240,61,240,110,68,139,237,246,86,185,58,92,148,254,6,98,192,
51,87,163,252,25,111,199,58,98,152,78,75,158,11,56,164,238,1,86,175,7,128,179,166,71,80,120,23,87,127,249,56,
41,186,227,153,158,0,63,60,125,225,105,141,206,49,48,147,247,112,147,216,45,50,149,247,123,147,201,119,131,205,47,181,
145,15,126,76,162,6,153,193,35,74,142,169,72,148,250,59,64,143,238,85,126,229,36,147,156,183,51,150,249,21,119,128,
214,34,181,209,4,97,115,180,92,226,187,57,168,118,204,48,195,235,77,116,184,211,114,220,8,71,182,191,218,86,185,28,
56,154,163,249,69,216,20,51,128,192,22,135,2,239,70,144,212,7,107,230,14,53,175,153,36,136,16,56,60,182,167,56,
121,249,33,96,170,203,1,97,233,15,87,160,238,77,167,222,75,147,235,176,75,182,56,82,76,242,6,13,189,59,87,148,
1,190,83,161,28,68,166,229,214,103,168,35,110,126,23,27,117,218,83,114,182,17,219,63,155,25,70,136,232,241,68,157,
15,131,197,27,34,131,155,85,125,166,43,17,103,238,105,86,149,15,59,86,245,112,93,156,22,19,78,178,43,153,225,70,
253,146,246,91,131,229,71,21,131,207,133,173,189,19,23,100,4,105,145,208,85,59,121,24,112,152,250,16,93,190,211,141,
181,222,99,73,159,38,161,142,205,71,115,142,45,168,149,212,78,75,195,39,140,215,243,85,129,215,0,123,187,29,68,136,
222,7,130,194,230,72,130,194,38,161,236,8,82,150,201,45,203,193,57,157,147,175,74,197,215,22,155,164,191,59,158,1,
64,98,158,244,66,189,8,71,110,143,205,108,231,204,2,169,187,7,39,231,24,77,107,185,24,114,147,29,95,181,188,29,
53,239,1,64,162,171,233,101,224,240,71,169,154,240,84,231,50,54,135,173,230,144,6,57,127,211,129,57,165,20,58,132,
154,226,56,134,233,17,139,237,187,76,141,240,48,111,185,194,48,183,230,43,77,183,192,38,124,0,30,95,198,200,255,197,
67,95,156,9,198,91,204,71,111,139,16,246,111,176,78,118,122,220,32,118,142,38,49,182,19,39,132,218,250,132,198,28,
35,132,156,86,126,202,241,18,80,239,47,146,174,16,1,146,246,37,106,140,246,11,102,188,61,101,156,223,74,163,251,116,
167,154,59,68,132,208,75,139,202,20,29,115,239,141,181,185,86,19,134,205,142,177,251,100,95,90,32,158,186,247,100,33,
182,26,127,202,206,72,116,143,11,169,174,237,114,88,174,53,141,140,232,45,124,205,60,190,216,188,128,140,214,56,190,154,
24,76,85,195,74,197,202,9,83,151,202,22,145,244,16,149,102,188,12,164,175,246,101,111,186,39,151,160,65,166,163,247,
102,149,252,59,170,120,9,74,173,213,44,142,151,16,81,180,220,51,149,136,228,47,199,210,87,180,200,37,123,155,37,103,
189,196,37,61,254,53,109,196,222,41,147,13,231,101,177,221,51,151,18,58,86,160,169,4,163,251,35,74,163,227,57,111,
2,18,105,238,247,42,142,44,84,88,210,254,84,184,240,249,141,239,226,32,132,58,98,102,3,233,39,163,30,46,109,231,
19,29,158,252,99,162,214,247,53,177,79,119,147,245,33,119,160,51,126,189,31,198,126,229,84,122,196,218,34,120,198,65,
140,168,10,19,140,240,72,71,163,232,48,147,247,114,119,158,0,33,119,219,121,161,156,255,233,158,255,52,155,218,38,47,
168,233,100,140,238,80,54,99,8,144,174,169,74,61,147,247,114,130,217,59,44,154,254,97,137,200,66,110,137,220,171,199,
3,110,41,199,56,171,148,252,104,124,209,29,181,210,17,114,55,170,241,171,211,228,94,79,189,68,191,196,3,136,145,172,
40,198,238,45,67,145,240,74,107,238,54,142,61,245,92,203,241,59,81,160,5,98,210,11,63,167,175,183,90,226,207,38,
136,121,10,75,233,238,80,110,174,4,58,205,221,52,185,194,245,89,247,31,35,157,201,31,131,187,196,88,186,208,235,103,
202,45,49,206,180,10,86,12,52,39,166,146,39,139,216,24,63,185,234,64,129,252,71,134,173,206,71,171,38,236,141,242,
239,67,178,225,72,135,211,220,85,150,17,57,155,253,227,16,145,239,86,162,4,13,64,140,7,71,134,232,20,106,138,6,
15,173,12,207,100,200,45,85,183,246,255,85,220,87,92,114,21,43,119,151,81,134,197,39,13,134,199,101,106,204,46,252,
82,241,108,72,219,49,55,150,150,111,164,219,254,46,162,248,88,171,226,71,48,165,17,122,175,156,27,7,177,19,145,169,
141,77,99,177,214,109,192,247,92,69,186,38,143,196,177,48,28,177,21,98,162,201,67,111,197,6,129,204,11,50,83,204,
48,171,113,11,118,117,113,47,181,142,25,126,123,207,62,109,212,32,130,80,225,10,192,197,39,137,146,197,17,199,180,243,
97,161,242,90,214,252,50,153,155,178,35,151,197,4,106,115,193,40,153,184,67,168,165,249,104,151,254,15,113,181,232,111,
175,215,81,144,153,18,59,241,246,41,112,121,205,119,251,38,19,180,202,229,97,255,236,43,141,174,236,80,215,243,45,134,
203,46,146,210,53,57,214,188,53,153,20,25,64,226,176,6,89,24,75,59,220,183,13,172,4,79,83,181,249,44,144,46,
27,149,212,209,73,127,250,93,121,254,204,34,193,25,65,163,202,14,65,138,5,94,170,12,218,107,148,74,79,177,19,28,
79,155,81,62,125,232,42,130,211,20,115,191,230,7,128,169,36,76,163,237,246,71,222,102,83,170,47,253,83,183,74,90,
153,243,243,142,251,108,80,212,63,62,58,248,126,87,226,71,68,152,7,54,157,174,40,25,111,235,102,118,205,47,34,119,
230,159,201,171,83,101,190,208,138,191,254,96,105,156,0,123,198,226,68,77,163,7,118,146,204,56,43,197,52,96,199,216,
82,67,153,21,144,160,247,89,76,161,46,173,226,33,131,140,191,35,158,233,5,103,112,198,42,185,193,54,153,160,237,86,
202,185,45,148,150,253,23,146,241,61,159,168,254,63,186,226,68,131,140,226,70,193,202,16,117,115,197,61,184,210,24,120,
122,199,112,244,18,13,180,198,18,28,242,35,88,96,195,36,57,0,43,94,190,210,220,127,250,12,110,149,158,12,147,211,
54,117,215,224,7,99,218,10,75,151,236,69,157,22,73,60,221,230,38,138,40,45,108,206,250,45,121,47,40,93,192,197,
35,111,51,88,81,187,196,81,181,26,101,105,203,236,101,142,68,108,171,13,212,95,195,40,115,119,217,250,115,156,82,122,
185,27,227,109,209,54,94,192,255,8,94,229,61,77,199,231,37,123,201,68,143,171,13,22,143,208,51,150,146,9,17,90,
183,41,165,216,55,73,81,249,127,88,227,72,69,153,8,55,158,221,41,85,136,212,79,143,206,83,33,143,243,145,185,213,
43,114,202,209,146,195,5,21,93,192,36,124,140,203,69,113,140,8,107,147,13,111,85,171,50,126,154,212,62,51,205,60,
104,207,14,90,134,185,5,128,192,255,132,82,192,36,194,234,6,122,135,234,78,166,182,245,111,155,182,50,149,189,55,153,
127,213,92,200,208,69,168,175,252,101,217,200,60,163,165,12,38,161,0,76,174,148,210,54,201,20,24,146,131,217,120,243,
248,55,188,131,224,74,183,219,38,144,144,225,81,190,221,97,204,203,221,134,10,40,35,202,218,55,141,195,66,114,213,225,
48,79,30,73,139,221,161,59,170,214,67,139,227,168,67,176,33,5,137,244,243,239,178,42,12,83,181,190,20,135,0,39,
107,190,212,40,139,11,35,94,205,205,55,155,9,42,96,17,29,33,141,8,48,126,222,230,65,150,30,68,130,233,226,52,
165,23,83,146,232,233,63,154,105,133,193,44,231,129,240,28,144,210,40,47,144,168,98,138,155,21,6,92,192,59,123,221,
28,37,99,204,71,118,243,87,3,159,12,138,96,222,77,27,172,16,80,120,207,49,34,120,244,87,131,197,44,41,122,230,
77,185,3,22,94,180,234,125,141,204,46,55,165,44,132,172,211,58,67,190,38,174,155,21,119,69,155,23,146,162,225,91,
76,166,13,173,181,42,141,148,225,74,190,173,33,136,138,241,11,134,229,49,88,156,242,27,150,214,21,95,104,214,34,161,
204,253,102,115,189,29,164,209,12,103,126,196,31,223,16,69,99,177,16,106,161,14,84,189,184,201,113,247,208,91,192,189,
17,128,175,22,85,161,205,0,135,2,42,70,203,212,239,83,218,64,59,155,155,254,95,208,0,65,153,170,254,173,208,68,
134,220,227,68,92,22,16,138,201,245,16,140,239,23,145,184,193,47,135,245,13,146,253,9,13,176,43,61,100,1,207,96,
137,63,103,166,205,17,44,152,18,63,114,207,207,97,197,42,117,145,22,31,117,182,84,124,128,226,218,116,227,15,118,135,
36,10,131,172,63,79,142,43,249,79,203,58,132,149,50,24,145,186,77,93,156,57,7,93,217,54,146,209,29,73,124,3,
126,166,194,71,80,107,207,116,160,223,43,28,173,214,140,121,243,85,94,121,24,88,136,198,77,25,180,33,146,118,250,101,
100,118,31,163,193,166,93,102,166,45,133,149,236,78,87,173,17,175,156,210,94,138,217,34,175,228,39,124,127,215,4,164,
237,29,138,147,222,65,146,195,46,143,152,229,71,211,175,44,157,159,234,95,207,253,59,87,97,152,91,211,181,28,139,129,
195,93,217,253,63,93,186,4,101,233,195,84,169,193,24,121,240,202,78,185,184,180,122,248,20,81,190,123,16,116,217,1,
99,162,171,1,136,3,8,30,157,137,30,143,10,50,78,152,161,15,115,238,57,120,150,160,215,159,23,249,119,217,204,34,
169,1,41,104,237,246,41,100,51,79,139,246,155,80,177,230,77,118,216,225,55,131,22,62,101,223,232,38,138,5,69,167,
206,198,112,200,64,113,98,12,34,112,149,57,107,181,22,7,122,211,78,117,112,239,219,112,212,57,73,136,37,46,73,232,
64,80,167,9,250,80,204,106,70,202,53,52,48,243,107,77,203,58,67,153,218,120,125,223,30,74,160,201,68,167,230,252,
89,163,4,136,98,233,88,89,112,251,148,174,210,95,96,185,253,151,199,244,99,26,141,212,163,201,11,93,60,119,35,171,
203,203,73,125,203,50,141,212,27,107,129,133,6,100,203,10,121,71,181,1,183,164,30,93,102,164,67,190,154,30,137,136,
132,67,199,229,202,135,153,229,14,137,146,38,136,123,244,53,152,216,23,121,130,216,95,159,190,42,170,165,8,67,227,13,
81,178,154,2,115,242,13,70,170,124,238,125,240,27,60,177,198,32,116,253,38,43,150,203,32,132,246,28,108,130,201,46,
139,251,52,104,208,216,232,77,169,48,108,136,185,28,109,212,50,114,208,220,243,171,26,63,135,155,246,63,178,46,83,142,
162,240,79,169,202,84,150,236,243,84,108,38,78,119,217,5,56,156,23,98,161,224,192,51,122,52,105,168,10,240,46,146,
37,77,140,17,26,44,145,237,116,176,204,20,106,184,51,126,154,252,5,126,226,58,57,204,34,40,135,135,96,149,204,239,
20,149,241,111,71,163,232,69,153,0,107,56,213,68,69,104,213,117,150,226,61,68,136,13,117,176,224,5,43,170,21,136,
113,202,89,90,164,21,145,179,237,62,104,171,34,142,165,9,98,96,127,255,165,197,7,98,112,191,229,65,196,12,100,19,
200,41,94,142,205,47,56,151,1,123,151,221,69,77,150,246,126,157,240,82,78,157,248,194,237,218,68,77,163,16,145,184,
235,84,99,184,15,134,187,241,103,112,186,22,145,176,67,153,159,254,20,211,6,246,164,176,250,92,226,190,60,158,145,231,
110,233,238,45,178,128,238,82,181,233,95,188,201,32,130,244,33,89,124,147,225,76,195,236,43,143,148,227,62,5,48,99,
195,215,225,132,209,52,56,154,163,52,152,216,24,87,220,234,29,164,252,24,60,158,165,65,174,44,2,128,239,248,78,178,
10,50,89,187,196,38,126,244,19,142,240,227,57,192,59,64,127,4,210,64,164,7,30,161,14,200,93,147,73,54,117,215,
27,113,154,45,85,183,25,255,120,185,40,114,131,32,238,68,168,94,134,138,4,13,134,234,66,141,169,240,249,128,228,73,
113,211,53,27,113,248,56,120,183,1,19,162,8,112,94,212,67,76,162,6,94,134,173,15,24,105,0,136,176,239,81,55,
141,217,84,124,179,12,90,185,19,74,183,255,87,28,183,34,164,190,184,102,114,188,30,164,128,254,109,118,145,13,112,176,
215,57,66,211,252,143,218,246,64,132,154,49,126,225,32,95,104,190,10,192,197,248,86,93,168,20,143,188,226,131,153,239,
24,171,187,18,92,101,187,90,154,218,60,123,108,253,33,207,201,67,165,139,225,69,168,11,39,125,168,208,111,234,239,46,
144,129,18,83,177,213,75,186,195,222,90,189,253,36,134,143,32,73,220,39,67,141,209,230,126,203,46,109,172,181,11,87,
13,18,49,143,166,249,93,218,240,116,228,227,223,158,34,64,68,166,144,72,175,30,68,142,164,243,88,181,37,94,146,250,
2,10,173,40,58,121,254,7,58,134,25,100,128,202,235,100,141,255,40,72,9,15,31,194,61,79,177,216,249,114,155,46,
121,149,247,35,86,186,88,93,115,41,38,121,230,19,141,191,48,58,141,237,26,135,207,39,214,142,245,100,138,212,234,50,
149,249,81,156,219,61,70,121,0,88,163,226,248,30,87,250,95,111,198,75,25,111,235,137,142,205,82,32,109,210,46,184,
250,80,87,184,208,138,178,219,61,105,156,0,123,198,5,68,36,151,222,152,205,12,110,84,146,246,137,177,240,117,126,144,
245,81,216,20,48,135,222,71,110,158,20,131,140,191,70,193,233,40,103,147,198,77,200,164,36,147,146,164,71,194,212,19,
152,126,212,56,214,254,26,92,92,6,94,214,7,248,172,168,13,114,234,14,255,166,184,4,14,222,6,47,180,130,240,119,
183,247,89,152,161,26,91,214,33,61,118,156,213,141,6,49,96,103,206,46,144,201,4,112,199,213,50,153,7,46,41,168,
148,62,160,30,54,31,227,239,57,155,33,253,123,221,184,73,138,40,45,108,206,215,21,121,12,87,91,172,210,11,152,56,
101,165,244,10,85,187,255,103,157,17,203,88,201,33,73,171,13,243,49,208,16,47,104,4,225,57,164,66,62,132,227,20,
62,168,32,113,132,238,243,113,169,39,80,183,237,254,80,220,43,90,153,32,253,90,187,36,83,146,213,54,153,242,130,120,
233,68,74,95,226,113,176,203,72,84,169,17,124,95,187,0,63,164,6,146,181,247,26,30,180,15,156,117,188,102,40,121,
209,92,204,196,33,30,132,48,100,132,186,38,37,140,36,111,108,3,114,112,219,13,186,219,23,56,99,137,10,104,161,20,
70,36,210,67,179,240,253,145,147,230,9,153,196,47,128,149,227,2,154,165,44,152,159,179,44,170,254,44,154,155,150,82,
218,247,75,123,182,5,102,160,234,58,173,169,8,114,153,222,0,161,183,13,78,236,20,83,181,155,20,85,243,27,248,152,
174,241,65,237,28,97,208,128,243,58,16,199,100,208,215,221,94,188,35,111,209,183,48,148,15,55,83,216,190,55,155,214,
225,125,241,243,70,91,243,254,124,222,185,74,139,41,46,109,207,216,22,122,13,88,92,185,160,79,191,57,97,82,209,189,
82,182,27,102,130,204,237,67,167,34,74,172,211,211,83,218,78,91,172,27,40,113,207,76,61,160,21,39,115,216,96,105,
201,28,48,134,223,89,87,159,45,53,139,230,95,152,139,43,67,146,235,119,148,217,58,253,138,238,83,123,162,63,37,123,
2,66,165,161,228,76,159,189,134,175,243,1,73,159,237,139,120,207,84,34,144,23,111,151,249,56,65,186,251,77,196,6,
22,71,170,251,98,192,0,94,106,124,52,163,200,16,36,127,200,59,183,220,23,43,121,216,50,83,221,31,117,124,221,245,
175,193,232,133,142,228,13,160,200,239,81,149,200,3,155,166,36,112,156,242,86,209,214,253,95,104,190,34,216,221,4,93,
103,158,97,217,187,72,171,185,187,94,195,211,77,175,184,211,79,202,218,25,182,156,201,129,240,21,93,113,204,21,136,4,
41,100,120,198,37,127,160,42,108,194,201,42,66,252,36,77,151,160,14,149,213,253,119,182,226,56,80,237,248,122,218,239,
6,127,253,81,127,237,238,13,143,45,85,144,221,245,73,190,52,95,54,250,6,80,178,56,20,146,244,207,61,161,63,44,
166,205,238,44,203,70,54,113,195,233,34,201,66,118,118,237,249,123,206,85,117,125,3,35,119,220,99,109,187,27,53,134,
237,0,138,204,34,41,138,162,92,110,208,15,59,110,210,112,93,180,22,31,152,193,60,83,175,244,51,152,250,134,169,235,
14,18,168,3,144,105,236,81,90,172,211,120,116,167,25,106,120,216,71,187,253,95,100,125,13,87,96,244,64,108,159,38,
126,166,8,47,80,166,10,168,149,212,37,75,132,46,175,204,30,88,132,218,58,120,191,18,122,138,219,74,198,221,29,58,
97,153,13,134,176,239,82,74,225,82,195,167,44,148,146,251,55,213,253,56,93,141,252,91,225,181,67,168,95,235,94,215,
16,74,175,121,202,110,224,26,10,116,197,211,51,162,218,97,123,128,202,59,185,41,33,123,101,29,132,243,25,99,121,193,
1,101,224,8,106,169,213,8,84,231,50,113,135,173,230,128,10,48,128,221,233,0,100,31,62,143,162,245,66,164,32,84,
77,217,182,0,116,55,23,82,168,3,80,178,46,98,91,233,193,248,177,22,62,125,223,11,62,197,29,45,132,9,18,28,
157,251,105,174,5,33,85,208,73,114,189,217,1,107,213,87,122,196,39,31,118,149,46,56,135,231,242,72,173,23,128,204,
36,233,133,239,95,154,183,48,55,142,254,51,130,218,55,75,77,0,126,84,201,58,65,168,7,133,110,168,74,74,178,199,
74,186,178,15,12,114,30,81,117,168,26,107,121,214,50,188,254,84,91,188,212,142,136,223,100,50,136,39,103,167,206,107,
57,167,243,169,209,213,60,47,162,233,154,209,14,129,133,222,3,121,237,23,134,140,125,64,184,154,14,142,137,236,39,199,
241,53,150,126,230,87,214,241,42,142,108,209,95,178,244,71,116,168,6,97,150,219,67,172,173,196,69,218,22,31,173,171,
2,47,211,205,3,185,182,9,118,163,10,27,149,193,220,64,246,227,58,132,200,227,95,194,37,100,139,153,217,90,184,31,
48,170,214,241,85,11,248,79,153,221,248,116,215,58,121,160,174,243,98,210,57,98,231,205,70,135,2,77,81,203,212,42,
177,241,25,71,238,0,76,86,48,85,78,229,12,84,197,23,100,165,12,20,73,191,71,115,165,1,12,55,170,79,79,168,
30,242,115,223,81,51,143,26,42,120,157,53,119,202,246,43,118,219,31,108,129,218,55,129,226,102,64,190,242,19,140,181,
48,147,151,17,2,147,188,79,95,217,59,9,100,178,74,85,211,7,40,161,202,69,168,172,38,23,168,209,100,116,238,80,
30,121,199,79,106,232,52,96,147,26,114,154,252,35,68,154,254,156,137,200,25,103,198,32,65,200,4,32,94,210,40,176,
175,19,119,133,218,29,170,223,34,119,122,210,11,149,231,254,122,151,184,71,202,233,226,97,147,240,76,136,205,38,156,111,
241,74,198,183,9,83,83,253,85,205,254,239,144,107,217,96,160,200,66,105,138,200,103,167,231,14,171,180,207,56,157,226,
4,165,128,238,117,181,221,87,126,159,221,124,188,252,35,192,201,228,77,178,231,25,186,173,3,103,226,45,73,206,180,242,
110,12,52,39,206,224,44,54,16,53,46,197,241,57,170,252,73,138,241,249,46,164,44,88,138,230,241,28,143,52,52,141,
3,215,88,196,54,24,116,255,15,93,130,26,92,175,219,16,91,192,4,66,102,191,28,102,199,75,37,163,215,248,113,154,
21,120,124,246,231,120,161,52,68,190,32,238,73,151,47,58,184,236,13,134,175,42,141,145,11,252,141,182,73,89,211,53,
3,94,172,50,79,205,25,34,120,220,122,127,225,32,17,127,6,129,93,225,76,75,71,10,130,100,216,88,83,182,241,145,
187,255,96,72,176,33,160,187,244,88,54,155,41,124,190,17,62,114,208,43,96,165,13,118,119,142,15,164,224,233,119,117,
204,249,153,222,14,114,125,151,242,193,221,25,132,63,212,10,157,232,236,78,146,173,41,140,239,243,109,94,239,83,147,192,
233,104,84,233,31,178,253,1,99,167,194,62,161,4,8,130,115,4,104,168,213,254,107,105,245,104,225,26,84,185,131,212,
120,234,36,20,126,207,221,61,172,228,107,134,138,212,72,11,235,35,124,202,41,131,164,43,103,131,193,53,139,19,18,118,
218,232,61,128,13,66,133,223,226,58,115,253,79,102,226,255,32,175,50,81,74,201,251,88,180,240,53,142,4,215,89,178,
46,31,124,247,1,101,168,56,97,157,13,203,24,208,63,100,172,192,8,48,172,74,55,118,19,225,79,155,81,62,149,223,
35,121,162,34,52,144,213,29,69,193,95,76,139,40,246,100,176,102,83,170,244,56,142,183,55,73,149,234,41,142,240,124,
159,225,4,8,158,249,134,95,166,80,17,99,187,70,182,174,11,8,110,26,77,110,164,75,93,169,179,141,178,171,81,95,
190,222,120,180,249,98,102,199,44,150,191,185,57,36,138,54,105,129,20,106,112,207,207,168,218,23,55,85,174,62,168,220,
19,48,86,143,59,192,230,227,90,102,232,59,194,226,220,73,71,225,74,206,178,24,147,151,248,8,141,171,41,93,102,212,
91,214,219,26,100,168,219,39,162,5,33,166,119,205,29,162,192,76,162,190,8,50,236,16,84,112,176,6,84,207,223,89,
152,161,26,67,249,225,20,134,141,230,66,158,33,105,193,112,30,143,255,60,73,221,223,50,85,229,16,123,204,225,47,78,
230,241,88,189,242,55,167,26,11,136,237,246,72,130,48,12,139,247,254,18,152,50,94,147,0,254,90,189,246,18,153,5,
12,32,166,64,108,161,14,12,104,203,248,43,95,0,9,73,149,16,80,178,217,226,115,180,82,122,118,185,29,124,214,22,
62,94,51,201,122,231,88,38,199,44,41,125,236,27,137,215,50,48,151,240,113,152,137,42,51,150,250,82,122,185,27,71,
157,222,89,105,192,10,43,129,196,64,73,221,63,50,171,212,103,178,182,48,92,143,243,145,150,213,90,64,109,238,76,186,
244,97,113,185,194,159,202,253,93,113,123,30,153,171,234,76,61,171,247,138,213,217,83,92,213,57,104,173,207,89,111,178,
2,174,221,34,145,43,224,65,118,221,28,104,113,199,19,166,182,13,146,96,206,50,208,248,235,161,158,241,94,117,3,53,
149,169,255,31,216,15,71,158,184,3,109,231,201,9,98,177,207,104,239,22,85,131,150,17,127,234,30,92,190,190,18,135,
182,223,21,188,206,26,67,159,45,95,191,211,41,73,2,57,113,200,226,45,151,17,243,51,140,219,249,151,28,71,68,185,
239,58,163,37,80,130,227,168,27,98,35,70,144,249,244,5,174,50,80,84,151,6,79,177,55,95,90,250,18,97,186,70,
99,168,9,204,35,126,63,47,167,27,29,112,159,36,109,186,29,36,119,229,15,56,110,21,39,115,156,248,94,170,249,238,
117,224,97,150,124,251,231,139,234,104,46,200,51,50,46,236,114,75,214,59,56,140,251,42,145,221,28,13,158,2,66,165,
228,70,79,106,218,147,189,159,71,89,178,196,126,166,183,25,34,120,23,87,127,190,56,100,151,239,94,129,199,22,99,196,
217,147,200,228,46,114,200,241,167,207,14,112,62,190,38,161,155,218,60,69,214,255,122,162,249,126,100,206,18,195,236,41,
130,144,223,10,186,231,31,146,81,167,66,189,183,246,88,97,242,27,150,190,21,154,128,183,34,158,189,248,102,110,201,35,
166,210,3,92,170,9,99,154,7,79,167,86,7,116,229,179,84,185,182,10,121,168,15,32,130,198,225,93,251,0,63,196,
205,215,88,182,44,102,203,114,42,145,0,38,112,134,213,58,151,7,64,116,220,228,236,143,15,33,72,194,238,9,133,0,
40,79,201,245,75,107,29,69,86,208,193,47,182,49,54,117,250,3,30,154,56,96,159,190,168,83,183,63,44,166,229,214,
44,168,35,75,173,236,221,51,175,42,60,129,202,240,41,204,71,65,152,226,3,124,224,56,96,194,36,242,96,231,98,138,
103,40,46,62,225,92,86,173,247,24,145,245,77,117,215,57,7,117,252,119,159,146,53,75,151,183,128,169,237,251,67,107,
207,133,114,201,78,52,138,17,140,104,251,81,87,182,182,134,128,191,92,42,152,31,119,159,1,99,32,147,218,148,188,229,
106,80,142,10,133,173,236,78,122,149,240,143,218,13,109,129,187,59,171,235,22,133,74,187,58,189,222,28,84,102,232,75,
198,229,34,149,82,230,89,205,234,58,145,160,245,19,143,152,54,149,88,237,81,217,198,64,127,112,198,66,189,229,71,134,
119,205,73,196,214,27,100,193,11,108,240,180,63,180,198,30,131,234,29,69,197,192,35,79,211,25,103,205,215,42,129,218,
46,108,212,219,46,143,10,43,119,143,153,208,128,14,63,128,227,216,57,139,36,62,138,180,198,69,166,27,75,97,246,254,
84,179,45,25,78,222,246,74,191,53,96,95,189,6,83,201,245,30,93,160,4,99,189,222,96,170,189,18,107,195,60,111,
98,3,222,76,211,43,118,181,220,32,83,159,85,78,203,47,219,119,228,98,56,182,234,46,132,232,99,80,167,44,53,104,
239,106,99,150,243,4,70,238,116,77,203,255,32,153,218,120,160,164,65,39,101,4,110,154,171,72,81,167,11,75,139,237,
79,53,174,18,126,134,251,94,101,178,27,143,126,242,89,91,194,220,87,182,199,100,109,195,39,103,167,9,107,81,202,46,
103,150,219,47,52,158,2,111,159,220,54,54,209,62,175,147,23,130,129,125,59,193,154,37,138,135,219,74,121,224,31,83,
116,202,46,204,244,248,90,123,209,53,176,216,58,156,106,199,48,233,199,13,111,108,205,50,161,209,18,106,120,209,54,249,
196,79,180,177,5,116,163,10,73,184,193,23,123,246,251,34,156,200,239,70,177,31,103,204,131,24,78,201,44,107,205,179,
44,85,11,51,114,212,186,51,104,215,250,48,206,215,4,128,251,35,133,231,181,11,135,2,42,105,203,247,77,118,248,8,
139,248,178,71,171,51,91,154,252,5,56,132,23,98,114,246,255,98,198,65,105,168,231,216,70,205,7,99,162,214,247,77,
177,79,119,123,221,254,84,184,51,91,189,31,237,74,209,80,74,137,38,47,133,198,100,81,203,45,54,140,205,107,132,134,
45,63,139,171,107,156,209,217,61,156,246,54,94,126,59,75,168,254,125,162,155,75,85,176,192,122,162,179,45,30,140,19,
142,147,210,87,96,123,247,149,189,252,18,92,191,25,80,183,200,42,110,137,5,163,168,231,108,117,127,55,166,203,19,17,
128,201,43,177,217,212,116,140,219,52,192,221,34,131,70,157,248,180,233,46,133,102,225,74,157,241,47,145,102,198,79,212,
236,55,152,161,238,80,220,184,248,81,159,254,88,152,161,53,105,114,3,44,191,10,38,136,180,10,34,186,197,82,175,187,
175,110,242,16,245,178,196,16,26,239,34,18,192,204,22,120,254,218,88,199,149,38,79,5,242,73,147,215,45,145,12,5,
47,145,163,1,100,219,0,56,163,177,9,113,228,4,63,175,190,19,104,218,78,144,230,237,78,102,32,85,89,187,220,50,
185,52,33,96,253,215,107,209,239,93,165,10,193,86,186,7,106,169,208,20,47,171,38,54,176,215,248,54,213,80,73,124,
217,233,44,212,90,51,177,32,238,68,192,59,134,197,236,245,134,217,88,128,145,46,55,82,241,49,113,176,250,62,89,213,
56,155,218,45,22,87,242,109,103,225,67,17,162,203,94,134,173,74,24,134,210,136,176,173,68,77,117,20,143,124,246,29,
62,148,224,150,131,218,36,104,190,223,86,140,209,50,35,190,43,156,128,4,111,110,106,48,174,202,7,116,49,198,20,119,
183,25,123,73,218,3,150,166,32,95,139,190,249,145,156,18,134,148,224,79,210,189,3,136,145,215,72,196,178,68,75,130,
235,91,206,177,13,82,154,253,62,185,4,67,130,115,4,45,159,193,58,112,124,209,95,174,220,27,163,128,220,64,225,221,
35,134,121,214,61,172,7,104,183,210,29,140,255,32,26,153,133,26,139,227,11,109,207,181,243,146,210,241,42,198,163,253,
99,4,0,70,175,219,5,111,232,56,75,179,182,56,112,242,20,126,180,189,26,163,244,31,90,231,196,32,133,37,33,102,
194,247,33,140,9,84,103,207,212,84,140,13,54,154,210,222,48,191,14,54,118,3,226,59,155,65,61,131,227,19,61,168,
29,112,131,235,238,112,168,42,78,182,236,252,84,161,35,78,129,12,47,145,244,33,102,136,41,63,114,214,116,156,184,2,
70,97,188,49,147,166,14,19,147,203,77,117,217,15,31,114,254,77,125,182,66,31,124,220,70,117,171,106,31,86,28,154,
182,243,96,29,178,0,158,163,5,68,53,198,239,165,146,233,51,43,158,229,151,209,21,109,129,223,6,136,211,18,100,122,
209,251,201,150,3,120,141,219,250,146,157,27,138,112,198,77,200,205,244,145,95,172,10,191,187,252,101,145,187,37,154,238,
1,106,116,238,38,167,205,250,99,111,185,80,237,2,83,170,190,12,105,159,228,6,167,189,240,84,242,26,54,128,196,223,
58,175,17,36,137,148,17,73,203,240,87,141,157,238,124,203,249,54,192,157,250,95,254,250,64,164,208,250,100,221,45,69,
173,176,50,106,235,16,120,176,188,14,157,236,20,84,225,192,25,121,31,27,97,197,241,27,134,1,78,97,201,204,78,134,
7,49,148,202,218,44,185,8,54,119,253,218,55,151,59,55,124,222,211,48,151,6,87,176,30,38,46,175,13,116,192,255,
8,129,229,61,77,199,238,238,62,220,43,89,147,32,253,90,187,94,90,160,252,48,90,197,66,83,153,242,88,90,159,124,
167,218,58,78,88,251,118,112,234,76,26,171,15,103,143,182,24,92,119,22,110,109,201,14,78,182,31,144,195,10,47,63,
184,28,135,188,252,36,128,123,13,155,207,6,35,73,130,37,173,178,241,118,127,178,254,180,161,215,51,118,160,7,127,211,
230,79,85,211,11,141,176,25,79,94,175,62,141,187,244,130,95,188,34,134,181,247,77,137,1,82,223,252,70,160,162,179,
52,146,249,69,132,141,6,106,194,210,76,115,115,195,97,176,218,32,165,130,222,60,227,223,37,137,181,223,67,197,18,39,
140,145,18,74,204,245,88,142,158,238,125,204,250,51,193,158,251,93,255,251,65,164,209,253,100,219,51,70,168,178,51,109,
235,15,121,175,190,17,158,237,27,88,226,191,27,126,32,28,97,193,242,28,135,254,79,98,203,213,79,135,8,46,91,196,
208,26,167,60,112,174,194,232,33,196,76,81,144,21,30,81,157,83,64,118,210,21,63,169,32,114,133,238,244,114,170,44,
79,184,238,253,78,221,44,90,147,33,254,91,193,37,84,138,73,254,53,251,121,149,210,63,252,145,245,66,106,169,11,79,
130,206,97,137,200,18,51,172,16,139,103,195,8,72,176,25,138,189,4,41,57,178,22,129,182,246,30,122,117,7,149,201,
0,29,67,124,31,167,172,235,112,121,172,248,174,155,209,45,112,154,2,124,205,224,73,76,205,5,134,168,19,73,90,172,
56,135,181,242,124,89,182,26,128,175,241,71,131,251,76,217,246,64,154,156,173,46,140,243,63,126,135,0,100,188,204,70,
109,109,189,91,170,214,17,159,124,217,58,221,217,32,123,175,217,67,188,12,31,136,140,12,68,197,235,82,136,152,234,119,
198,245,54,187,154,243,83,249,245,52,151,203,247,94,213,40,59,164,175,40,96,230,12,115,169,185,9,152,231,21,82,220,
185,22,120,26,22,92,187,236,22,129,252,73,92,197,208,73,129,3,44,85,190,202,20,161,54,106,168,188,226,27,190,70,
75,138,15,24,75,151,77,58,112,204,15,57,164,29,108,127,232,235,108,164,37,71,178,232,249,75,215,38,84,145,27,248,
85,185,31,78,132,67,248,47,245,115,143,204,57,246,139,239,60,100,187,29,14,159,3,91,166,194,71,80,107,10,98,97,
189,2,66,170,19,132,183,254,35,51,172,16,123,176,240,24,116,111,1,143,195,250,23,61,118,25,161,166,229,106,115,166,
242,168,149,203,39,106,148,252,121,199,218,66,73,199,255,129,171,13,67,83,171,50,129,175,240,118,83,176,16,180,176,245,
87,134,176,27,151,169,239,84,81,218,96,200,2,54,163,164,243,18,170,181,51,162,136,222,101,224,229,12,169,119,196,34,
215,211,21,116,169,211,62,182,6,25,130,135,6,62,191,230,76,130,145,233,113,192,238,45,181,146,239,84,243,241,51,145,
197,239,83,207,34,55,156,161,34,90,221,253,104,158,174,0,146,225,16,73,214,179,16,113,20,16,85,177,230,16,122,242,
67,86,190,197,67,123,253,37,79,184,196,14,155,48,100,162,182,220,21,184,64,69,132,9,18,69,145,71,52,106,198,9,
51,157,24,102,121,225,232,102,158,31,65,172,226,242,72,151,25,56,212,226,204,132,235,90,128,202,224,40,80,239,47,87,
209,16,60,111,211,59,100,140,11,247,114,248,115,167,199,54,64,110,217,119,159,205,81,71,143,0,124,106,224,79,53,139,
18,141,146,185,86,36,113,207,132,128,193,41,86,128,236,95,179,198,47,58,179,235,109,146,249,49,61,143,30,109,153,218,
98,63,156,2,160,156,225,65,114,156,6,123,207,226,75,78,149,0,123,132,37,138,135,219,74,121,224,9,83,151,237,81,
145,185,16,90,123,185,29,152,175,11,80,126,246,90,225,234,54,153,122,215,94,217,240,81,160,155,254,99,164,3,79,142,
151,16,116,204,220,86,125,125,205,107,186,228,41,175,140,234,70,237,233,47,147,191,233,84,204,28,49,150,155,28,84,210,
252,98,152,167,247,135,214,5,70,203,168,9,105,14,10,79,178,224,12,115,234,61,80,178,188,61,119,245,25,131,185,198,
27,168,247,38,95,236,201,37,131,42,38,108,202,252,38,145,14,31,101,199,177,105,208,63,101,175,197,13,112,177,20,84,
123,245,33,60,160,86,91,154,252,5,126,167,35,82,120,247,227,94,228,95,147,179,34,44,90,197,99,139,185,61,51,123,
236,104,86,204,59,33,119,254,121,126,165,66,16,93,187,112,108,174,15,66,108,214,81,159,178,26,35,159,217,87,123,229,
27,40,129,10,89,136,199,78,43,135,229,140,136,205,43,94,136,243,103,187,206,54,61,187,243,117,157,1,57,69,151,38,
117,160,222,106,71,161,7,168,164,231,72,64,157,1,93,206,46,129,134,231,50,207,228,251,100,144,230,58,208,240,47,150,
152,177,104,114,222,48,158,159,176,49,143,246,66,129,138,3,103,191,207,73,112,112,192,94,173,215,28,162,127,221,57,224,
220,34,134,178,220,71,191,15,36,137,142,15,71,198,240,85,139,155,243,122,201,247,52,190,155,247,85,252,248,62,154,206,
250,97,216,43,62,163,176,48,104,233,17,118,172,187,17,155,234,25,89,165,181,14,102,5,78,142,235,8,85,193,232,45,
79,247,251,92,199,52,35,86,222,13,88,194,246,59,93,254,20,71,171,73,113,141,215,27,54,145,6,104,123,228,238,104,
160,34,76,174,228,243,71,211,34,80,137,23,244,81,175,85,81,149,250,39,81,187,48,132,151,1,2,132,188,62,104,202,
0,16,99,181,55,98,127,26,65,162,6,119,158,223,73,7,122,193,123,176,180,22,90,176,217,84,148,211,88,62,115,21,
159,192,244,103,101,193,36,89,184,247,43,76,138,6,164,204,232,74,118,204,245,136,211,18,116,58,113,42,143,218,25,64,
132,218,62,126,225,229,130,63,178,249,179,219,236,102,87,197,76,199,204,11,144,153,180,48,206,246,53,53,157,240,14,200,
240,1,123,108,218,97,220,225,32,165,174,201,69,227,11,74,96,189,7,104,236,198,68,166,153,239,83,182,25,53,186,195,
222,57,181,212,88,195,194,190,119,220,39,102,200,150,4,139,6,46,50,172,181,243,91,209,241,103,214,188,18,153,20,25,
64,226,176,253,91,16,12,77,181,226,12,120,235,63,82,187,198,63,119,249,30,133,189,201,27,170,249,37,102,238,203,40,
142,44,40,109,205,254,40,146,7,91,110,215,218,33,140,10,38,164,6,225,79,155,46,121,184,247,0,121,221,29,93,191,
33,42,52,217,97,127,122,27,49,100,200,102,142,170,244,56,83,174,35,133,152,253,5,133,189,63,99,203,1,16,96,240,
63,109,167,52,17,110,204,114,110,179,19,68,110,216,80,103,173,6,94,183,201,131,184,212,54,98,184,249,92,191,195,28,
31,175,231,101,139,245,43,58,146,26,105,152,216,94,59,151,245,156,152,221,58,110,152,3,120,203,222,70,77,203,3,132,
169,215,64,76,150,57,180,174,5,79,112,233,77,165,205,47,145,95,205,84,207,247,234,141,163,239,15,201,254,26,124,168,
254,63,162,5,9,98,101,245,45,172,214,59,113,130,208,96,175,221,24,164,129,221,61,226,222,35,131,180,222,73,197,17,
36,141,151,215,66,180,43,109,125,197,40,105,228,47,110,173,158,47,88,202,236,101,155,167,252,138,217,8,76,211,176,13,
113,17,13,83,178,227,13,120,243,6,76,174,152,73,182,39,20,52,9,190,245,162,62,87,146,255,239,103,184,11,58,156,
254,231,107,204,72,100,174,24,24,40,223,233,85,167,21,22,39,168,6,109,185,248,1,122,222,54,70,192,231,231,55,213,
36,80,145,25,246,83,185,87,83,152,248,41,83,189,50,134,153,2,5,134,192,62,98,204,2,15,97,241,64,111,171,53,
18,112,205,115,111,180,20,69,111,218,80,162,181,29,36,162,218,92,128,232,30,46,134,13,94,137,196,81,46,136,232,143,
139,208,48,97,139,246,115,190,209,57,67,190,246,120,157,4,58,73,156,239,113,156,207,96,138,228,61,190,229,41,56,94,
151,86,118,221,41,104,113,234,78,166,182,48,87,87,167,69,148,192,2,137,102,196,34,199,195,8,104,153,195,45,166,246,
9,114,119,246,48,174,210,60,114,126,213,97,176,223,24,165,130,222,68,227,223,36,131,181,223,73,194,216,30,131,128,21,
134,222,6,104,202,176,238,141,205,236,37,193,158,247,91,255,251,65,157,209,251,103,222,51,72,173,178,51,107,233,18,121,
175,191,15,158,237,27,92,226,191,27,124,32,28,97,193,184,21,124,235,82,158,221,230,95,195,27,43,165,204,204,28,186,
9,53,118,254,219,55,149,60,56,125,222,14,56,162,27,107,128,229,234,107,163,35,70,177,231,246,70,214,37,84,141,26,
247,84,177,30,77,131,66,250,68,204,104,145,203,65,65,159,175,71,82,208,63,37,123,2,125,130,169,70,20,97,191,116,
112,179,24,70,112,220,81,163,182,30,37,163,219,92,130,233,31,47,129,14,95,138,197,82,47,136,237,144,140,210,46,98,
140,246,115,191,210,58,64,191,247,120,158,203,52,64,138,20,181,210,23,50,88,145,52,188,193,0,133,142,193,13,195,176,
230,66,133,175,26,150,226,245,94,105,226,26,155,193,40,94,109,189,77,156,203,4,145,110,201,48,207,203,17,110,161,203,
53,174,254,17,122,133,254,54,183,224,68,122,138,221,105,184,230,34,115,131,220,30,210,24,98,196,195,24,126,1,222,58,
127,206,51,144,0,57,109,213,221,237,136,3,253,84,158,191,56,156,249,33,131,229,179,33,168,35,75,71,160,232,62,175,
239,82,86,184,193,23,147,49,30,117,191,183,42,113,43,83,100,222,207,61,196,63,68,131,8,17,44,168,70,110,173,195,
17,112,202,235,134,113,180,6,125,210,73,124,162,38,28,74,181,83,123,170,39,40,126,231,91,70,216,201,22,127,239,98,
69,161,230,46,145,210,77,152,215,22,7,152,193,51,85,206,4,17,104,243,66,112,169,55,20,113,213,117,113,182,22,71,
115,218,81,164,183,28,36,164,220,93,133,234,32,47,133,15,96,139,198,83,48,137,239,145,141,212,46,99,141,248,111,192,
211,60,71,192,248,121,159,6,60,76,162,43,124,167,226,111,76,162,9,173,169,235,79,127,169,19,144,220,239,87,96,220,
20,149,190,34,88,103,187,71,150,197,5,139,104,197,43,201,199,9,103,155,197,45,169,248,11,115,118,248,48,178,218,62,
116,131,219,99,178,225,34,167,132,226,66,229,227,37,131,183,225,72,195,20,39,143,154,20,76,206,246,90,144,160,247,127,
206,253,62,195,160,246,94,199,246,56,142,187,50,156,18,78,132,238,163,22,93,44,82,148,230,182,0,138,43,72,141,168,
206,7,170,50,55,118,251,4,55,131,57,38,92,184,251,37,144,11,88,107,211,214,88,144,18,58,158,212,227,55,195,18,
63,129,7,228,64,165,69,65,136,226,23,65,172,35,116,135,240,251,116,172,45,83,186,240,0,86,165,39,82,111,10,49,
146,246,103,142,207,57,247,106,177,114,169,225,56,82,157,7,129,99,217,59,22,132,208,99,174,237,44,53,174,18,82,146,
244,86,95,114,205,135,153,192,93,43,153,229,96,136,223,41,109,195,4,162,202,189,60,40,189,33,110,174,213,79,123,209,
18,141,216,23,62,95,216,60,183,147,23,130,129,125,84,123,132,12,143,137,219,74,172,246,34,92,108,229,73,173,253,51,
157,155,204,94,214,255,50,159,176,253,27,233,160,35,152,173,251,26,178,189,59,170,144,230,109,232,237,20,177,127,204,42,
223,219,29,127,177,219,69,194,14,33,138,141,14,70,200,242,84,138,153,237,121,200,247,54,189,156,245,85,251,247,60,153,
205,247,99,218,42,63,164,169,47,103,230,15,117,171,186,10,154,233,24,87,222,187,23,125,28,24,94,194,238,24,132,251,
75,96,197,202,75,131,254,41,145,199,212,38,182,5,53,108,250,215,52,146,56,52,122,222,10,52,158,27,103,122,220,237,
103,159,30,72,173,227,242,70,210,33,80,137,22,243,79,177,84,80,149,243,38,80,187,56,131,150,248,5,73,180,50,78,
188,63,76,151,1,123,168,148,19,255,148,202,93,109,231,38,82,168,233,100,116,179,16,13,135,12,136,171,254,87,104,106,
235,73,204,13,30,27,151,33,145,191,183,54,34,183,40,128,168,10,108,82,144,47,111,142,199,99,64,157,2,161,157,227,
71,115,157,7,128,208,227,75,78,208,8,138,172,22,76,90,179,59,138,185,248,127,92,184,22,189,185,255,97,143,185,35,
160,236,255,104,115,236,36,165,207,50,104,119,203,87,166,213,21,97,113,202,12,192,6,80,178,177,6,108,239,204,40,109,
188,33,126,238,39,91,195,203,219,118,219,3,101,140,208,38,138,202,10,73,171,156,234,69,255,52,80,213,222,52,117,19,
0,87,161,234,5,129,228,36,75,156,194,251,158,3,43,141,180,248,78,178,242,50,113,211,196,9,178,54,84,57,14,195,
250,167,67,92,151,4,244,108,189,16,63,161,3,245,115,206,81,110,136,24,30,117,205,83,131,185,213,49,22,190,76,128,
183,212,250,51,214,94,99,162,39,48,99,175,101,82,136,228,39,81,184,51,132,151,255,10,132,188,62,96,202,0,16,104,
239,62,108,169,51,16,109,209,113,111,177,15,67,109,215,77,160,179,29,34,160,218,88,124,230,28,39,131,11,90,137,200,
79,44,136,234,141,137,206,42,95,139,242,105,188,207,49,61,188,244,115,151,2,56,73,151,39,118,165,222,107,72,165,11,
169,165,234,78,123,165,9,140,216,235,81,92,216,16,145,183,30,84,100,180,67,146,192,253,135,100,192,32,197,193,7,107,
151,193,37,164,186,0,101,98,231,108,235,8,77,174,188,191,64,158,5,81,179,153,239,118,241,222,29,186,160,246,125,248,
32,60,129,126,248,125,249,28,111,200,217,219,92,186,61,126,143,140,8,146,2,48,40,167,147,40,153,241,25,123,226,200,
6,165,229,4,61,217,182,19,120,23,19,89,189,233,19,125,246,70,89,193,196,70,126,0,34,140,194,208,41,177,0,46,
103,245,210,47,147,51,47,116,212,5,47,153,14,98,117,222,232,40,147,17,23,143,15,35,121,211,77,119,190,213,251,52,
222,104,137,189,48,46,138,237,34,129,170,12,56,83,242,109,149,153,19,28,114,190,49,80,206,48,70,121,0,88,104,191,
33,42,163,228,130,135,233,16,8,123,194,124,142,205,82,32,177,21,144,125,212,54,63,125,208,144,193,246,254,122,124,193,
133,206,254,92,112,173,51,155,155,225,102,111,174,58,172,220,16,77,132,215,60,171,222,37,126,65,234,221,156,215,34,124,
64,179,250,180,233,5,103,147,233,42,141,240,244,77,80,224,24,150,190,38,92,107,195,75,154,201,2,143,108,201,47,205,
201,14,110,159,201,52,175,252,17,118,123,252,52,181,216,66,120,137,219,103,184,227,30,171,136,226,66,233,229,44,134,187,
229,80,205,24,43,147,150,24,80,210,252,94,148,163,251,131,210,1,61,199,164,1,97,5,3,74,168,220,6,106,232,57,
76,178,183,57,113,244,20,127,181,197,21,164,243,34,99,232,197,33,135,38,34,97,203,248,34,138,7,85,104,208,215,85,
141,15,49,155,209,224,52,192,15,61,120,4,225,62,164,66,62,125,227,218,55,158,13,100,196,42,40,132,231,103,60,152,
221,37,136,177,103,143,147,13,22,108,208,75,150,178,247,244,110,243,111,146,229,62,79,81,210,48,179,244,5,2,126,8,
120,166,158,29,9,158,15,103,143,241,83,57,119,22,86,117,174,74,39,132,233,136,132,202,46,90,132,238,103,183,202,50,
53,183,239,113,147,253,51,65,154,34,113,160,218,102,67,161,253,164,160,230,74,118,160,11,135,153,223,68,43,186,60,194,
234,31,128,139,233,2,154,165,42,155,157,232,93,205,251,57,85,149,213,57,215,196,62,160,169,196,64,187,227,10,100,100,
249,93,194,210,41,139,148,234,113,201,20,7,134,114,7,85,208,27,31,188,197,27,68,215,255,62,136,128,27,136,249,199,
121,135,113,16,149,1,37,111,184,227,38,98,228,47,110,191,225,52,147,15,73,62,243,139,37,156,35,67,61,188,168,61,
174,6,46,144,242,216,22,181,245,20,77,233,198,31,132,39,35,105,197,249,35,141,10,86,105,209,215,86,142,15,53,156,
212,224,50,193,16,57,119,5,228,61,157,67,63,130,231,21,63,170,37,114,133,237,240,114,170,45,78,184,238,253,81,221,
44,91,148,33,0,89,185,95,91,158,2,49,91,198,63,142,161,9,16,142,198,71,109,212,10,25,108,191,65,108,159,46,
83,174,196,92,103,182,96,36,121,215,70,155,238,103,24,139,210,85,136,191,45,51,140,226,96,124,223,98,108,189,53,167,
215,194,65,45,147,63,116,175,238,55,52,189,67,175,215,25,138,59,174,245,175,228,0,98,142,228,37,136,235,239,72,75,
219,21,147,183,33,87,103,190,70,149,196,5,138,103,197,33,200,196,9,104,154,196,47,171,247,10,109,117,247,47,177,218,
3,108,120,194,76,237,10,79,106,144,201,108,244,249,56,189,198,249,69,251,232,30,122,189,231,81,204,26,45,150,153,26,
82,211,253,96,150,165,248,133,212,2,63,201,166,1,104,12,8,78,177,222,8,115,236,59,78,182,189,59,115,244,26,129,
183,198,25,108,238,25,54,209,248,89,189,46,85,150,0,190,49,120,57,112,168,255,25,100,206,72,42,160,2,221,75,151,
42,117,180,243,252,117,217,25,89,187,29,38,57,148,78,131,194,233,45,96,172,63,103,166,43,249,138,238,46,86,132,3,
239,153,248,114,161,216,47,59,158,184,106,146,163,29,14,124,3,126,131,194,71,80,107,231,133,173,236,11,11,176,23,64,
112,187,31,29,127,220,91,120,174,85,103,179,189,171,127,159,74,116,187,27,161,176,17,96,65,158,37,160,183,15,110,114,
201,58,107,230,180,90,118,216,52,106,175,209,114,136,187,31,189,229,1,75,143,170,5,122,220,239,85,96,220,20,150,192,
34,88,103,187,71,150,196,253,139,104,197,35,201,199,9,103,155,197,44,165,248,11,115,122,248,48,178,212,62,116,131,211,
99,178,226,29,167,134,223,63,229,225,35,134,183,225,75,192,20,39,144,151,218,69,195,223,75,201,215,223,96,190,246,51,
156,156,230,119,6,69,44,171,151,253,174,242,5,56,190,232,63,158,45,76,147,161,199,0,117,237,28,82,168,228,92,177,
44,87,165,175,213,14,177,57,62,125,2,11,62,138,64,45,99,191,2,44,151,19,37,107,208,205,73,211,67,113,105,232,
212,105,218,50,90,188,30,4,66,225,33,64,121,21,242,79,180,83,79,149,249,37,79,185,50,130,149,253,0,130,186,60,
94,200,254,12,101,237,60,106,169,49,14,106,200,111,107,177,17,7,100,203,36,133,226,79,88,164,7,132,180,168,39,19,
175,34,150,179,3,90,105,190,220,142,182,199,65,50,160,39,162,167,230,107,116,143,11,169,209,16,47,47,196,250,117,181,
244,86,130,181,25,183,147,239,52,124,210,8,155,171,2,135,144,195,39,197,237,241,107,151,237,81,128,237,53,141,60,5,
21,113,226,66,149,154,251,70,227,248,15,120,164,250,60,234,17,80,173,181,197,124,134,242,68,178,179,196,69,163,10,86,
149,158,23,123,211,227,93,132,132,212,114,193,237,46,182,147,240,86,244,240,53,149,198,240,90,207,35,54,159,162,35,93,
219,255,105,159,170,12,147,226,16,77,215,180,17,118,21,17,87,187,231,19,122,241,68,87,187,202,68,124,255,32,138,192,
207,31,175,254,44,109,243,208,45,139,49,45,114,206,3,45,151,13,96,115,220,223,96,152,25,63,166,222,234,60,203,26,
69,131,15,236,72,172,77,73,142,240,31,75,178,41,124,143,245,252,124,180,54,90,194,248,7,89,231,54,100,161,241,1,
90,178,93,167,221,67,64,167,18,52,121,155,81,88,177,5,71,77,197,69,89,175,9,131,173,244,11,49,106,13,149,130,
193,94,103,130,230,121,161,3,66,42,190,49,165,194,18,105,120,205,235,103,112,17,118,115,199,54,101,204,221,63,72,217,
26,184,224,31,94,103,165,33,191,155,247,60,132,218,16,198,203,242,108,152,238,47,146,177,241,52,146,210,89,212,252,0,
122,166,252,96,160,224,31,105,118,199,35,213,10,38,136,180,10,75,174,17,21,110,113,1,57,184,226,71,125,141,229,108,
187,233,38,176,141,233,71,238,234,48,140,192,236,83,202,29,48,149,157,29,85,214,254,99,153,168,254,78,208,251,46,207,
175,5,105,31,36,134,232,241,36,136,235,43,141,163,237,80,170,225,72,148,211,220,85,185,17,33,155,194,194,18,176,255,
43,108,244,209,46,148,50,46,115,211,4,46,152,13,97,116,221,224,97,153,26,68,167,221,237,63,204,27,73,136,16,239,
72,168,78,74,144,244,32,74,180,41,125,144,249,2,125,181,54,94,195,249,8,92,232,55,102,167,44,11,100,196,106,102,
171,11,60,102,208,75,153,172,20,29,95,202,60,179,245,5,77,176,241,108,183,246,53,38,183,224,82,116,237,35,48,131,
18,97,144,204,86,53,142,238,148,144,214,51,102,144,250,111,195,214,63,74,195,251,124,160,9,63,78,165,46,125,171,236,
114,79,172,12,176,172,241,83,130,174,21,140,223,242,90,97,223,23,152,192,37,91,106,192,74,155,198,1,142,107,199,42,
204,200,14,109,158,200,52,167,251,14,119,124,251,51,180,217,65,121,133,215,102,181,227,33,170,135,228,69,232,228,42,140,
186,230,77,196,23,42,147,157,23,79,208,246,93,147,163,243,130,209,255,60,198,163,255,95,4,0,70,175,219,5,111,232,
56,75,179,185,56,114,240,20,126,180,195,24,163,242,32,97,231,196,33,127,37,33,103,203,247,33,139,4,84,103,208,217,
84,140,14,55,96,201,213,31,194,15,55,118,19,249,114,214,81,86,149,223,0,121,145,77,130,183,213,29,128,193,60,135,
198,5,246,135,176,34,68,189,243,0,88,226,49,97,152,38,3,95,191,100,96,165,3,54,96,202,67,147,166,15,25,147,
203,77,118,159,8,8,173,20,61,164,240,47,56,177,21,109,125,247,30,30,110,12,91,134,200,80,45,138,234,142,138,207,
48,96,138,245,109,131,201,43,21,198,51,164,145,177,134,59,114,20,168,227,17,120,108,228,53,136,183,25,123,116,229,65,
188,233,33,70,162,135,47,189,241,40,69,107,164,71,207,212,19,152,161,212,32,214,195,249,85,152,194,40,169,245,8,114,
115,245,45,175,217,59,113,129,212,96,177,220,23,164,129,218,64,226,222,35,127,180,222,73,198,17,36,140,145,17,73,202,
243,87,143,155,237,124,203,247,55,192,157,249,91,254,250,63,155,208,250,100,220,45,69,175,180,50,108,234,14,120,174,186,
15,157,236,26,89,225,190,26,126,31,27,97,196,183,20,123,234,54,150,249,253,103,194,69,25,117,186,9,90,201,75,101,
107,193,240,108,197,70,39,131,200,16,115,180,47,122,185,248,233,122,163,21,55,176,230,245,76,213,36,82,139,25,246,83,
185,87,83,152,246,41,83,189,57,134,153,0,12,134,190,63,97,204,2,19,97,241,64,111,176,53,18,111,208,57,104,170,
234,44,160,15,138,168,230,74,91,102,231,69,172,248,31,40,185,29,93,133,220,62,106,157,224,153,208,8,95,121,196,46,
168,138,0,98,61,171,247,138,213,20,83,92,213,57,121,185,27,125,134,153,222,174,168,34,97,106,168,12,135,199,6,139,
89,175,19,125,194,228,133,142,182,50,149,213,55,153,127,213,92,215,196,27,160,169,255,1,209,227,69,167,176,203,71,229,
13,76,115,148,234,54,181,216,15,168,190,241,85,243,27,55,129,197,224,59,176,18,37,137,152,18,74,205,237,88,142,158,
246,125,204,251,55,193,160,249,89,255,251,61,161,209,251,101,218,51,70,175,186,51,107,236,16,121,175,190,21,100,230,17,
68,229,238,22,146,245,53,151,249,223,53,188,55,36,123,0,9,95,119,51,104,157,187,3,102,167,34,109,172,235,220,109,
150,8,42,163,217,229,58,200,23,70,129,12,233,69,163,74,70,139,232,28,70,177,38,121,140,244,251,121,177,50,87,133,
238,238,147,250,35,138,214,21,30,151,251,83,99,221,4,4,84,242,65,108,169,54,19,111,213,116,112,182,25,70,112,218,
79,163,182,30,34,163,219,93,127,233,31,46,130,14,93,139,199,24,40,129,217,147,187,204,70,55,165,44,167,172,235,112,
121,148,16,174,214,21,43,117,216,50,105,208,28,91,100,221,65,153,169,35,74,74,154,56,135,179,244,124,89,183,19,186,
182,251,89,140,182,32,151,233,252,100,107,233,33,163,204,47,101,117,204,26,156,187,73,174,101,250,107,195,235,77,175,149,
211,114,178,209,10,166,131,220,63,228,224,38,136,182,224,75,198,19,38,143,149,19,75,205,245,31,136,145,200,135,11,41,
45,112,236,238,51,236,45,127,208,222,31,165,18,18,88,221,230,44,171,30,70,138,229,177,90,77,12,71,146,236,176,35,
106,36,89,117,215,3,89,154,253,96,100,189,192,80,136,5,51,150,204,221,43,187,10,57,122,255,220,57,154,61,59,125,
219,15,57,161,27,108,127,232,235,108,164,37,71,178,232,247,73,215,38,84,145,27,250,83,179,89,85,151,248,43,85,191,
58,136,155,3,12,136,194,64,100,206,4,13,102,243,66,108,178,55,20,112,206,117,113,183,26,71,113,219,84,164,185,30,
35,164,220,91,130,234,32,47,131,15,94,141,200,83,48,134,238,87,134,200,30,75,194,39,157,217,15,121,46,161,232,169,
204,22,127,122,151,239,144,222,18,122,60,175,246,176,229,1,99,143,229,38,137,236,240,73,76,220,20,150,188,34,88,104,
184,71,150,196,253,139,104,197,37,201,197,11,111,155,197,46,172,248,11,115,118,248,48,179,211,62,116,132,220,99,178,225,
29,109,125,214,24,204,18,92,190,189,18,120,251,216,52,121,200,45,138,250,51,103,207,215,231,130,253,247,78,152,185,50,
150,238,22,120,218,168,22,162,29,69,65,132,226,56,110,36,76,139,237,246,17,117,240,48,146,209,177,36,107,37,77,94,
216,201,55,190,57,62,125,2,11,38,162,64,104,167,167,5,69,204,71,111,115,237,25,111,211,19,83,146,220,233,58,150,
72,125,153,251,39,125,190,33,132,136,225,228,116,172,41,87,186,240,1,79,223,46,93,158,35,0,93,190,97,95,161,255,
51,93,197,63,144,163,12,15,144,200,73,107,214,12,27,109,251,74,120,181,63,30,119,215,125,121,187,28,79,121,227,94,
172,191,39,48,114,221,91,119,245,87,50,160,236,127,202,9,72,81,202,46,110,174,16,114,123,133,42,178,208,203,108,130,
181,25,183,223,251,69,137,164,255,116,214,233,78,86,214,14,144,180,28,82,97,177,65,144,190,248,133,98,191,29,195,191,
4,100,149,191,41,161,184,254,87,175,8,26,212,9,37,135,179,9,74,173,16,20,109,112,0,56,182,220,70,124,139,227,
107,186,233,41,175,140,232,70,237,233,46,139,191,233,84,201,28,47,151,158,28,84,213,250,40,145,157,231,138,5,255,86,
160,193,63,163,251,35,133,231,181,35,170,37,77,64,227,249,69,101,31,84,112,210,254,84,149,248,91,95,184,187,75,131,
2,44,145,199,216,38,182,5,51,110,250,215,51,147,56,52,121,217,10,52,159,27,103,122,227,237,45,152,10,129,195,211,
27,126,191,58,133,196,3,244,133,174,32,66,187,241,253,82,224,47,94,157,36,1,94,194,98,94,164,3,52,94,201,68,
87,157,255,233,154,7,120,70,228,67,6,100,200,67,107,179,23,33,122,209,83,125,189,34,29,111,224,82,142,205,34,36,
113,36,162,120,191,33,42,137,239,107,150,200,49,60,147,250,103,139,215,48,77,163,251,110,150,204,130,127,210,63,108,216,
34,53,138,227,59,180,231,218,123,110,231,40,163,203,10,143,93,179,47,205,186,249,115,159,198,21,144,197,2,103,110,195,
30,162,201,14,107,119,192,32,167,212,22,104,104,10,113,224,6,80,102,174,17,117,240,24,52,185,194,245,89,191,229,47,
207,218,211,125,1,44,25,186,195,3,103,5,45,49,147,156,242,86,12,249,56,154,175,249,88,218,239,114,223,158,51,164,
31,71,134,197,241,71,136,3,22,83,222,235,65,143,10,85,148,187,196,26,126,249,92,96,194,203,77,145,247,86,149,225,
234,99,199,7,47,110,208,217,106,147,14,54,110,5,14,78,178,80,120,124,222,231,61,161,87,68,131,229,230,56,168,40,
83,121,32,50,126,158,94,143,196,226,48,141,248,101,72,211,56,53,137,248,39,142,183,1,69,120,196,63,103,190,32,41,
127,227,94,113,181,10,70,156,234,101,117,204,81,55,176,20,143,124,187,41,45,132,223,86,137,197,43,28,177,255,98,197,
225,43,52,138,6,129,169,232,74,83,148,253,107,198,5,81,90,152,20,178,183,25,123,132,159,3,138,212,19,95,104,166,
34,192,197,39,137,146,173,17,135,171,33,109,94,239,48,147,187,250,116,125,211,55,178,218,4,107,102,240,84,185,225,8,
130,174,225,104,227,11,15,113,114,196,55,177,218,24,103,181,20,110,143,17,91,110,195,28,116,237,32,19,180,189,32,132,
220,39,102,141,174,39,80,227,255,51,151,158,245,70,13,56,107,203,223,233,140,241,60,64,167,235,6,130,229,72,76,198,
207,37,137,248,25,86,186,189,3,176,40,10,81,179,243,73,186,53,58,156,254,204,58,193,1,65,97,248,1,100,200,32,
107,170,209,242,107,148,39,49,164,240,28,55,155,81,62,149,223,35,62,186,53,93,156,223,29,93,228,36,76,198,237,14,
76,235,43,107,170,12,21,75,196,62,89,145,234,71,145,242,118,80,211,64,250,156,3,114,152,226,248,64,163,7,130,111,
233,16,49,170,211,90,192,181,29,36,113,218,88,132,183,31,40,129,220,93,133,195,113,29,191,38,149,187,5,27,99,139,
42,106,170,12,110,119,170,246,172,153,216,58,79,152,236,173,222,32,48,120,219,4,127,191,230,72,81,191,70,193,198,40,
138,88,186,18,136,167,34,145,154,240,25,207,188,19,152,102,171,83,217,178,48,100,168,195,63,221,5,68,131,116,5,46,
169,209,28,160,123,12,53,200,19,82,180,154,216,119,183,223,30,122,183,26,126,249,230,96,135,168,33,74,239,27,103,142,
151,5,81,204,244,75,208,217,12,147,14,251,102,139,217,56,146,201,54,131,219,160,59,166,40,66,60,245,239,70,173,33,
4,151,247,3,73,104,39,90,74,241,3,79,111,47,96,149,179,1,96,186,219,118,97,164,235,90,209,59,104,146,22,12,
58,165,67,107,153,20,26,107,208,88,54,200,185,6,111,223,82,53,145,214,30,129,194,61,136,199,6,247,136,177,35,69,
190,244,0,88,227,50,96,153,39,4,97,199,101,97,166,4,55,97,203,71,148,169,14,19,148,204,74,111,218,16,31,118,
255,78,124,185,67,32,124,220,129,125,195,30,83,127,230,93,176,195,40,47,176,232,105,143,246,44,60,140,27,106,152,209,
95,60,154,250,99,146,212,42,96,210,59,104,173,207,65,72,165,0,111,196,23,144,65,180,251,134,246,254,75,72,194,71,
195,230,57,146,163,165,38,132,190,249,93,98,172,67,224,249,56,157,181,179,52,146,249,69,132,141,6,106,194,210,76,115,
115,195,97,176,223,31,107,123,212,44,205,27,79,183,121,236,51,237,34,62,160,204,34,99,198,41,45,134,137,25,81,210,
251,95,149,164,244,132,211,2,67,200,165,1,97,6,7,76,175,221,7,112,238,58,77,181,190,58,114,243,21,128,182,198,
26,107,237,24,53,208,247,88,188,45,84,149,255,189,48,119,56,111,167,254,24,99,205,71,41,159,1,220,74,150,41,116,
179,242,251,116,216,24,88,186,28,37,56,147,77,117,193,35,241,71,195,97,78,165,42,231,90,161,91,131,148,14,255,109,
244,111,116,179,56,65,92,216,118,158,221,243,65,160,250,27,182,161,228,43,154,17,123,168,210,86,76,122,229,131,171,200,
93,101,187,26,148,118,8,249,70,175,31,146,117,209,22,94,193,2,125,200,7,70,55,200,241,99,133,254,52,64,152,35,
114,160,217,103,68,161,7,165,161,230,68,119,161,11,135,212,233,78,83,212,12,137,183,26,80,96,176,63,142,189,246,131,
98,187,27,193,189,0,99,147,189,39,160,240,3,107,110,240,40,169,206,54,108,125,207,91,172,215,18,159,124,213,56,221,
217,30,128,175,217,67,190,12,31,136,146,12,70,196,232,82,136,149,232,119,198,245,49,187,152,246,84,191,238,48,134,191,
55,146,17,45,125,230,150,9,80,36,74,140,222,174,226,127,24,75,138,226,234,66,174,222,35,69,230,252,23,123,49,89,
93,191,224,54,189,21,28,153,10,12,87,204,60,106,168,196,206,5,203,73,101,162,15,204,97,197,42,58,121,22,228,58,
158,25,124,128,250,235,65,165,91,55,147,216,32,118,172,63,79,142,240,52,79,203,46,110,173,50,24,86,210,44,85,117,
44,31,152,252,119,100,187,64,73,159,200,91,131,170,16,20,98,253,133,138,201,78,87,138,214,140,121,175,11,78,120,223,
92,171,190,38,41,171,227,101,143,241,39,54,136,22,101,147,211,32,48,137,225,155,208,236,78,122,208,17,116,215,219,52,
55,199,255,125,167,13,67,82,162,50,129,176,241,118,83,175,15,180,176,245,88,134,176,26,147,227,246,94,100,227,29,155,
191,239,88,88,188,32,141,244,51,127,112,198,101,165,205,12,110,178,205,73,172,212,19,176,109,209,53,162,9,85,148,157,
22,122,210,226,92,131,131,211,113,194,237,40,181,146,238,80,243,239,52,150,197,239,89,212,34,53,151,163,34,90,220,5,
104,158,167,1,88,218,5,56,217,239,34,134,36,76,104,178,246,17,108,225,67,86,188,199,67,123,254,30,137,191,206,32,
174,253,43,102,242,207,43,141,48,44,114,213,2,44,151,19,37,107,205,183,104,213,70,51,83,40,221,20,182,74,133,179,
26,14,134,215,42,89,187,29,4,141,240,107,142,204,232,68,41,209,95,147,202,231,13,70,233,113,118,181,58,67,118,194,
120,101,155,247,58,100,204,70,151,170,19,22,151,207,80,114,221,19,34,116,2,81,127,188,70,37,126,222,132,128,194,33,
86,128,234,95,179,198,47,56,179,235,109,149,249,47,62,150,30,109,155,216,98,63,155,252,160,158,224,62,114,156,3,125,
207,226,74,83,207,7,136,176,21,75,91,178,58,139,182,241,126,91,183,29,188,184,254,92,142,186,33,152,235,254,100,108,
235,35,164,202,49,103,119,201,86,167,210,13,154,119,209,50,216,212,26,121,170,212,64,181,205,19,120,95,238,112,246,30,
83,180,191,29,54,206,217,87,198,148,234,137,4,241,48,170,179,44,109,199,45,123,214,212,59,148,21,60,53,152,130,63,
166,21,59,133,155,227,57,135,234,18,140,179,188,18,118,44,25,112,186,195,25,184,231,44,78,239,5,56,156,58,63,126,
224,209,63,163,65,37,101,168,6,70,205,72,112,116,238,26,112,212,20,84,147,221,234,59,151,73,126,154,252,40,126,191,
34,133,137,226,229,117,173,44,83,187,241,1,81,224,47,93,150,36,1,94,190,98,94,164,8,52,96,199,62,145,164,9,
17,145,201,74,114,215,13,28,114,252,75,122,186,6,22,111,199,129,182,210,52,96,182,247,90,189,193,26,29,173,229,100,
139,243,41,57,137,24,103,149,206,92,57,150,246,154,150,220,64,108,150,0,121,201,220,68,74,201,3,129,165,213,62,62,
162,6,115,218,25,101,86,172,75,139,179,242,84,152,179,47,146,186,249,150,83,183,27,136,239,59,122,131,252,96,184,200,
66,105,105,185,87,168,211,14,155,120,212,54,217,213,26,124,171,213,63,186,8,27,125,137,8,64,194,235,78,132,141,231,
115,196,239,42,183,148,240,86,245,241,55,149,199,243,90,209,36,55,160,167,36,92,221,3,106,160,181,7,90,220,7,58,
219,241,36,136,38,78,106,180,248,19,110,227,69,88,190,201,69,125,0,32,139,193,208,34,176,255,45,104,244,209,45,143,
50,46,116,215,4,46,153,21,39,109,207,185,106,215,72,53,85,42,223,22,181,82,122,151,39,45,102,236,84,84,154,31,
40,110,237,96,136,204,39,243,156,143,78,137,212,46,242,101,172,102,155,183,25,69,155,220,63,162,166,255,2,146,202,72,
111,216,14,29,115,253,76,122,185,65,32,121,217,127,123,189,30,81,123,227,96,174,193,39,47,174,232,102,138,244,42,54,
139,25,104,151,210,93,58,150,244,155,151,220,57,109,151,2,119,202,221,69,76,202,2,131,168,214,63,75,149,29,185,226,
28,146,146,240,0,152,163,40,133,153,246,76,142,170,15,151,149,241,14,166,177,47,158,132,218,97,220,225,8,165,115,192,
30,211,207,20,116,165,207,58,182,2,21,126,133,2,58,186,229,72,126,141,225,109,188,234,41,177,142,234,78,239,235,49,
148,193,235,84,210,30,49,153,160,30,86,216,252,100,154,169,249,137,216,6,64,210,175,12,106,16,12,81,177,226,12,118,
238,5,75,176,151,38,168,46,86,139,236,247,85,110,6,17,143,254,204,34,193,60,41,104,226,235,100,165,255,101,179,14,
12,115,204,77,116,109,6,15,55,179,22,86,184,26,0,86,221,88,69,156,33,42,128,161,253,128,205,44,243,128,237,91,
132,205,40,48,66,195,33,136,199,251,28,90,214,116,156,184,26,70,156,197,88,163,226,68,235,150,228,130,170,233,16,49,
170,14,137,118,205,47,32,122,217,76,171,247,54,63,184,28,116,132,254,37,37,117,19,98,141,203,87,52,144,244,149,145,
214,56,103,147,250,113,196,215,60,68,196,252,123,165,10,64,77,162,245,119,162,213,118,127,167,35,134,198,40,138,112,198,
77,200,181,12,145,154,240,8,196,249,46,76,148,247,56,179,254,61,124,109,254,39,153,187,52,106,118,203,89,168,215,18,
157,122,214,52,219,215,28,121,173,215,66,183,10,29,133,140,10,66,195,232,22,127,127,36,139,180,27,103,166,175,40,140,
228,244,110,149,149,229,131,210,253,58,199,164,0,102,5,1,76,175,220,6,112,229,57,76,180,184,57,113,243,21,127,181,
196,24,164,243,33,93,174,190,23,111,41,81,98,220,205,59,194,61,66,129,6,15,42,166,68,108,171,193,11,110,200,255,
102,178,241,250,115,215,47,63,185,224,224,48,206,29,73,138,18,239,77,169,80,76,145,239,34,76,182,45,127,146,250,1,
127,183,57,98,197,251,11,98,176,50,81,223,68,251,144,1,89,129,227,69,43,105,8,72,103,160,60,25,114,213,122,118,
188,30,76,118,225,92,169,188,37,43,169,225,99,139,181,30,39,94,29,161,191,195,6,130,132,201,127,201,8,72,127,210,
25,182,203,226,75,119,205,33,183,215,22,125,127,152,79,89,197,23,133,134,151,24,118,221,41,104,113,234,78,166,182,48,
87,87,167,69,148,192,1,137,102,194,39,199,195,9,104,153,195,47,164,246,11,112,117,246,46,170,213,60,114,126,210,97,
178,221,24,165,130,220,63,227,223,36,132,181,223,74,199,18,39,140,145,18,74,200,243,88,142,158,239,125,204,250,51,193,
158,250,94,255,251,64,160,209,253,100,219,51,70,170,186,51,107,236,14,121,175,190,17,158,237,27,90,226,191,27,125,32,
28,98,197,184,21,124,235,55,151,250,254,104,195,70,26,118,187,24,108,211,62,45,96,232,23,98,204,0,69,103,8,30,
81,181,83,123,151,225,37,64,155,16,114,133,237,244,114,170,44,85,184,238,254,82,221,44,89,155,33,254,91,189,95,91,
160,0,49,91,198,67,142,161,8,20,142,198,71,113,212,10,25,107,249,72,119,179,61,26,119,215,123,119,189,32,19,112,
215,48,145,238,91,100,176,19,144,192,180,51,31,187,46,162,191,15,102,117,202,232,154,194,211,77,62,172,51,174,179,242,
119,128,155,23,181,221,28,59,59,214,72,192,166,42,129,145,239,44,188,243,7,131,152,237,86,126,195,229,134,143,183,51,
150,214,56,154,128,214,93,216,197,28,161,170,0,24,216,9,62,70,194,196,9,191,9,72,136,191,18,89,246,11,34,139,
183,13,97,247,23,86,189,191,216,143,153,5,87,197,198,215,88,182,29,105,168,177,42,142,230,246,112,151,151,231,133,212,
0,66,201,166,3,103,12,8,77,169,222,8,115,236,59,80,181,186,59,115,241,24,129,183,196,28,166,245,33,95,234,201,
34,130,40,36,99,200,250,36,139,8,87,106,210,221,87,143,16,56,157,211,226,57,194,17,64,121,6,227,63,165,68,64,
133,231,22,64,170,38,115,134,239,250,115,171,45,86,185,241,253,79,222,45,88,150,34,255,92,188,96,92,161,1,50,92,
199,61,143,162,12,17,143,201,71,107,213,11,24,113,250,73,120,183,62,27,119,213,124,120,190,30,78,120,227,95,171,190,
32,45,113,220,90,118,217,92,102,183,47,161,209,188,59,39,195,34,168,215,8,49,46,170,52,164,210,202,73,53,202,59,
147,187,29,127,101,163,66,130,161,218,118,83,175,17,180,176,246,89,134,176,27,148,227,246,93,105,227,27,157,199,41,95,
111,197,78,157,203,4,146,111,204,46,208,204,18,117,104,197,44,133,230,67,176,185,5,104,229,21,9,136,116,16,131,247,
20,100,187,202,31,61,239,23,40,162,147,1,136,3,8,71,204,213,240,108,10,50,113,144,144,43,157,21,251,128,224,216,
61,169,209,22,56,217,226,10,134,233,41,139,237,211,41,176,43,24,111,244,253,83,107,43,92,145,153,21,23,92,18,92,
155,219,18,101,172,73,94,117,222,10,96,180,74,106,169,16,18,43,226,236,88,170,24,25,42,171,9,112,188,251,4,125,
225,57,73,195,234,234,58,216,39,83,148,28,249,85,186,90,86,156,251,44,86,194,55,137,158,3,8,137,193,64,100,207,
5,22,100,244,67,114,179,56,21,113,207,118,114,184,28,72,114,220,85,165,184,32,38,165,223,93,129,235,33,43,128,16,
97,140,199,84,49,139,240,146,142,211,47,100,142,249,116,193,212,60,67,193,251,121,157,7,61,73,158,44,123,169,232,112,
77,169,13,174,170,240,83,128,172,19,138,221,240,86,93,221,21,151,187,35,89,105,185,72,151,199,2,82,98,187,19,178,
251,59,152,181,2,110,149,218,252,164,168,9,116,225,208,3,139,186,5,111,163,232,10,171,193,244,88,246,30,58,132,200,
227,62,179,21,40,144,151,21,77,207,248,91,145,161,245,128,207,252,62,196,161,253,95,2,254,67,165,212,3,109,232,54,
73,178,188,54,110,238,25,124,178,194,24,161,240,30,87,229,194,31,131,35,31,100,196,245,31,136,6,82,101,206,212,82,
138,12,48,152,206,222,46,189,12,60,119,199,215,48,114,38,108,182,24,23,108,210,85,50,142,211,34,135,228,84,141,193,
41,49,65,220,87,81,168,242,19,140,240,72,112,210,52,2,112,247,114,154,150,239,61,161,2,59,167,213,72,68,122,0,
123,175,202,75,82,181,192,88,99,225,67,30,140,216,107,182,245,52,61,182,26,90,154,252,94,103,113,26,158,188,161,118,
43,98,1,158,198,227,115,121,178,56,160,160,230,107,116,185,54,174,209,17,128,63,232,219,154,213,32,122,62,177,248,178,
231,3,101,145,231,40,139,238,242,75,78,222,22,149,185,36,90,105,185,73,152,200,2,141,108,197,37,203,199,9,106,157,
199,47,172,250,13,115,123,250,52,178,214,64,118,130,214,101,180,226,35,169,134,227,72,231,227,41,141,185,227,77,194,22,
41,146,151,22,78,207,243,92,146,161,245,71,201,244,39,182,219,54,76,228,239,62,232,180,8,100,211,40,123,244,165,24,
95,226,21,82,182,183,20,119,249,32,81,182,179,45,178,46,81,164,253,14,16,145,239,39,174,203,211,39,135,246,81,178,
5,14,103,218,253,66,100,5,27,78,178,80,120,148,222,34,61,152,13,111,132,233,238,111,167,41,82,181,235,251,83,218,
41,89,144,30,251,87,184,92,88,158,1,244,81,184,39,117,218,49,64,79,208,46,149,225,32,41,162,6,94,110,232,15,
15,95,253,76,122,183,65,30,123,224,127,123,193,33,81,123,228,98,174,193,42,46,174,230,103,137,244,42,59,140,25,104,
149,215,93,58,150,247,155,151,220,64,109,151,2,126,202,221,70,81,144,251,121,127,247,119,139,225,59,181,223,38,61,99,
156,70,208,241,37,152,150,242,85,138,233,40,92,125,187,55,213,253,25,123,167,253,38,185,4,67,165,107,184,97,234,15,
12,173,170,23,71,231,25,89,168,190,9,111,165,234,12,173,182,222,90,189,253,95,193,167,253,132,255,236,67,200,209,39,
63,255,48,101,109,233,235,48,5,56,18,214,226,44,142,20,240,110,191,176,30,165,32,13,135,174,183,13,113,219,32,66,
198,238,86,172,22,75,139,197,213,78,178,28,102,146,230,252,83,125,47,100,128,226,14,100,165,8,107,111,200,203,91,147,
17,59,161,215,231,58,198,21,68,126,10,231,67,165,72,68,138,237,26,68,175,44,119,138,242,249,119,175,48,82,189,243,
2,85,226,51,94,153,38,3,89,190,100,98,164,2,54,96,200,70,147,166,15,24,147,203,76,114,217,15,30,110,254,77,
123,183,66,31,124,219,128,124,193,37,82,124,231,92,175,194,43,46,117,224,91,100,5,106,103,187,42,89,192,209,51,60,
146,49,137,153,240,117,50,165,236,137,208,33,117,109,208,53,136,183,25,123,115,235,60,169,222,30,70,134,233,42,165,240,
47,110,95,240,25,139,173,38,92,105,190,75,154,200,5,143,108,201,47,205,201,15,114,159,203,50,169,252,15,113,123,252,
54,180,216,66,120,133,221,103,182,228,29,171,136,229,75,233,229,42,136,187,229,79,203,24,43,147,154,24,80,210,244,36,
141,150,205,147,17,45,106,215,148,41,141,218,2,70,227,177,7,107,230,73,60,187,167,31,162,47,73,119,230,240,30,137,
39,79,125,1,247,63,176,44,26,144,255,229,59,194,61,66,105,6,212,33,127,52,48,113,217,6,48,156,15,99,118,223,
234,99,155,29,66,169,225,237,63,206,29,73,138,18,239,75,173,80,76,146,238,34,76,183,44,69,139,237,215,143,246,101,
139,213,235,51,115,215,58,122,185,27,71,122,222,124,105,192,69,78,164,229,55,124,158,34,74,178,8,114,167,231,33,49,
170,14,120,194,238,66,88,175,217,139,192,220,62,106,192,1,100,199,203,36,39,183,239,109,148,253,51,68,147,34,113,159,
220,102,67,160,0,164,160,230,74,118,160,11,135,211,232,77,82,211,11,134,175,25,81,93,175,62,141,183,253,130,95,188,
29,192,188,2,101,146,188,39,163,239,2,106,113,239,39,169,210,251,100,109,164,106,232,4,65,174,107,0,100,236,241,24,
122,131,20,120,208,224,14,141,121,241,116,1,27,73,184,194,240,91,249,33,79,211,201,17,130,254,236,98,209,183,13,148,
15,20,59,216,166,243,81,6,7,73,168,221,7,114,231,58,77,181,184,58,114,243,29,128,182,198,23,165,246,33,92,233,
198,32,133,39,35,104,200,249,35,143,4,86,105,209,212,86,142,16,56,156,210,225,52,193,16,63,127,203,219,49,118,60,
127,181,34,26,115,216,97,105,202,25,250,87,222,89,113,203,37,46,137,230,36,159,109,19,47,145,237,35,104,138,43,65,
116,216,118,158,186,4,72,99,190,51,149,168,12,27,149,205,80,112,219,17,33,121,0,79,126,186,68,35,124,220,130,126,
193,39,84,126,233,98,177,196,44,53,177,233,107,147,247,45,60,140,28,107,153,213,96,61,153,251,158,156,222,60,112,154,
0,130,205,224,72,75,205,5,135,176,19,73,88,172,56,137,180,239,124,89,176,19,186,184,250,88,140,182,30,152,233,252,
101,104,233,33,163,200,47,101,117,205,26,156,199,250,128,170,1,96,239,14,85,99,137,194,108,226,21,91,175,127,201,83,
244,17,86,113,151,208,115,251,0,63,196,205,0,76,2,239,37,129,196,238,90,205,33,52,157,164,33,89,217,4,103,157,
172,253,140,224,14,71,213,178,15,116,19,15,84,180,229,15,120,246,66,85,189,192,66,122,253,29,136,190,206,38,173,252,
43,103,183,199,32,98,22,92,166,8,7,92,194,69,34,126,195,18,119,212,68,125,177,25,33,49,204,71,65,152,226,3,
124,224,56,96,194,36,242,96,231,98,138,134,223,39,125,203,46,145,173,50,0,110,186,112,117,139,10,246,139,239,60,124,
163,29,73,159,224,91,166,229,12,45,166,10,133,97,229,80,79,75,34,73,82,220,89,89,186,13,139,180,1,67,110,177,
237,111,186,249,75,111,189,33,161,194,196,121,17,171,34,169,201,195,66,46,195,52,140,180,22,120,94,156,59,123,154,211,
111,76,164,14,173,169,240,74,127,169,20,145,220,239,88,94,220,22,148,184,34,88,101,191,71,150,197,2,139,104,196,40,
201,197,11,109,155,197,47,164,248,11,115,121,248,48,177,215,62,118,130,212,99,178,222,32,167,132,225,69,229,225,38,134,
183,225,75,192,20,39,143,149,20,76,206,241,90,144,159,247,127,206,253,54,195,160,253,91,1,255,65,159,211,253,106,232,
53,72,176,187,53,109,238,20,123,177,193,23,102,232,19,70,204,246,77,172,59,90,161,175,213,14,184,46,97,167,251,203,
21,159,64,93,162,189,227,28,191,71,76,139,16,25,76,152,78,59,113,205,16,58,166,25,109,128,233,240,109,165,37,80,
179,233,249,81,216,39,86,149,28,249,85,183,90,86,155,247,44,86,192,56,137,156,3,15,137,193,66,100,207,5,22,100,
244,67,114,179,56,21,114,211,60,107,173,237,47,163,18,141,171,233,77,94,105,234,72,182,4,95,93,196,29,158,197,190,
87,96,136,4,103,167,9,107,81,167,46,169,150,237,114,123,209,242,100,203,23,121,71,157,1,183,188,30,93,137,164,32,
131,230,37,59,97,154,61,184,178,9,83,116,237,81,169,209,51,149,99,209,88,211,251,238,149,167,243,253,235,191,223,140,
176,253,108,214,1,65,177,154,18,99,182,229,71,169,162,19,111,234,23,79,116,208,181,93,235,31,86,115,153,210,117,253,
2,65,198,207,2,78,4,241,39,131,198,240,86,215,35,54,160,161,35,91,221,7,105,159,175,7,147,228,15,74,215,180,
12,119,21,17,88,178,231,17,125,244,68,89,190,195,68,124,251,37,138,192,208,36,175,254,44,105,243,208,44,142,49,45,
114,209,3,47,150,13,96,115,217,229,96,152,26,66,166,220,235,59,203,26,72,137,15,236,73,167,77,73,143,242,229,66,
169,24,100,196,39,43,149,240,115,71,163,232,55,136,247,121,147,153,239,30,154,243,116,85,177,246,62,161,226,93,168,231,
38,23,168,209,67,101,222,20,35,115,3,82,130,185,71,36,129,231,133,129,199,38,87,129,234,104,180,199,47,51,180,236,
111,143,250,48,65,147,31,110,155,221,99,64,157,3,161,157,227,69,115,157,7,124,208,227,75,86,208,8,138,172,22,76,
92,179,1,131,174,203,102,141,238,82,195,234,43,149,83,198,13,206,5,61,148,174,249,99,221,191,53,151,114,224,44,191,
10,73,136,145,10,110,174,238,80,178,187,206,41,227,11,28,126,135,221,89,212,252,59,157,142,211,84,178,25,88,140,173,
235,103,5,45,73,171,215,45,86,233,52,115,213,146,45,154,11,217,139,153,136,41,168,26,77,123,224,234,78,146,47,68,
91,196,240,70,136,54,93,156,249,1,17,200,210,62,144,254,255,16,145,239,86,162,225,234,99,199,31,47,169,208,208,32,
190,13,57,124,2,223,60,158,64,60,129,227,18,60,167,34,111,130,234,237,111,167,40,77,181,235,250,78,218,43,86,145,
30,251,83,190,92,88,157,249,46,88,195,63,139,158,6,13,139,197,67,103,209,7,20,103,246,69,116,176,58,23,117,211,
62,109,175,5,62,182,17,144,172,252,101,21,136,207,158,196,6,88,40,92,249,146,197,4,92,100,188,40,88,157,191,96,
118,145,245,171,211,215,57,90,176,55,143,150,19,132,134,209,70,182,228,34,62,72,127,56,179,173,4,137,111,197,41,164,
204,243,144,94,180,48,206,246,18,83,93,148,77,178,253,60,158,108,218,97,220,4,8,130,139,201,49,167,199,61,172,146,
232,111,234,239,22,179,129,206,44,225,221,30,135,179,221,71,188,16,35,140,150,16,72,201,239,86,142,154,236,123,202,246,
57,191,156,249,91,253,249,62,160,207,249,100,223,44,63,172,175,49,105,234,15,119,173,188,16,98,228,15,66,227,249,44,
144,46,86,114,188,0,27,118,235,77,96,198,208,77,133,6,44,147,201,217,46,184,7,55,110,252,217,53,151,58,54,124,
223,12,54,161,30,105,124,228,235,105,161,34,71,175,231,243,69,212,35,81,139,24,245,81,175,86,82,152,251,40,82,188,
53,133,154,255,4,133,189,64,96,203,1,17,101,240,63,109,172,52,17,110,210,114,110,179,15,68,110,216,80,161,180,28,
35,103,210,80,108,234,89,63,149,28,151,156,195,96,46,123,217,142,138,205,49,96,138,246,105,189,208,56,61,189,245,118,
154,3,57,72,156,40,119,166,230,108,73,166,11,112,159,222,33,133,228,62,126,135,57,71,49,210,81,195,246,36,137,147,
247,59,216,237,4,109,153,239,49,223,6,69,162,170,186,113,123,231,57,167,168,185,58,152,255,75,138,147,12,112,200,216,
82,121,121,201,103,182,226,37,171,136,229,71,233,229,42,140,187,229,80,203,24,43,147,150,24,80,209,246,94,148,163,247,
131,212,255,58,199,164,254,101,5,1,76,174,220,6,112,233,57,76,180,183,57,113,242,23,127,181,197,22,164,243,33,98,
232,197,34,128,38,34,104,196,248,36,139,2,85,104,206,212,85,141,15,52,155,209,226,50,134,8,51,80,235,18,115,215,
72,111,176,26,216,75,146,76,129,133,231,43,129,170,37,101,164,41,15,68,230,112,145,197,56,54,146,245,42,83,115,42,
51,115,191,117,157,161,27,71,98,1,124,105,168,69,10,97,166,118,136,234,76,85,112,236,138,178,241,24,57,143,219,90,
125,180,77,99,150,250,152,192,220,38,106,133,224,85,183,202,48,60,183,239,113,153,253,51,66,150,34,113,159,216,102,67,
159,0,164,160,230,67,118,160,10,135,211,230,79,82,211,11,141,175,25,81,93,175,62,141,185,252,130,95,188,30,192,188,
1,99,146,188,39,162,239,2,106,109,239,39,168,205,53,107,122,206,32,162,205,0,161,183,234,78,236,20,48,122,190,217,
52,169,11,30,132,142,11,67,196,234,81,135,151,236,118,197,245,44,186,151,243,85,248,244,58,157,202,244,95,220,39,58,
162,169,39,95,224,10,114,170,182,8,151,230,21,86,219,184,21,121,25,21,90,186,235,21,127,244,72,91,195,201,72,128,
2,37,142,196,211,43,179,2,49,106,247,212,49,143,53,51,117,211,7,49,157,16,100,119,224,231,100,156,29,69,170,224,
240,70,207,30,76,133,19,240,76,173,81,77,146,242,233,70,173,28,131,207,14,23,144,244,76,92,214,253,253,77,235,58,
102,167,47,12,106,198,109,105,174,12,63,105,211,74,156,175,23,30,156,212,86,127,226,24,40,127,205,79,119,151,84,102,
178,219,55,210,189,0,79,186,45,167,175,16,95,64,157,36,159,183,17,107,116,207,44,106,229,179,89,117,215,51,105,174,
208,113,135,186,30,188,228,0,74,142,169,4,121,219,238,82,97,219,19,150,182,33,87,103,191,70,149,196,0,138,105,194,
34,200,196,6,103,154,196,47,169,247,10,116,117,247,47,176,218,61,115,131,215,98,179,222,25,166,131,219,70,228,224,37,
133,182,224,75,199,19,38,143,154,19,77,203,239,89,143,156,241,126,205,251,56,194,159,252,98,0,252,66,165,152,245,92,
208,28,124,223,227,77,168,43,255,91,160,239,64,175,49,75,81,167,214,82,171,44,13,105,174,246,89,154,21,96,159,222,
207,96,137,251,29,150,204,219,47,187,10,57,119,255,220,58,150,61,57,126,226,15,57,164,29,108,127,230,242,108,164,37,
72,178,232,247,75,215,38,85,149,27,248,85,187,89,85,153,254,43,85,192,57,136,155,3,10,136,192,66,108,206,4,20,
107,185,59,102,131,30,69,166,10,123,162,227,77,11,126,197,134,189,245,76,102,177,27,149,119,237,79,42,152,228,119,194,
1,64,73,194,38,102,166,8,106,115,134,225,155,208,15,78,122,149,52,140,156,219,61,94,180,24,106,175,209,114,123,163,
31,130,194,36,134,108,194,73,196,177,8,141,150,236,4,196,245,42,50,174,176,245,182,243,65,162,139,3,84,167,214,56,
154,129,10,109,232,11,73,101,193,166,78,220,16,71,100,138,195,102,238,243,50,183,192,243,63,245,226,24,116,183,225,72,
194,20,39,144,152,20,76,207,239,90,144,159,247,127,206,253,58,195,162,251,91,1,253,62,167,211,253,108,229,53,72,177,
187,53,109,239,25,123,179,191,17,160,239,27,89,228,193,29,127,34,30,100,200,244,30,137,5,81,102,203,208,81,137,8,
45,151,205,221,48,188,11,59,116,198,214,47,135,50,124,178,24,21,124,231,9,78,112,38,45,134,218,28,34,154,26,46,
132,222,88,130,201,224,6,63,226,106,87,150,51,60,87,187,78,118,216,23,255,147,6,122,151,231,62,77,162,192,60,69,
217,59,46,167,208,75,174,202,44,29,174,239,82,146,185,51,60,146,227,94,120,184,251,89,153,32,155,195,199,65,109,195,
39,103,167,230,48,61,142,234,156,209,237,79,123,209,18,117,216,220,53,56,200,0,127,166,14,68,83,167,51,130,177,242,
119,84,177,22,123,170,236,66,138,237,46,169,244,51,114,99,244,29,143,177,42,96,108,193,79,158,205,11,147,112,206,42,
209,205,18,118,163,205,56,177,0,19,124,131,0,56,185,223,70,124,139,222,107,188,231,34,175,140,232,71,237,233,46,142,
191,233,84,208,28,47,152,163,28,86,212,248,98,152,168,252,135,214,4,65,203,168,10,112,14,10,80,179,166,3,106,217,
64,140,203,212,77,177,9,25,147,186,186,10,168,247,35,100,236,201,39,131,42,38,107,201,252,38,144,7,89,108,212,219,
89,145,19,60,159,213,229,60,138,12,52,84,17,35,111,152,244,143,122,189,15,115,226,86,140,171,47,37,83,190,92,132,
179,48,49,135,240,100,79,225,210,31,136,248,107,78,170,239,55,154,219,86,161,224,31,16,161,202,60,94,215,13,24,116,
252,75,123,178,64,29,122,224,126,122,192,31,80,124,227,90,173,192,38,49,173,229,102,140,243,41,57,137,24,103,150,207,
92,59,148,244,154,150,216,64,108,150,1,121,201,220,70,73,201,1,124,172,15,69,82,171,52,131,177,242,120,85,177,19,
182,178,248,90,136,180,27,146,229,248,94,102,229,29,158,196,43,97,113,201,80,159,206,14,90,106,195,27,186,3,67,160,
189,10,118,157,226,4,172,176,17,124,233,216,11,147,194,13,119,171,240,18,179,201,252,96,254,38,66,140,208,235,70,187,
29,48,152,155,29,85,216,248,99,153,169,1,136,215,6,66,204,174,9,112,15,11,81,180,225,11,117,238,62,81,186,189,
62,118,248,26,132,186,200,33,169,248,39,100,237,202,38,136,43,39,109,209,253,39,146,14,32,102,203,178,65,195,73,113,
166,7,18,112,137,33,44,177,34,36,111,228,84,130,192,220,28,114,168,59,75,162,39,48,99,199,101,141,145,11,55,141,
241,41,72,198,40,62,148,248,56,120,159,60,10,96,179,75,86,212,54,17,127,203,94,169,232,39,48,169,13,77,141,239,
81,90,100,13,145,175,148,105,30,85,2,139,190,246,102,79,199,24,107,154,252,94,80,206,41,172,201,227,115,121,208,40,
174,222,20,48,140,113,25,167,219,18,47,85,142,49,185,190,253,130,139,190,10,192,173,227,63,130,172,19,142,223,242,90,
101,223,23,153,187,37,91,107,195,74,153,199,4,142,107,200,44,204,202,12,106,158,200,48,170,251,14,118,125,251,51,181,
223,65,121,133,215,102,181,225,34,170,135,227,69,232,228,42,134,186,228,79,196,23,44,145,150,23,79,206,247,93,147,162,
242,130,209,0,63,198,163,255,101,4,0,70,175,219,5,111,236,56,75,179,186,56,112,242,27,68,173,185,3,150,50,94,
146,250,2,93,110,6,17,143,195,228,34,193,25,100,163,226,235,41,141,3,31,130,5,15,96,216,74,122,101,228,208,129,
231,17,45,146,26,24,116,145,41,52,178,33,7,93,228,95,100,139,40,246,67,161,86,82,152,251,40,82,188,53,133,152,
1,4,133,189,63,97,203,1,15,104,240,63,110,171,52,17,109,207,114,110,180,24,68,110,215,85,161,180,29,38,161,217,
90,124,231,29,45,131,12,91,137,202,80,45,138,240,142,138,207,51,96,138,244,109,189,208,57,67,131,238,108,114,234,106,
126,212,46,168,210,25,48,86,143,57,195,228,24,139,137,229,72,125,220,5,103,147,174,77,200,240,244,110,119,205,25,140,
171,41,152,102,212,56,179,195,61,124,168,254,98,162,202,33,90,128,185,92,193,233,75,114,182,12,112,176,240,47,145,130,
199,112,244,18,247,204,129,184,101,238,33,89,201,178,42,123,206,253,95,193,186,43,135,2,47,103,140,232,205,117,3,55,
110,139,177,234,141,21,26,94,227,236,31,107,33,14,68,160,227,13,115,244,64,83,189,190,64,120,250,36,134,188,204,31,
171,252,39,98,239,204,38,140,45,41,110,206,255,41,148,9,92,111,216,219,92,150,20,56,162,216,228,64,199,22,69,129,
11,232,70,164,73,69,132,238,27,69,173,43,120,139,243,254,120,176,49,87,190,244,4,90,227,52,95,154,39,4,93,192,
101,97,166,8,55,97,203,70,148,167,16,26,90,197,67,95,194,69,79,160,24,138,186,165,36,16,172,11,145,192,241,26,
23,147,29,141,187,179,50,30,179,36,124,164,6,104,78,140,43,107,138,195,95,60,152,246,157,153,224,58,111,153,4,129,
204,223,72,78,204,4,132,175,18,72,88,175,55,134,180,241,123,88,181,19,185,181,251,87,139,181,30,156,232,251,99,106,
232,32,161,201,46,100,115,201,83,162,209,17,93,109,198,8,188,2,76,174,173,2,104,235,200,36,105,184,29,122,234,35,
87,191,199,215,114,237,231,62,136,169,34,134,222,6,104,202,152,6,141,8,48,44,133,205,35,89,15,20,59,216,190,55,
120,243,8,71,228,161,20,91,21,61,78,200,185,39,174,41,46,109,242,251,22,146,48,88,151,173,251,90,180,213,112,91,
158,240,84,195,55,109,140,16,6,52,159,61,101,141,23,23,117,206,36,122,182,25,22,119,227,85,55,201,186,7,112,224,
83,54,146,215,31,130,195,62,137,200,7,248,137,178,36,70,191,245,1,87,228,51,97,162,40,5,98,192,102,98,168,12,
56,98,204,69,149,168,17,26,149,207,77,113,219,17,29,114,0,79,125,188,68,33,125,225,130,128,194,32,84,126,230,99,
177,196,44,51,177,233,107,141,247,45,61,141,28,109,152,211,96,61,151,252,158,154,223,59,112,154,5,128,205,224,72,83,
205,5,135,177,19,73,88,176,56,135,181,242,124,89,182,27,128,175,241,71,127,246,94,206,252,58,161,87,202,17,203,197,
28,102,170,221,100,223,228,35,109,118,199,31,190,7,71,164,193,14,122,161,230,8,197,208,213,45,206,28,80,184,122,237,
52,238,35,63,161,205,35,100,199,42,46,135,138,26,82,212,253,96,150,165,249,133,212,3,60,201,166,3,97,12,8,76,
177,222,8,114,235,59,78,182,191,59,115,244,28,129,183,197,30,166,245,36,99,234,199,35,129,40,36,106,204,250,36,142,
11,87,106,211,222,87,143,16,58,157,211,226,54,194,17,64,128,204,220,53,119,43,113,187,29,28,113,215,90,55,147,216,
39,140,233,89,146,198,46,54,70,225,70,110,208,247,59,145,245,53,117,180,22,7,85,176,106,146,187,64,14,159,3,91,
131,229,71,21,107,10,133,173,201,2,40,97,4,105,145,243,26,94,180,24,88,152,215,57,42,111,24,156,186,159,116,41,
96,13,150,201,1,113,90,210,35,118,165,7,105,80,217,60,183,218,24,52,144,117,29,171,223,22,51,89,146,53,189,194,
1,134,143,194,14,196,177,231,67,134,176,24,149,227,246,94,101,227,27,157,191,41,95,111,191,78,159,202,5,146,111,201,
47,208,204,17,113,162,204,55,172,255,18,122,129,255,55,184,220,69,123,139,227,106,185,231,36,174,139,231,72,236,234,44,
138,190,232,80,202,27,46,150,157,27,83,213,255,97,151,167,254,134,215,2,61,202,167,1,103,13,9,79,174,223,9,117,
234,2,72,173,170,48,182,40,84,135,250,10,7,136,230,98,159,4,253,26,92,16,86,160,2,1,86,188,63,28,120,189,
5,104,145,12,111,174,213,222,76,176,78,83,113,17,41,120,209,93,122,191,32,227,58,127,79,119,160,2,11,132,173,64,
80,167,9,53,104,204,106,87,149,239,249,48,233,78,153,216,58,8,118,253,120,160,164,30,39,101,205,67,99,217,72,46,
132,11,134,139,178,79,29,106,200,125,121,188,32,79,121,227,88,172,191,40,43,172,228,101,139,242,40,56,143,221,95,138,
189,94,116,167,11,169,209,237,55,123,150,241,102,200,219,65,76,200,0,130,167,14,68,84,164,51,130,176,236,119,86,175,
15,181,177,247,84,135,177,27,144,228,247,96,107,228,28,157,193,42,96,111,198,79,158,204,13,147,112,205,45,209,205,18,
116,163,207,54,173,0,19,124,131,0,56,185,223,70,124,140,228,107,186,233,41,117,133,222,54,240,37,65,163,207,37,102,
201,44,48,137,140,28,84,211,253,98,152,169,247,135,214,4,63,203,168,9,105,14,10,79,175,224,10,117,241,61,80,185,
195,3,110,233,242,140,247,246,17,86,68,24,56,227,250,91,184,65,73,170,249,218,55,190,57,63,177,18,27,108,207,4,
127,77,243,15,113,205,3,72,106,11,33,84,184,86,126,154,228,40,67,158,19,117,136,238,249,117,173,46,84,187,241,1,
81,224,47,94,151,36,3,92,188,98,94,161,5,52,94,200,65,145,164,13,16,145,201,74,112,215,13,28,110,252,75,122,
187,64,29,121,219,126,122,191,30,80,124,227,90,173,192,37,45,173,229,102,142,243,41,56,142,24,103,150,214,92,59,148,
244,154,150,217,56,108,150,1,121,201,220,70,73,143,250,120,126,246,118,138,224,58,180,222,37,60,98,155,62,198,179,242,
143,152,179,23,170,210,52,115,91,239,98,214,243,67,154,169,254,28,152,161,53,164,173,3,103,167,10,38,112,180,231,51,
174,214,45,110,120,175,104,205,24,87,185,135,245,124,247,31,35,157,166,228,76,194,226,88,199,173,3,138,5,10,49,206,
156,233,71,252,248,59,159,206,248,98,215,43,62,167,175,48,104,233,15,118,172,188,19,97,227,14,65,226,248,43,143,45,
85,113,187,255,26,117,234,76,95,197,208,76,132,6,43,146,200,216,40,183,6,52,112,251,218,51,147,57,53,123,216,11,
53,159,20,104,123,228,239,104,160,33,69,174,228,243,74,211,34,80,145,23,244,81,177,85,81,150,248,39,83,186,49,132,
151,255,6,132,188,61,101,202,0,15,101,239,62,109,173,249,9,98,186,116,169,197,39,83,169,234,77,176,180,13,16,160,
216,87,129,230,28,45,123,11,90,136,195,79,44,136,232,141,137,206,46,95,137,244,112,188,207,56,66,130,237,104,113,11,
118,117,144,213,195,151,183,84,142,211,64,193,232,7,139,129,175,26,184,224,15,140,141,227,76,192,171,61,46,123,228,84,
199,170,6,75,147,246,55,178,253,60,123,108,253,38,152,186,51,105,117,203,88,167,211,22,156,121,210,60,218,214,24,128,
172,216,63,182,9,28,128,143,9,65,192,236,79,133,146,235,116,195,239,44,184,151,240,80,246,242,51,156,200,242,93,213,
37,56,161,171,37,93,223,8,107,168,180,6,149,228,15,78,217,182,18,120,23,19,88,186,233,19,125,249,70,89,194,205,
70,128,254,34,140,194,203,36,177,0,43,110,245,210,47,144,51,47,116,216,5,47,154,17,98,119,220,225,98,154,21,67,
168,224,236,62,205,28,71,134,17,238,74,176,79,75,144,242,33,75,181,49,126,145,250,5,126,184,54,90,196,250,3,95,
233,58,101,160,45,10,99,197,107,103,173,12,61,103,209,73,154,173,21,30,154,210,83,121,224,24,36,118,5,84,124,193,
73,40,129,225,135,131,197,36,89,131,238,99,182,201,49,52,182,238,111,153,252,50,66,147,33,112,152,219,43,59,148,236,
139,212,20,113,142,219,71,110,179,213,125,129,226,77,186,169,220,100,147,222,72,124,193,227,132,154,205,49,207,247,19,93,
161,188,23,140,238,1,105,108,238,38,169,201,52,106,122,210,89,168,215,19,157,122,213,60,219,215,28,125,173,215,65,190,
10,29,133,142,10,66,195,236,80,134,150,238,117,196,241,51,185,150,242,81,247,243,57,152,201,243,94,218,38,57,162,172,
236,87,213,219,88,216,236,66,156,22,64,135,158,196,253,160,40,21,84,241,250,21,121,12,52,150,213,189,81,196,56,85,
165,252,11,96,126,48,88,105,227,212,66,201,68,73,136,13,22,49,173,75,115,178,209,187,73,218,89,129,123,16,45,130,
225,51,126,187,30,51,53,182,20,123,186,238,15,77,201,103,143,171,13,57,143,184,75,150,213,55,222,147,244,41,144,207,
3,36,98,222,124,164,192,34,78,164,205,96,171,234,76,9,179,11,131,180,143,41,95,185,29,83,174,1,98,102,151,32,
149,194,179,50,30,200,42,168,192,164,62,116,206,50,104,195,22,119,123,175,39,180,221,13,124,140,137,10,104,228,33,134,
127,122,61,181,151,248,135,148,234,9,190,223,55,128,154,226,43,202,242,57,148,148,165,93,204,241,57,77,166,239,81,215,
255,250,118,172,6,106,160,227,71,174,184,251,106,229,233,65,188,172,19,105,200,23,86,180,123,200,113,245,19,248,175,162,
27,127,250,231,62,195,204,34,75,222,6,45,147,151,229,128,8,13,76,209,218,13,89,15,252,50,142,209,251,97,227,51,
70,175,181,51,107,237,22,121,175,191,22,158,239,26,85,226,191,23,129,32,28,99,189,242,28,135,4,79,98,203,209,21,
128,254,26,152,7,237,67,202,69,74,113,14,220,41,135,60,56,122,220,14,56,164,23,107,126,231,234,107,163,37,71,177,
231,248,74,214,39,82,141,26,247,83,177,88,84,155,245,42,84,191,60,135,154,3,9,135,191,65,100,205,3,18,98,242,
65,112,177,54,19,111,213,116,112,181,19,70,112,214,80,163,184,29,34,163,219,92,135,233,31,47,130,14,93,139,204,82,
47,140,236,144,140,210,53,98,140,240,114,191,212,57,62,191,247,120,159,5,59,74,162,42,121,167,230,110,75,167,12,172,
168,238,82,126,168,19,143,219,240,85,90,219,19,149,191,33,87,102,189,70,149,195,0,138,105,194,34,200,196,7,103,154,
196,48,164,247,10,114,121,247,47,177,217,61,115,131,211,98,177,224,28,166,131,224,68,228,224,37,132,182,226,73,192,19,
38,142,145,19,75,205,241,89,143,158,241,126,207,250,53,194,159,251,91,0,252,66,158,210,252,102,224,52,71,175,186,52,
108,238,17,122,176,192,23,159,240,27,86,227,192,29,129,33,29,98,194,243,29,137,254,80,99,203,206,80,136,10,50,150,
204,219,46,187,10,57,121,197,213,46,134,64,117,145,243,31,117,182,25,124,128,217,220,108,164,35,77,178,232,249,71,215,
38,84,143,27,248,84,180,89,85,154,250,43,85,192,60,136,155,4,14,78,185,52,61,215,64,80,152,161,113,131,229,71,
80,107,231,133,173,236,19,52,138,214,85,120,175,72,94,145,245,147,187,215,33,101,128,219,80,178,197,41,57,178,234,108,
145,248,46,62,149,29,108,155,219,97,64,153,249,159,155,220,68,113,155,7,122,206,225,74,85,206,6,136,173,218,67,79,
153,60,196,201,8,141,150,201,21,203,184,238,74,141,183,30,151,234,253,101,112,234,34,164,205,48,102,117,197,85,164,210,
12,153,118,211,49,215,211,24,120,169,211,61,181,204,18,119,116,9,122,210,250,92,190,164,226,129,193,224,25,181,146,235,
78,243,239,53,151,197,239,90,213,34,53,158,164,34,90,220,4,46,151,160,215,155,31,61,34,222,242,249,169,39,67,128,
237,170,63,163,43,24,87,185,194,24,183,15,31,118,216,201,90,131,57,38,113,10,14,104,205,70,101,169,4,206,49,142,
13,56,122,220,222,51,144,2,118,184,14,21,118,142,72,112,188,251,236,66,225,33,73,195,234,11,132,232,99,104,144,247,
6,65,165,30,140,212,57,240,133,233,78,118,216,23,32,153,218,61,125,164,65,39,101,225,68,167,183,13,17,94,254,121,
174,178,20,29,115,215,141,146,185,51,60,122,25,89,188,192,17,94,191,212,142,182,2,65,50,136,39,103,143,9,48,81,
202,46,169,174,214,61,76,196,40,176,181,220,62,130,157,1,183,164,251,128,137,223,32,132,177,231,73,131,217,74,138,178,
241,83,92,237,46,145,209,16,90,158,185,88,152,201,65,165,155,183,82,205,223,30,163,137,223,102,190,206,37,111,179,230,
50,197,213,79,113,173,3,81,204,23,51,149,193,244,64,211,227,93,156,141,251,71,253,226,24,191,209,29,61,253,46,99,
107,206,47,68,11,54,105,201,221,231,138,18,255,121,219,169,4,163,227,35,133,184,188,18,118,242,1,140,241,238,66,177,
224,71,112,245,219,25,149,248,32,95,252,226,44,135,254,38,106,183,9,92,122,253,37,155,10,216,105,205,13,53,175,214,
247,112,146,66,119,123,24,33,60,160,86,67,154,31,231,113,191,93,98,137,3,244,74,174,100,105,137,32,19,140,205,48,
112,151,249,2,147,212,47,108,170,255,1,78,6,117,154,226,246,67,164,185,128,171,222,62,82,92,255,122,116,179,45,89,
116,216,83,123,245,52,96,147,26,149,189,193,47,111,192,40,164,202,0,103,105,128,243,101,150,211,55,59,146,244,103,134,
17,118,115,199,54,101,204,245,122,96,217,26,149,189,252,129,138,224,21,117,157,218,130,148,237,255,185,238,10,108,93,238,
23,170,186,249,91,112,186,25,139,239,46,98,107,217,96,160,200,7,105,173,224,103,191,10,73,171,121,190,102,236,197,67,
143,187,238,117,205,245,52,150,194,24,124,200,18,59,192,166,31,96,219,3,66,199,208,38,76,199,32,95,147,156,10,145,
209,249,56,154,222,17,152,240,59,122,220,175,14,171,40,61,66,219,241,36,136,235,78,82,204,189,19,119,237,72,148,211,
220,26,185,249,57,96,194,203,25,116,52,101,154,184,6,101,191,246,99,169,18,13,30,217,69,110,176,11,207,121,219,89,
113,107,17,37,44,213,89,119,114,25,43,119,151,87,136,189,197,41,136,226,34,43,221,235,213,102,251,101,150,219,60,37,
157,238,65,112,210,52,29,161,2,126,154,228,78,78,94,21,31,139,221,75,76,93,222,60,163,239,46,55,176,20,108,124,
246,29,29,109,11,90,132,202,79,44,137,234,141,137,207,50,95,137,244,112,188,209,54,59,188,244,115,158,2,56,71,151,
39,118,165,228,107,72,164,8,169,165,234,74,123,165,16,141,216,235,83,94,216,16,146,182,30,84,99,185,9,139,182,233,
122,164,254,87,216,255,67,82,120,177,112,144,247,67,130,139,4,104,192,208,74,113,113,193,95,174,217,21,163,128,221,65,
225,221,36,130,179,221,72,196,16,35,140,151,16,72,201,235,86,140,156,236,123,202,249,57,191,158,247,87,253,249,59,157,
207,249,99,224,44,63,173,182,49,105,235,20,119,173,189,21,98,228,15,66,227,249,44,144,46,86,114,188,0,27,118,235,
77,96,196,212,77,133,7,44,147,201,217,48,184,7,54,118,252,219,52,148,58,54,120,218,12,54,160,29,105,124,229,238,
105,161,35,76,175,229,245,77,154,28,59,215,232,229,95,228,96,131,214,47,64,66,195,33,136,212,19,28,149,249,81,97,
219,2,2,82,240,63,106,166,52,17,110,210,114,110,181,19,68,110,217,85,161,180,29,40,161,217,90,124,231,29,45,125,
12,91,138,202,80,47,136,232,142,138,204,46,96,138,244,113,189,208,57,66,189,245,119,160,3,57,73,161,238,112,155,206,
86,133,208,58,110,179,213,118,140,191,35,193,233,5,79,147,174,9,126,224,243,91,95,224,24,154,191,38,92,108,195,75,
154,201,9,143,108,199,46,205,201,15,115,159,201,51,168,252,15,120,129,252,52,181,221,66,120,135,219,103,182,229,38,171,
136,228,74,233,229,43,137,187,229,79,202,222,36,137,112,255,129,7,47,100,197,208,46,71,223,234,111,224,226,45,162,18,
64,131,159,223,53,107,254,14,101,234,243,38,138,40,80,84,206,250,80,180,236,11,108,251,8,94,125,43,100,150,1,253,
51,198,65,107,167,251,6,97,125,21,32,158,0,219,73,149,40,115,178,241,250,115,215,23,87,185,27,36,46,215,91,121,
94,51,232,31,190,106,129,201,49,57,111,245,93,93,163,40,49,119,246,105,145,213,48,252,165,152,87,146,221,55,251,110,
181,111,164,192,34,78,164,229,72,171,175,8,11,155,211,81,123,225,23,38,118,6,85,133,193,74,39,131,225,136,132,202,
44,90,132,238,102,183,204,49,54,183,239,109,152,253,51,67,148,34,113,160,218,102,67,161,253,164,160,230,68,118,160,10,
135,211,230,79,90,211,11,142,178,25,81,93,175,62,141,181,247,130,95,185,26,192,188,2,97,146,190,37,156,239,2,102,
118,239,39,169,203,53,107,122,202,90,169,215,18,158,123,216,53,220,218,28,122,174,216,63,188,11,30,135,141,11,67,197,
231,81,135,150,234,118,199,242,45,186,151,238,81,248,246,56,150,202,244,92,218,39,58,163,172,39,95,224,7,114,168,184,
12,151,232,19,78,219,184,17,115,25,21,90,182,235,21,128,246,72,91,195,198,72,128,1,41,142,196,211,39,179,2,42,
109,189,205,38,126,29,102,166,3,32,109,217,0,69,103,15,19,116,223,76,59,110,246,37,112,218,14,83,117,22,44,95,
195,97,137,165,239,51,78,169,30,128,147,251,255,128,184,58,95,198,252,12,99,235,58,105,169,47,12,103,206,109,105,174,
17,63,105,211,72,156,175,25,31,156,212,85,119,226,24,40,126,7,86,132,192,75,40,131,234,137,133,202,46,91,133,240,
102,184,203,52,56,184,240,108,150,196,45,57,109,10,163,214,21,109,117,205,57,105,174,208,113,135,162,6,188,228,232,74,
107,193,72,160,167,36,149,151,226,87,199,245,51,79,143,229,27,174,190,21,154,163,214,58,216,0,4,126,170,0,100,156,
165,28,171,184,14,45,226,3,91,164,190,6,79,238,22,93,184,184,201,74,168,15,78,130,163,225,93,251,35,63,161,205,
35,76,223,42,105,203,114,39,136,189,36,99,151,184,246,114,16,56,84,182,226,56,97,249,68,131,229,162,76,164,28,77,
40,233,239,255,133,45,89,152,181,217,84,189,57,78,152,250,223,78,203,45,102,151,221,13,99,195,251,36,90,16,13,96,
205,228,97,138,15,24,110,151,42,117,180,22,228,82,182,25,69,127,217,25,124,189,56,131,194,1,242,131,172,30,64,185,
239,250,87,222,45,92,152,34,255,92,193,96,92,162,5,50,94,197,60,143,162,7,18,143,199,72,106,213,11,28,111,250,
73,119,176,62,27,120,220,124,120,189,28,78,120,227,95,113,183,28,25,174,31,119,159,1,99,73,135,38,102,133,190,90,
55,144,247,152,148,218,55,106,148,255,117,199,218,68,69,199,255,129,165,13,67,82,166,50,131,174,233,118,83,169,21,180,
178,244,82,134,176,26,150,227,246,94,97,227,27,158,195,41,95,110,190,78,157,204,11,146,111,203,44,208,206,16,110,162,
204,54,174,255,18,122,125,255,55,185,220,69,123,138,218,106,185,231,38,174,139,231,73,236,234,44,138,190,232,83,206,27,
46,150,157,27,83,213,251,97,151,167,250,134,213,4,67,202,167,4,111,13,9,79,178,223,11,114,233,60,79,183,187,60,
116,246,24,130,184,200,27,167,246,36,95,235,200,37,130,41,37,106,202,251,37,143,7,30,100,201,198,91,204,36,76,174,
16,246,52,211,19,50,107,7,228,62,164,69,65,136,226,23,65,171,34,116,135,239,244,116,172,45,83,186,240,0,87,223,
46,93,157,233,249,79,148,106,155,208,216,60,153,4,113,62,215,68,254,160,7,118,156,230,252,68,132,208,134,115,202,44,
53,115,239,82,146,185,27,43,134,40,165,112,245,96,108,112,19,142,136,199,100,109,160,39,127,167,9,60,57,138,246,93,
201,19,38,110,174,250,176,157,244,86,95,157,25,124,188,227,69,85,206,54,177,171,234,135,144,195,74,162,202,44,127,104,
244,89,210,241,53,144,96,235,84,200,1,246,88,152,238,36,159,2,65,128,172,223,67,225,199,14,117,112,194,50,174,214,
14,118,131,205,40,232,25,78,108,186,25,115,148,22,96,115,200,33,121,242,37,24,185,172,2,102,201,241,107,170,155,9,
109,11,51,79,153,174,254,91,219,3,45,219,231,54,152,30,250,120,218,240,11,170,37,77,140,238,188,18,177,9,37,96,
189,199,25,108,48,85,78,184,193,78,156,23,63,102,200,12,63,139,30,70,168,10,240,46,139,59,77,140,238,223,53,212,
44,60,147,245,33,119,184,27,61,176,18,40,67,226,93,133,196,38,244,74,233,65,74,190,32,54,81,240,107,147,210,52,
2,88,247,79,87,171,12,8,87,178,129,157,217,68,255,161,8,119,157,231,253,69,168,12,135,140,179,80,30,175,240,142,
182,210,34,39,118,13,136,154,217,94,103,189,33,121,196,200,66,51,137,5,163,168,219,55,64,139,251,115,154,197,102,124,
210,54,142,158,24,63,131,182,61,184,189,234,72,74,211,55,156,196,38,136,145,231,40,198,179,10,84,93,203,82,170,198,
39,137,124,210,89,212,252,59,122,166,193,61,160,200,31,164,138,195,35,213,10,73,171,145,207,110,174,17,45,178,187,238,
64,183,215,74,172,159,245,124,247,31,94,157,201,228,96,195,235,66,199,173,227,67,202,243,50,147,139,38,145,19,45,39,
224,218,49,152,12,239,130,226,243,57,88,23,74,58,225,243,63,95,31,80,133,163,241,80,170,203,72,113,246,255,85,126,
17,92,155,253,203,57,157,0,44,102,192,0,99,164,31,106,169,232,217,106,147,5,39,160,214,225,62,197,20,67,127,9,
230,67,168,71,67,137,236,25,69,172,35,118,137,238,249,118,174,47,81,188,242,3,86,225,48,94,151,37,2,95,195,99,
95,164,3,53,95,202,70,88,158,3,0,149,6,94,134,232,74,48,110,13,77,108,165,65,30,120,217,127,123,193,32,81,
123,230,97,174,193,42,46,174,230,103,137,244,42,58,138,25,106,149,208,93,58,150,251,155,151,220,56,109,151,3,123,202,
221,69,72,202,2,132,172,16,70,85,168,53,134,177,236,121,86,178,19,183,179,248,84,137,179,30,148,230,249,97,100,230,
30,159,199,44,98,113,197,23,153,196,247,152,174,225,69,227,11,39,113,181,208,43,160,2,21,122,134,2,58,188,224,72,
126,141,226,109,188,235,39,119,135,221,34,248,41,94,102,202,41,131,195,204,126,140,118,7,156,6,55,124,221,198,62,143,
226,17,115,218,211,68,160,27,72,128,165,1,230,142,28,80,135,164,202,3,166,46,51,114,247,0,51,127,53,34,88,180,
247,33,135,8,84,103,209,210,84,140,14,56,154,208,224,51,191,16,59,118,3,224,57,161,65,61,131,226,19,61,167,36,
112,131,236,241,112,170,40,76,182,236,247,84,219,42,89,149,31,252,89,190,93,89,159,2,47,91,194,57,140,159,3,18,
140,196,70,110,210,8,23,107,247,70,117,176,59,24,116,210,121,119,185,23,75,117,217,87,168,187,32,40,168,224,99,132,
238,36,51,135,19,98,145,208,87,52,146,242,149,147,213,51,103,145,246,116,196,215,58,67,196,254,124,160,10,64,80,161,
47,126,172,237,115,80,173,13,177,173,236,82,73,166,13,124,200,40,139,143,249,84,215,171,7,76,155,236,91,221,247,253,
83,130,254,87,216,185,21,90,162,5,70,193,12,75,138,123,12,53,167,201,66,120,135,215,103,182,230,29,171,136,229,75,
233,229,43,138,187,229,78,204,24,43,147,159,24,80,210,247,94,148,163,251,131,210,1,60,199,164,255,102,5,1,75,168,
220,6,113,233,57,76,181,191,57,113,243,28,69,174,186,238,139,36,87,150,238,246,78,186,234,47,81,242,8,35,135,61,
101,105,203,236,66,201,33,40,165,22,24,99,216,72,118,180,208,16,102,156,47,63,150,27,36,87,187,89,129,133,255,43,
129,229,29,38,157,44,57,143,174,92,152,214,51,23,146,240,112,74,166,235,51,137,191,82,98,185,62,71,122,222,124,164,
168,34,78,164,8,33,158,199,76,85,171,212,103,178,241,83,33,143,243,86,130,188,22,86,185,250,117,192,255,62,47,192,
233,91,125,246,44,55,148,27,106,153,213,95,60,153,254,157,153,223,66,111,155,2,121,204,223,67,82,204,4,134,174,18,
72,87,171,55,134,181,240,123,88,180,18,127,174,240,70,142,228,26,173,189,20,153,162,213,57,215,255,3,125,169,255,99,
146,251,71,159,100,249,106,194,234,76,174,148,210,113,177,208,9,165,130,221,60,227,223,36,136,181,223,74,191,18,37,142,
145,18,76,202,238,88,142,157,246,125,204,251,55,193,158,250,96,255,251,65,159,209,253,100,219,51,70,176,179,51,107,236,
21,121,175,190,18,158,237,28,87,226,191,27,125,32,28,99,190,242,28,134,255,79,98,203,212,79,137,7,43,149,203,219,
51,186,9,55,119,254,219,55,153,60,58,124,218,14,56,162,23,107,126,231,240,107,163,36,74,177,231,247,73,214,37,83,
140,26,249,82,178,88,84,154,249,42,84,191,56,135,154,2,9,135,191,65,101,205,3,19,106,184,58,89,231,76,3,152,
9,97,137,235,77,51,113,16,80,111,168,68,33,122,220,130,126,195,39,84,126,233,101,177,196,44,47,177,233,106,141,247,
45,61,141,28,107,153,214,96,61,153,250,100,147,213,43,115,201,255,146,162,249,126,135,186,30,188,228,232,98,142,228,72,
119,224,44,132,73,222,79,167,207,49,147,121,183,86,150,181,238,138,103,193,39,200,196,11,101,154,196,46,165,247,10,114,
119,247,47,176,214,61,115,131,218,98,177,224,32,108,124,201,124,250,208,78,189,163,249,128,251,0,39,196,146,223,61,242,
238,48,145,196,238,89,212,33,52,157,166,33,89,219,0,103,157,173,3,82,217,1,33,222,240,60,101,193,92,71,138,206,
85,168,44,90,152,218,5,72,132,6,81,144,226,6,84,184,56,89,91,16,168,66,185,64,96,90,217,197,90,203,35,75,
173,15,245,51,210,18,49,106,6,227,59,165,68,64,135,225,22,64,171,40,115,134,239,245,115,173,43,79,185,239,251,78,
222,45,92,149,34,255,91,185,96,92,161,5,50,92,199,61,143,164,9,14,143,199,68,115,213,11,27,110,250,73,120,184,
62,27,120,221,124,122,188,26,78,120,224,87,171,190,38,41,171,227,101,142,241,39,55,143,22,101,147,208,90,55,148,248,
152,148,219,57,106,150,253,116,199,218,64,74,199,255,128,166,13,67,84,164,50,129,175,232,118,83,176,20,180,176,245,84,
134,176,27,151,169,239,84,81,203,80,204,239,66,155,172,174,47,141,251,53,162,178,250,37,148,226,71,158,173,188,61,155,
2,78,141,150,15,115,203,219,85,124,124,204,106,185,231,32,174,139,233,69,236,232,46,146,190,232,83,203,27,46,149,161,
27,83,212,247,97,151,167,250,134,213,4,68,202,167,4,110,13,9,77,178,223,9,116,234,60,79,183,186,60,116,246,31,
130,184,200,32,167,246,36,97,235,200,37,137,41,37,108,202,193,30,133,222,63,156,9,18,94,193,62,110,98,225,205,98,
211,19,59,181,23,229,59,183,50,125,153,218,33,134,227,83,140,192,40,48,64,219,86,80,167,241,18,139,239,71,111,209,
51,1,111,246,113,153,149,216,25,156,4,127,98,212,74,82,163,229,116,174,238,65,87,180,191,87,98,224,66,29,139,215,
106,181,244,51,60,181,25,89,153,251,93,102,90,19,120,195,2,100,50,160,39,162,202,206,72,81,143,247,109,141,3,114,
88,174,53,176,181,220,121,71,148,242,167,163,228,77,121,163,14,134,214,233,82,92,214,14,144,185,28,84,96,178,65,144,
188,247,133,98,190,28,195,191,5,104,149,191,42,167,242,5,109,116,242,42,172,212,56,110,127,209,35,165,208,3,164,173,
213,81,180,244,86,184,158,244,123,246,227,58,191,200,30,54,242,39,92,122,194,37,102,225,44,107,170,155,44,85,199,233,
98,152,164,249,135,214,5,64,203,168,9,103,14,10,79,172,224,10,117,234,61,80,184,191,61,117,246,27,73,178,178,87,
190,231,78,154,217,226,91,191,23,39,161,200,200,24,182,5,48,109,250,215,51,153,56,52,122,221,10,52,158,19,103,122,
226,230,103,159,33,67,173,227,242,70,210,33,79,139,220,236,69,157,87,127,144,10,251,105,240,107,112,175,52,61,88,212,
114,154,217,239,57,156,246,45,148,224,31,40,161,5,93,109,231,14,14,94,252,75,119,184,64,29,123,215,126,122,191,29,
80,122,228,91,173,192,40,47,173,229,103,144,243,41,57,144,222,96,127,13,114,41,190,47,135,175,17,115,89,151,54,118,
149,206,106,71,160,3,168,164,234,76,122,164,15,138,215,234,83,89,215,15,145,185,227,76,85,140,75,207,237,241,52,176,
178,247,173,6,52,159,174,3,71,228,249,16,121,165,251,61,235,18,81,174,182,198,125,135,243,69,179,180,197,70,164,11,
87,150,159,24,124,212,228,94,133,133,213,115,194,237,48,183,148,241,82,245,241,54,154,199,241,92,211,36,57,158,163,36,
92,217,8,106,160,181,8,148,227,18,82,216,181,18,119,22,20,86,180,232,18,120,249,69,88,193,202,69,125,254,36,139,
193,209,35,176,255,45,102,244,211,44,140,50,46,113,208,4,46,153,17,97,116,222,225,39,146,16,44,155,31,31,121,209,
93,140,114,241,221,135,233,103,127,133,197,7,123,234,101,131,193,37,54,65,194,32,135,211,250,3,148,248,56,96,183,25,
69,120,187,116,171,227,58,84,159,9,131,101,165,232,80,163,193,94,179,246,88,28,142,23,140,185,178,21,21,191,23,143,
192,155,82,69,190,34,157,138,225,102,111,197,238,129,169,208,54,58,136,35,171,176,239,116,125,176,252,178,159,213,49,116,
158,4,134,209,228,77,83,209,9,139,180,23,77,93,180,60,141,184,243,128,93,181,31,190,186,0,98,144,186,36,157,237,
0,105,110,237,37,166,200,249,98,110,184,91,227,232,39,172,181,232,52,234,215,13,105,172,214,62,187,9,28,132,139,9,
65,195,231,79,133,149,237,116,197,240,43,184,149,242,88,246,242,56,151,200,244,91,210,37,56,156,171,37,93,222,1,107,
166,183,9,149,228,19,83,217,182,19,120,23,21,87,181,233,19,123,244,70,89,195,197,70,126,255,37,140,194,210,40,177,
0,47,104,245,210,47,144,51,47,117,215,5,47,153,17,40,110,211,208,101,214,46,86,184,26,0,62,221,29,60,117,17,
238,72,174,79,75,146,236,33,75,181,44,126,145,249,254,126,182,55,93,196,250,10,97,233,56,103,167,243,3,89,158,116,
163,233,61,235,150,228,130,170,233,16,49,170,14,137,118,205,47,32,122,217,76,171,247,54,63,184,28,116,132,254,37,37,
117,19,98,140,210,87,52,145,242,149,145,215,58,103,145,252,120,196,217,62,67,196,252,121,167,10,64,80,166,47,126,172,
233,115,80,173,13,177,173,242,78,73,166,13,124,227,47,110,119,240,84,172,188,54,93,93,173,75,154,196,9,143,108,201,
45,205,201,14,110,159,201,52,171,252,15,119,122,252,54,180,216,66,120,135,223,103,182,229,37,171,138,227,67,233,229,42,
136,187,229,80,197,24,43,148,154,24,80,210,251,94,148,163,247,131,210,0,60,199,166,255,95,5,1,69,175,220,8,111,
230,57,76,181,187,57,113,243,25,127,181,196,24,164,243,34,93,232,197,34,135,38,36,102,196,248,34,140,5,85,104,210,
212,85,141,14,52,155,209,225,55,192,15,63,122,4,227,60,156,66,62,126,227,20,62,163,30,113,134,235,240,113,169,43,
78,183,237,252,84,220,43,90,149,32,253,91,183,94,90,160,4,48,90,196,61,141,160,9,19,83,190,60,88,214,69,43,
129,8,131,136,175,76,26,103,197,122,118,184,25,76,118,225,92,169,188,37,46,169,225,99,136,239,37,53,139,218,92,132,
164,97,115,191,201,159,208,5,44,22,223,239,75,174,30,111,129,221,64,155,229,17,75,91,212,56,145,236,42,140,144,229,
3,209,136,11,128,149,227,2,154,165,35,146,120,206,85,208,213,252,153,103,180,18,199,195,5,100,153,195,46,163,246,9,
113,116,246,46,175,217,60,114,130,211,97,178,221,24,165,130,218,69,227,223,37,132,181,223,74,198,18,37,142,152,18,76,
202,238,88,142,155,237,125,204,250,51,193,158,251,96,255,251,65,165,209,251,101,222,51,70,175,184,51,107,238,18,121,177,
189,15,158,237,25,85,226,191,28,125,32,28,99,191,184,21,124,213,54,147,0,9,85,184,53,101,89,216,196,89,202,10,
50,172,14,220,50,174,41,116,144,209,24,125,218,74,131,183,31,39,55,156,248,130,196,26,33,130,154,84,78,141,239,51,
137,237,45,144,172,14,255,109,209,35,104,138,14,68,158,2,56,117,221,52,69,159,227,114,172,236,63,85,178,197,65,74,
232,71,10,159,213,80,120,242,84,93,120,23,111,151,190,56,65,110,19,155,185,180,85,48,134,234,160,200,7,46,114,165,
9,108,172,235,36,75,131,247,186,154,201,127,124,207,60,83,208,249,126,135,221,6,153,228,35,133,83,193,37,136,180,238,
72,136,235,44,167,242,49,112,97,242,27,141,175,40,94,105,198,77,156,203,7,145,110,203,48,207,203,17,116,161,205,52,
171,254,17,119,124,254,54,183,217,68,122,138,225,105,184,231,40,173,138,230,72,235,231,45,143,189,231,83,202,224,38,139,
136,29,142,230,14,112,210,184,246,149,213,244,45,201,166,255,96,12,8,78,170,222,8,114,231,59,78,182,193,59,115,245,
24,129,183,198,26,166,245,35,95,234,201,34,130,238,29,83,195,204,20,204,66,110,174,14,14,105,198,2,97,114,212,221,
110,210,77,58,180,243,252,58,182,49,57,111,223,232,48,211,91,96,159,36,45,96,172,98,79,133,225,36,80,183,46,129,
148,253,1,129,185,58,100,199,253,13,93,236,59,105,166,48,13,106,207,110,106,176,20,64,106,213,77,157,176,25,30,157,
213,86,124,227,27,39,121,8,87,134,197,76,41,133,231,138,134,205,41,92,134,240,101,185,204,53,62,185,241,114,151,255,
53,62,151,36,115,162,226,104,69,155,3,108,155,221,51,123,222,31,154,229,36,99,84,229,14,128,162,27,81,94,182,64,
143,191,246,132,97,189,29,194,190,3,97,148,190,40,161,241,4,109,119,241,41,171,212,253,102,111,166,101,231,22,71,78,
177,18,39,238,25,76,172,192,202,109,232,29,92,131,199,226,129,252,1,40,162,171,1,89,191,231,48,146,157,239,77,213,
254,58,158,162,239,79,215,0,67,151,151,57,165,20,58,132,154,226,56,110,36,41,80,178,246,17,141,240,24,111,209,194,
24,136,65,107,77,245,7,96,114,44,97,125,223,11,62,162,29,69,108,206,18,69,145,12,111,127,213,217,58,135,70,121,
105,10,19,59,218,50,66,129,30,236,90,166,33,97,160,234,243,115,219,99,104,167,44,18,104,204,71,87,150,51,25,87,
187,113,138,169,246,54,153,218,85,160,188,30,39,125,201,68,167,195,13,22,167,201,121,174,202,44,88,139,239,106,146,185,
27,95,146,222,89,188,184,22,44,131,235,79,188,4,92,33,188,41,154,104,252,72,116,202,46,110,174,16,114,123,150,18,
141,157,224,61,62,203,60,148,188,30,128,102,164,67,131,162,219,119,84,172,23,181,177,247,86,135,177,28,152,228,247,96,
106,228,30,156,192,42,96,109,191,79,158,204,5,147,112,205,50,209,205,19,119,163,205,55,176,0,19,124,133,0,56,187,
223,12,117,129,203,110,246,251,58,191,200,251,71,253,234,32,124,191,233,81,201,28,47,152,158,28,84,214,0,98,152,167,
254,135,214,4,69,203,168,10,106,14,10,79,177,224,12,115,234,61,80,184,189,61,117,247,25,131,185,200,24,168,247,37,
102,236,201,38,133,42,38,107,199,252,38,144,6,89,108,213,216,89,145,18,56,159,215,227,53,196,19,67,126,8,229,65,
163,70,66,136,236,222,59,162,17,120,196,3,12,133,233,65,81,203,242,242,66,224,47,90,156,36,1,94,190,98,94,163,
4,52,94,201,65,87,157,255,233,154,7,120,70,223,76,6,168,15,126,164,238,4,76,140,240,83,182,210,28,37,123,26,
90,142,184,26,45,130,230,97,145,193,46,59,145,238,107,136,195,51,58,151,236,94,210,20,106,113,210,234,164,204,24,87,
96,158,2,149,165,31,70,79,224,9,191,231,3,89,160,248,255,192,241,51,67,139,238,82,146,245,249,150,100,245,89,177,
217,59,98,166,205,37,155,205,246,156,176,183,90,213,10,38,136,121,207,75,174,17,21,119,187,214,117,240,245,70,172,194,
24,65,247,228,94,133,201,31,96,219,38,42,199,193,247,70,248,45,108,147,215,242,145,209,52,115,178,187,52,93,19,249,
109,220,234,5,164,228,71,75,232,241,36,136,38,19,141,172,177,21,119,249,9,141,248,247,9,178,54,84,57,253,9,83,
181,59,23,149,4,210,64,140,66,47,110,232,20,71,206,73,113,117,239,236,45,207,89,122,174,33,31,123,222,19,60,114,
32,44,118,216,94,58,184,26,48,75,175,101,141,169,11,252,82,206,108,113,164,253,9,72,242,118,161,142,47,56,96,255,
63,127,166,67,17,127,203,70,169,173,27,24,105,210,76,100,231,84,14,163,7,143,124,187,88,97,148,248,91,131,218,95,
69,143,222,144,184,4,43,52,197,41,129,169,208,50,83,204,13,105,158,209,57,73,144,240,121,167,227,72,56,211,64,177,
149,38,123,147,234,75,194,156,26,124,146,173,17,199,239,11,109,94,180,48,206,211,233,144,162,238,23,145,186,218,151,169,
245,30,122,21,0,67,135,14,97,229,19,81,147,190,1,61,191,10,73,137,197,26,126,244,27,20,201,97,251,114,249,25,
19,146,126,19,132,220,4,102,200,174,236,139,203,234,35,191,156,244,95,253,249,63,158,207,249,100,224,44,63,173,183,49,
107,233,13,119,173,184,20,156,235,26,89,224,189,25,123,30,26,96,190,240,26,132,249,77,98,199,204,77,133,4,46,147,
201,217,49,184,7,53,110,252,217,54,156,58,54,125,215,12,54,161,29,47,117,218,193,80,210,88,128,181,22,33,127,152,
48,59,185,40,246,76,235,102,83,146,12,21,142,207,41,143,221,56,54,157,246,119,158,151,250,228,156,3,114,152,226,248,
64,150,204,71,170,233,16,49,135,235,137,142,181,82,56,177,21,68,137,171,47,101,191,35,89,166,0,85,109,198,31,161,
206,193,36,14,195,36,89,192,255,51,60,205,49,113,177,240,82,126,177,253,179,184,26,124,57,208,65,178,150,40,133,129,
230,8,164,237,33,140,71,241,73,193,242,205,145,157,231,73,207,171,41,139,161,212,91,214,254,61,159,133,195,39,186,185,
21,90,183,8,107,237,13,65,166,188,200,119,237,8,86,118,147,22,126,249,246,82,176,196,34,122,182,213,99,200,127,229,
145,196,198,103,204,201,29,140,187,34,97,208,158,244,88,235,251,82,156,189,54,78,230,241,137,230,238,75,167,23,66,142,
166,250,75,162,44,18,101,244,1,87,149,36,99,114,241,246,87,195,50,27,81,2,14,18,134,73,41,66,249,236,101,201,
68,49,136,13,22,108,149,40,80,119,221,225,47,202,82,87,150,27,36,87,163,89,70,124,216,27,69,171,45,120,139,244,
250,120,176,50,91,190,244,4,91,227,52,95,154,39,4,92,198,101,97,167,9,55,97,203,68,148,167,16,21,148,204,77,
111,160,9,21,95,2,138,143,206,83,92,143,219,145,126,180,16,83,125,229,94,176,195,41,49,176,232,102,141,246,44,57,
140,27,108,151,210,95,60,146,254,157,155,221,59,53,146,237,118,158,207,133,137,227,72,193,224,36,127,73,228,60,202,230,
235,133,148,237,81,207,173,35,133,155,206,85,208,248,55,153,127,189,33,180,188,251,84,107,193,23,209,6,34,132,176,6,
71,170,13,17,106,109,253,53,177,216,9,114,114,214,58,167,35,93,195,205,33,124,252,29,29,196,193,42,130,195,35,104,
205,214,47,73,251,35,111,150,159,245,113,212,20,59,181,225,244,88,202,5,68,152,224,67,132,255,74,137,200,185,74,115,
229,7,128,184,196,22,165,244,31,96,233,198,32,131,237,28,94,180,252,95,160,27,102,165,228,213,102,143,1,35,156,210,
223,55,193,16,64,119,5,226,62,158,67,63,132,226,21,63,169,34,114,133,238,248,114,170,44,85,126,231,240,39,230,104,
151,200,207,58,147,235,100,151,138,43,65,151,192,118,158,162,4,72,99,2,66,165,228,250,32,89,223,135,179,242,15,61,
165,7,142,181,234,91,70,181,31,143,186,220,95,93,188,218,86,95,0,101,98,182,37,84,187,250,105,79,141,241,108,207,
14,77,121,207,16,139,138,230,43,115,214,23,146,221,28,91,76,221,6,120,154,19,73,90,168,56,135,182,241,124,89,182,
19,186,182,252,90,140,182,33,153,233,252,102,105,233,33,163,199,245,94,72,253,94,147,250,70,168,118,7,107,171,211,77,
116,184,211,114,237,201,92,178,184,23,45,231,15,91,154,139,225,69,251,35,63,196,205,0,100,182,251,29,210,220,48,139,
11,44,50,204,222,55,150,5,64,51,204,226,21,121,28,68,96,170,238,9,100,217,59,78,176,185,59,115,244,25,129,185,
197,23,166,245,36,94,234,199,35,137,40,36,106,200,250,38,141,4,87,106,204,213,87,143,16,53,157,213,225,51,194,17,
64,128,204,220,53,141,85,113,195,25,232,118,224,94,134,200,224,32,131,231,39,138,201,240,249,138,179,105,86,208,50,239,
84,169,44,97,156,248,15,85,185,55,83,223,53,81,155,197,120,166,232,74,86,98,253,133,173,177,78,87,114,214,140,121,
243,26,94,180,204,76,111,182,24,49,121,234,87,129,201,32,41,127,218,154,203,0,8,102,166,45,168,208,212,78,122,208,
52,116,180,243,61,74,155,247,169,222,250,92,136,222,31,130,229,233,66,69,213,13,138,185,27,81,97,180,64,143,190,254,
132,97,190,35,194,192,2,96,148,190,36,165,241,4,109,118,241,41,170,208,55,109,125,207,92,171,217,18,102,118,207,39,
225,22,50,148,192,22,87,186,29,33,122,125,13,69,195,232,83,137,153,233,120,199,246,50,188,153,246,91,250,246,59,155,
204,246,96,216,41,62,163,168,41,102,225,17,116,172,184,10,153,232,23,82,221,186,22,120,27,23,94,187,237,23,130,255,
74,95,196,201,74,130,3,45,144,198,214,40,181,6,49,108,191,207,28,142,9,35,161,3,25,76,152,19,59,181,23,253,
118,218,50,90,124,210,26,125,190,57,132,195,2,243,132,173,31,65,186,240,252,85,223,46,93,152,35,0,92,191,97,93,
163,2,249,86,186,22,153,225,57,232,160,7,118,156,230,252,68,108,11,75,174,178,79,29,115,239,141,146,185,51,31,168,
12,89,129,192,93,43,188,253,120,195,2,53,56,139,240,98,143,206,47,40,189,243,169,150,16,55,123,150,250,141,216,244,
62,95,152,47,170,164,227,69,137,164,67,155,195,37,135,97,217,61,138,178,241,142,92,237,46,169,244,51,85,90,231,29,
211,192,58,97,165,192,36,183,2,30,104,137,193,89,212,206,13,111,179,206,109,197,237,79,177,119,201,58,185,227,34,86,
185,26,47,246,33,84,180,200,210,117,240,2,41,198,148,2,137,225,241,48,205,155,44,97,26,68,38,206,224,57,75,5,
58,121,160,193,4,163,251,70,133,172,205,70,170,234,30,81,174,193,1,169,47,8,134,232,219,25,184,248,56,154,217,202,
32,191,255,98,144,246,12,98,139,30,46,168,231,19,105,146,37,112,175,214,11,65,219,87,125,179,26,28,57,210,82,115,
195,219,228,113,226,93,74,161,235,47,98,233,100,81,168,45,54,81,174,49,93,143,237,2,93,195,49,96,163,248,248,147,
0,113,85,217,68,67,63,254,130,160,164,231,99,101,170,109,168,249,69,95,167,26,117,191,235,37,53,174,18,125,192,247,
89,103,182,221,171,98,229,90,111,189,220,116,127,253,108,82,168,47,170,175,214,115,65,142,236,161,157,222,70,115,157,9,
124,208,227,76,87,208,8,138,175,22,78,90,172,59,138,181,241,127,92,185,23,189,185,254,90,143,185,35,160,236,255,104,
108,236,38,164,200,50,104,115,207,87,166,214,15,155,120,212,50,217,213,28,122,171,215,62,181,8,27,128,136,8,64,193,
227,78,132,148,234,115,194,241,44,183,148,240,86,245,241,55,149,199,241,91,214,36,55,160,170,36,94,220,0,106,160,174,
5,148,229,16,75,216,181,14,111,22,18,88,183,232,18,124,244,69,88,192,199,69,125,0,35,81,186,198,16,152,52,93,
151,13,13,107,123,19,30,163,0,20,113,199,9,37,138,18,16,108,137,33,44,170,25,255,85,220,87,92,131,32,238,59,
153,78,74,143,237,32,74,181,42,125,144,248,251,125,181,54,96,195,249,9,90,232,55,100,166,44,9,101,195,106,102,173,
7,60,102,209,78,153,172,21,27,153,209,81,124,223,21,37,123,4,83,129,190,72,37,131,225,134,130,199,35,88,130,237,
104,181,200,48,54,181,237,111,152,193,42,54,106,7,160,211,18,106,114,202,54,102,171,205,117,141,220,53,193,222,35,132,
71,212,56,133,197,236,102,146,232,41,164,239,46,85,118,239,83,206,179,233,138,125,187,90,154,218,25,158,108,253,38,185,
201,247,118,98,247,91,168,232,15,137,181,11,76,199,18,81,120,153,18,118,241,205,81,188,187,183,142,181,190,69,186,213,
21,138,247,46,77,209,199,245,96,254,38,67,216,224,54,149,15,241,131,116,193,42,154,13,240,76,150,222,65,130,253,72,
135,198,183,72,113,227,5,126,180,192,19,163,242,33,90,231,196,32,126,37,33,102,202,247,33,140,2,84,105,206,211,84,
140,9,55,154,208,225,49,191,14,60,117,3,224,62,158,65,63,129,223,19,61,164,30,112,131,235,238,112,168,42,82,182,
236,252,78,219,42,88,153,31,252,89,185,93,89,158,0,47,89,196,64,140,161,6,11,140,196,63,104,210,10,22,104,247,
70,113,173,59,24,117,214,121,117,186,25,75,117,223,88,168,187,37,41,168,226,96,132,238,36,49,132,19,98,145,205,87,
52,146,240,91,138,204,34,91,211,46,173,201,25,130,50,165,236,187,225,35,117,69,121,22,175,226,33,121,129,217,69,117,
186,220,125,147,174,18,200,240,244,86,119,205,84,172,179,48,161,163,238,99,211,1,63,91,101,156,85,208,226,68,166,140,
5,46,169,12,40,173,182,12,44,168,177,69,145,189,19,119,183,247,89,187,196,223,91,214,230,41,134,135,20,133,221,5,
103,201,175,237,140,204,235,36,192,157,247,92,254,250,63,159,208,250,102,219,45,69,173,176,50,106,236,20,120,174,189,16,
157,236,27,91,167,183,16,104,34,87,115,213,1,87,152,251,94,98,187,190,78,134,4,41,148,202,218,42,185,8,54,111,
253,218,54,156,59,55,125,218,13,55,161,26,106,125,229,235,106,164,34,70,176,230,245,69,213,36,83,140,25,246,83,177,
87,85,151,245,41,83,190,57,134,153,1,8,134,190,63,97,204,2,17,100,241,64,112,171,53,20,109,205,115,111,181,23,
69,111,217,82,162,181,31,34,162,218,91,125,232,30,46,132,13,92,138,198,81,46,139,240,143,141,207,45,97,139,245,106,
190,209,58,63,190,246,119,156,4,60,72,154,41,120,166,227,109,74,166,4,171,167,237,79,125,167,18,137,218,237,85,96,
218,18,148,184,32,86,101,187,69,148,195,3,79,95,184,16,202,255,27,125,169,255,64,163,6,10,99,102,246,46,173,215,
60,114,131,209,97,176,222,25,165,130,222,62,227,223,36,132,181,223,74,198,18,37,142,152,216,67,190,199,97,204,203,230,
43,25,237,13,202,220,40,50,7,58,20,216,228,46,144,22,247,117,169,178,8,167,34,39,78,176,244,254,127,221,40,147,
243,241,70,189,24,77,141,199,215,80,180,30,104,148,232,254,85,127,49,102,130,228,16,102,167,10,109,113,202,205,93,149,
18,65,163,217,232,56,200,23,70,135,12,235,68,164,74,70,133,232,28,72,175,38,121,140,242,253,121,177,51,85,191,245,
4,84,228,51,98,159,40,7,96,192,102,98,163,11,56,98,206,65,149,168,17,26,149,205,78,112,161,10,19,74,16,142,
170,231,84,17,166,10,87,151,249,32,65,151,227,94,193,0,63,48,193,217,113,124,222,108,115,190,33,175,183,3,102,71,
164,43,166,189,30,109,104,203,48,113,208,28,91,100,221,65,153,169,35,74,74,154,56,135,178,239,124,89,181,23,186,182,
251,92,140,182,32,153,233,252,101,106,233,33,163,204,47,101,116,200,84,165,208,11,152,117,203,48,214,212,22,116,168,210,
57,181,5,24,130,131,5,61,190,224,75,129,145,231,112,191,237,41,180,145,238,83,184,231,38,105,170,31,150,240,58,102,
160,176,41,141,248,59,114,212,226,49,88,43,226,101,218,239,61,92,244,255,125,236,210,40,175,42,47,86,243,193,14,108,
33,29,94,199,243,29,135,252,80,99,204,215,80,138,8,44,150,204,214,43,187,12,55,114,255,220,54,156,61,57,127,219,
15,57,163,24,108,127,232,239,108,166,36,72,178,232,243,79,215,38,86,141,27,248,85,185,89,85,154,246,241,78,181,36,
112,208,51,55,161,252,127,83,175,244,67,148,3,133,159,165,251,42,166,255,128,97,189,2,74,173,238,105,180,243,50,35,
180,221,79,113,234,32,47,128,15,94,140,197,83,48,141,243,145,141,209,54,99,141,247,108,192,211,61,62,192,248,122,162,
6,60,75,155,43,122,167,233,111,76,168,10,173,169,239,77,127,169,19,136,220,239,87,91,220,20,150,184,34,88,103,187,
71,150,196,0,81,97,186,252,176,246,64,162,161,246,92,223,188,24,93,165,8,49,172,15,78,117,126,236,80,238,243,17,
177,201,24,113,253,26,95,192,131,16,116,193,1,40,162,206,36,101,224,43,106,145,178,43,143,10,239,15,198,185,247,150,
214,22,85,159,168,254,86,238,249,119,217,180,34,110,1,76,139,202,211,76,176,240,48,146,244,253,241,170,15,90,153,251,
201,55,190,57,97,101,223,232,38,142,4,36,154,9,239,69,204,71,76,115,16,222,43,137,62,58,123,228,16,58,164,25,
109,128,233,244,109,167,37,73,179,233,244,80,216,39,87,142,28,249,86,186,90,86,155,247,242,79,182,37,140,203,255,32,
94,218,120,160,188,30,74,160,201,92,167,230,72,5,156,13,126,98,224,79,53,139,18,141,146,185,86,36,113,207,132,128,
194,35,86,128,235,98,179,198,46,49,179,235,108,143,249,47,63,143,30,109,155,216,98,63,155,252,102,149,203,124,136,140,
47,183,188,251,128,137,188,8,190,171,225,61,128,170,17,138,221,240,88,99,221,21,151,192,35,89,104,184,72,151,197,255,
140,105,198,36,202,198,11,107,156,198,48,168,191,5,106,103,252,96,173,237,20,142,186,16,81,204,23,86,125,158,23,123,
246,210,82,193,192,210,117,253,2,65,198,207,2,78,4,241,39,131,198,240,88,213,35,54,160,161,35,91,220,0,105,159,
174,5,147,226,16,77,215,180,17,118,21,17,87,186,173,10,101,47,90,71,232,254,49,149,51,91,119,193,5,32,123,240,
82,101,202,210,82,138,12,52,152,206,222,52,189,12,59,119,1,222,59,159,5,52,115,182,26,121,211,19,28,206,220,198,
84,215,101,108,205,28,253,90,225,92,115,203,42,46,133,246,39,162,112,22,50,148,240,38,107,141,46,68,119,219,121,161,
189,7,75,102,193,54,152,171,15,30,152,208,83,115,222,20,36,122,3,82,128,185,71,38,127,223,133,129,196,39,87,129,
235,96,180,199,47,53,180,236,109,151,250,48,65,143,31,110,157,221,41,57,146,234,146,214,26,46,84,141,249,126,159,230,
62,74,148,37,180,243,218,89,69,163,7,145,172,248,76,87,179,15,141,169,12,143,153,234,98,212,4,239,110,90,184,28,
162,193,12,97,108,201,36,162,190,48,180,174,4,107,245,197,33,102,174,17,82,205,24,87,150,135,24,65,179,213,78,134,
146,228,115,194,241,49,183,148,241,87,245,241,56,146,199,241,91,211,36,55,160,170,234,85,211,239,84,220,223,59,88,240,
251,121,232,206,36,171,38,43,82,239,189,10,104,29,25,94,187,239,25,131,248,76,95,200,211,76,132,4,47,146,200,216,
46,183,6,52,109,251,216,52,149,57,53,122,222,11,53,161,20,104,123,228,238,46,153,23,29,149,21,41,127,217,83,125,
196,219,1,58,228,110,143,195,54,52,144,243,40,135,198,250,27,89,213,115,155,183,25,69,155,196,87,162,225,67,9,86,
249,70,169,232,74,83,169,234,77,141,239,81,55,176,241,143,183,170,41,21,170,14,91,155,194,60,104,190,255,122,197,4,
43,76,197,41,164,128,4,111,110,106,65,104,113,232,105,133,186,64,168,168,238,115,124,193,62,182,217,25,136,71,240,227,
162,221,40,130,70,185,0,186,239,11,109,153,239,48,147,246,250,83,86,230,30,157,199,44,98,115,195,81,160,206,15,149,
114,207,47,211,207,20,118,165,209,56,175,2,21,122,129,2,58,187,225,72,126,142,222,109,188,234,35,177,142,236,76,181,
228,38,124,178,36,141,186,255,33,147,154,242,91,205,233,85,203,235,233,106,200,1,61,166,171,245,125,25,66,124,242,242,
80,96,248,3,82,178,191,15,103,21,95,143,241,253,98,110,6,17,143,254,228,58,193,60,65,104,5,211,32,126,51,47,
117,216,203,40,143,254,76,177,8,23,38,167,5,108,184,247,0,121,221,53,69,191,230,230,54,212,35,81,139,24,245,81,
175,86,82,152,252,40,82,187,57,133,152,0,6,133,189,62,100,203,1,17,97,240,63,109,166,52,17,111,207,56,103,169,
233,43,159,14,137,167,229,73,90,101,230,68,178,0,91,89,192,25,154,193,186,83,92,132,0,99,163,5,103,77,163,42,
165,146,233,110,119,205,238,96,199,6,117,67,212,253,144,160,26,89,133,184,243,139,150,20,118,81,191,11,158,233,40,103,
112,233,77,141,205,47,145,154,164,77,209,239,212,169,94,149,49,203,6,36,168,158,204,55,213,253,26,175,183,13,108,230,
200,90,75,152,1,113,228,199,35,104,176,19,84,207,26,89,152,137,26,67,181,215,80,134,147,235,117,196,244,45,185,150,
242,88,247,243,57,151,201,243,93,216,38,59,160,165,38,94,219,10,113,167,182,6,150,229,20,85,218,185,18,114,24,20,
87,183,234,20,127,246,71,90,194,199,71,127,0,38,141,197,209,35,178,1,41,107,246,211,45,141,52,48,117,209,6,48,
155,18,99,118,224,225,99,155,28,62,169,223,239,63,206,29,69,136,216,232,65,153,68,142,196,42,39,142,249,27,96,130,
56,63,152,236,46,52,172,44,64,150,240,106,148,219,242,24,81,244,124,105,168,69,78,105,205,96,136,234,41,17,165,24,
140,169,249,80,95,180,210,78,87,248,93,90,174,29,76,179,255,38,106,157,233,124,199,6,104,54,199,8,166,130,222,35,
107,171,50,114,154,241,118,92,213,22,180,185,227,74,66,207,64,152,192,34,132,106,168,71,135,166,223,123,88,178,23,185,
181,247,88,139,181,26,148,232,251,95,111,232,32,161,195,46,100,116,204,83,162,206,15,151,116,210,48,213,209,22,122,167,
209,60,179,4,23,127,136,4,60,184,223,74,128,141,230,111,190,237,44,179,144,236,82,241,237,50,148,195,237,87,210,32,
51,155,162,32,88,218,2,44,149,158,213,152,16,247,117,228,178,67,132,231,39,137,235,244,15,174,6,81,68,250,247,74,
183,228,94,144,199,220,85,194,48,70,151,6,19,88,201,250,35,89,0,18,94,104,56,74,172,14,23,50,174,76,116,179,
218,251,81,157,28,63,118,15,37,88,188,90,130,158,232,44,71,162,23,121,140,240,0,121,177,50,84,191,245,5,93,170,
44,87,138,43,65,116,216,118,158,186,4,72,99,190,51,149,168,14,26,149,205,79,119,219,17,32,120,0,79,125,188,68,
33,125,225,130,126,195,35,84,126,233,100,177,196,44,51,177,233,106,143,247,47,59,141,28,107,153,211,96,61,153,247,158,
154,224,68,112,156,3,122,205,224,73,83,205,5,136,170,19,73,88,176,56,135,182,241,124,89,181,25,128,175,241,71,143,
242,51,174,249,56,119,104,249,34,148,182,47,101,113,202,84,163,210,13,152,117,209,52,214,210,24,119,110,203,47,139,14,
86,174,124,179,138,177,186,54,198,187,34,120,226,44,88,146,162,27,127,234,45,100,198,212,35,74,24,207,82,199,220,42,
73,225,236,106,217,191,21,156,28,33,72,229,179,0,94,19,15,80,184,229,15,122,241,66,85,190,201,66,122,251,37,136,
190,199,37,173,252,40,106,241,206,43,143,47,43,112,204,1,43,150,15,94,115,216,221,94,150,17,60,164,218,230,60,201,
24,72,127,13,234,71,165,75,71,141,233,29,73,176,39,122,141,242,254,122,178,52,87,192,246,6,87,229,52,100,155,41,
6,99,195,103,99,168,12,57,99,206,75,150,169,19,24,150,208,78,114,220,18,28,113,1,82,125,184,69,34,123,221,131,
127,196,36,85,127,234,102,178,197,46,57,178,234,108,148,248,46,62,145,29,108,156,215,97,64,153,249,159,155,221,65,113,
155,5,130,206,225,74,85,206,6,135,170,20,74,90,173,57,136,184,242,125,90,182,24,187,183,253,96,141,183,27,154,176,
246,91,88,210,87,211,246,73,162,179,181,54,148,16,77,178,171,200,32,193,15,67,171,109,224,39,225,22,50,148,192,22,
87,186,29,33,122,125,13,69,198,232,83,137,154,233,120,199,246,50,188,153,245,91,250,246,59,154,204,246,95,221,41,60,
165,176,41,102,232,16,116,170,185,9,153,232,23,84,221,186,23,124,225,16,82,146,212,72,183,50,80,142,242,3,14,143,
237,84,160,199,208,97,197,5,45,132,230,18,69,136,65,120,176,7,33,108,214,80,50,168,10,229,83,159,50,125,188,251,
4,125,225,33,97,195,37,46,65,134,86,126,202,44,53,104,239,106,87,150,16,60,87,187,78,77,169,238,54,140,194,85,
101,188,65,74,125,225,127,167,171,37,81,167,11,36,171,231,3,75,161,215,106,122,209,86,95,146,246,148,188,192,58,102,
188,32,79,203,254,93,111,119,43,153,191,9,107,48,189,46,169,150,237,55,123,150,18,117,157,244,121,71,149,240,176,225,
22,30,124,188,67,190,230,234,100,144,230,74,138,202,9,83,96,177,13,191,244,16,114,158,244,53,152,251,255,88,91,235,
35,160,206,49,103,119,201,86,165,212,21,154,119,211,57,216,212,19,125,170,212,60,186,7,26,131,140,7,63,192,226,77,
131,147,231,56,186,229,24,185,194,234,102,201,9,107,205,179,9,144,11,248,79,212,221,51,75,7,60,113,143,215,63,128,
251,70,133,196,181,70,111,225,3,124,178,190,23,161,240,31,89,229,194,31,126,35,31,102,192,245,31,138,1,82,101,205,
216,82,138,12,54,152,206,223,49,189,14,57,116,1,222,54,160,63,59,128,222,17,59,166,35,110,129,233,244,110,166,41,
74,180,234,249,77,217,42,85,144,29,250,80,183,91,87,153,250,45,87,194,57,138,157,5,12,138,194,68,103,208,6,23,
105,245,70,113,172,57,22,111,213,119,115,184,28,73,115,222,91,166,185,33,37,166,222,96,133,236,34,51,132,17,96,142,
203,85,50,143,244,147,145,211,49,101,143,246,111,194,213,61,68,194,250,124,165,8,62,78,166,45,124,171,234,113,78,171,
12,175,171,242,80,129,171,21,142,222,241,89,95,222,22,145,189,234,83,83,248,95,136,239,59,122,131,252,96,184,200,66,
105,105,185,87,166,208,21,155,120,213,53,217,213,27,127,171,213,63,188,8,27,125,142,8,64,191,234,78,132,148,234,115,
194,240,41,183,148,241,83,245,243,53,147,199,241,88,209,36,55,159,170,36,92,222,7,106,160,180,4,148,227,17,75,216,
181,18,112,22,18,87,183,232,18,124,244,11,81,182,179,72,172,249,57,96,218,6,92,157,24,99,162,201,234,99,199,66,
30,158,13,12,30,193,73,78,141,18,27,78,154,80,61,115,207,18,60,164,33,111,130,236,237,111,167,40,76,181,235,250,
76,218,41,87,148,30,251,88,189,92,88,158,1,244,81,172,118,161,142,47,69,120,220,122,162,190,8,76,103,194,55,153,
172,17,25,153,209,83,123,223,21,37,123,4,83,130,190,72,37,130,230,76,123,186,253,97,192,26,90,99,21,35,13,160,
50,153,210,3,84,127,194,254,128,203,10,92,128,206,50,178,211,213,138,34,188,51,186,218,212,83,63,212,69,157,197,39,
137,111,173,76,140,171,228,128,93,183,24,190,186,0,95,144,188,35,154,237,0,101,115,237,37,167,203,51,105,121,204,88,
167,213,16,156,121,214,51,218,214,27,120,172,214,64,181,9,28,132,137,9,65,195,228,79,135,147,229,116,195,236,42,184,
151,240,80,246,242,53,152,200,242,92,209,37,56,160,169,37,93,222,3,107,166,182,9,149,228,19,76,217,182,19,113,23,
21,87,181,233,19,122,248,70,89,194,198,70,126,0,35,140,194,211,33,177,0,47,106,245,210,46,148,51,47,117,217,5,
47,155,18,40,110,211,208,74,207,75,110,193,26,43,45,174,12,136,197,42,35,64,152,57,135,187,35,229,88,159,89,142,
170,12,56,142,207,50,149,153,242,245,133,189,63,99,203,1,17,100,240,63,108,174,52,17,110,203,114,110,180,18,68,110,
217,81,161,180,28,33,161,217,91,124,231,29,44,125,12,91,137,194,80,45,137,233,142,138,208,43,38,131,234,67,164,1,
110,119,195,38,163,211,199,70,50,199,56,120,160,26,124,74,160,28,151,226,254,63,134,235,72,184,241,37,141,149,165,64,
187,181,12,86,119,240,84,172,212,54,152,102,212,91,214,254,250,61,155,241,63,162,202,9,131,140,5,105,193,209,40,114,
182,12,112,235,207,69,167,130,240,60,207,26,89,152,161,26,126,190,254,96,194,203,222,35,243,5,103,201,210,237,105,7,
47,110,149,182,12,88,215,250,49,202,224,19,119,21,61,94,168,236,7,98,215,57,76,177,191,57,113,243,23,127,181,197,
24,164,243,33,92,232,197,34,127,38,34,103,196,248,34,140,1,85,104,208,213,85,141,15,48,97,202,214,32,195,62,56,
143,217,250,115,215,47,87,185,27,233,87,222,89,129,116,23,45,121,153,83,136,164,6,50,136,201,44,143,147,236,239,127,
183,54,95,197,251,10,90,234,57,103,166,46,11,103,200,108,104,174,13,62,104,211,72,155,174,23,26,155,213,83,119,225,
23,35,124,6,85,132,190,74,39,132,227,136,132,203,37,90,132,239,102,183,202,50,61,183,239,113,155,253,51,68,150,34,
115,158,217,102,67,155,5,164,160,229,67,118,160,11,136,211,230,78,89,211,11,142,175,25,79,94,178,4,134,165,51,152,
79,228,85,173,213,55,153,127,189,92,156,187,244,144,109,198,47,206,202,16,110,160,202,53,173,253,16,120,125,253,53,183,
216,67,121,136,217,104,183,229,30,172,137,229,69,234,230,44,135,188,232,79,198,25,44,145,153,25,81,211,247,95,149,164,
244,132,211,1,59,200,165,2,96,6,7,76,172,221,7,113,233,0,70,171,168,61,161,238,46,85,207,251,81,146,13,88,
151,190,223,88,188,55,19,147,2,1,19,182,62,67,130,7,16,67,143,69,50,104,196,7,49,153,22,100,119,225,226,100,
156,29,65,170,224,239,65,207,30,76,137,19,240,77,178,81,77,147,246,233,70,161,107,150,131,36,58,109,209,111,151,179,
253,65,92,183,44,142,161,6,14,142,198,72,112,212,10,26,112,249,72,119,179,61,26,119,219,65,112,175,242,86,181,15,
79,88,10,24,2,149,39,142,199,248,73,116,183,243,117,192,255,81,117,195,39,167,200,202,127,23,177,40,175,207,201,72,
52,201,58,146,186,28,126,100,162,65,129,160,217,117,82,170,20,179,175,245,83,133,175,26,151,226,245,93,104,226,26,149,
197,40,94,107,194,77,156,202,3,145,110,202,46,207,203,16,111,161,203,54,174,254,17,122,125,254,54,184,218,68,124,136,
218,105,184,224,34,173,138,228,72,235,231,46,136,189,231,81,206,26,45,149,154,26,82,212,245,96,152,164,246,133,212,0,
65,201,166,3,105,12,8,77,169,222,8,115,234,59,78,182,188,59,115,246,22,129,183,199,27,166,245,29,96,176,192,25,
113,16,89,153,246,19,96,204,243,56,90,16,23,112,196,6,34,135,15,13,105,134,30,41,167,22,252,82,217,84,89,128,
29,235,56,150,75,71,140,232,29,71,178,41,122,141,246,1,122,178,51,93,192,246,4,93,229,52,99,162,41,6,98,192,
103,99,168,10,57,99,205,69,150,169,18,24,150,206,80,114,220,18,34,114,199,73,116,145,44,83,180,24,137,176,241,91,
25,140,211,148,203,3,90,116,191,41,163,133,251,93,56,166,242,133,208,15,78,87,208,52,116,180,22,120,129,148,239,169,
209,226,127,136,222,31,154,170,1,134,143,229,38,161,201,8,141,74,189,4,190,230,247,113,98,208,87,210,215,22,155,164,
191,59,217,1,64,86,164,3,93,126,25,4,71,165,251,73,231,236,19,141,150,236,80,203,22,26,115,166,31,124,220,22,
98,200,196,20,122,190,0,92,186,212,44,126,252,32,114,154,172,46,145,12,43,104,219,152,44,159,19,48,128,215,230,59,
94,218,227,129,224,163,33,146,250,14,131,230,235,68,100,46,89,70,246,0,91,107,37,77,94,251,4,90,155,22,38,125,
2,11,97,162,29,69,132,9,198,112,200,64,113,98,22,18,119,220,84,120,105,16,34,110,120,85,128,179,19,39,49,212,
79,97,160,37,11,97,197,99,139,167,224,6,63,226,106,146,209,16,1,87,211,78,118,216,58,255,86,155,117,154,147,52,
61,125,225,127,132,195,37,81,167,232,58,163,239,71,12,170,27,142,131,207,79,103,156,33,137,196,244,25,35,112,241,108,
119,219,102,118,196,233,126,211,10,96,118,205,43,161,184,24,103,131,202,29,189,220,16,59,102,212,73,190,220,21,135,61,
231,63,183,232,195,131,153,231,24,156,233,33,144,146,230,56,212,233,59,142,90,205,90,220,252,252,120,174,252,84,220,5,
62,155,147,10,91,233,2,48,183,183,2,47,195,9,87,185,183,18,111,216,27,19,86,186,25,115,148,23,95,183,133,219,
32,246,39,92,100,199,40,61,4,47,98,194,214,224,131,232,51,55,212,162,248,151,18,58,121,184,169,63,116,218,2,78,
175,186,14,111,227,22,82,178,190,21,110,229,26,87,190,187,8,184,54,82,143,252,185,78,132,255,39,102,200,233,39,163,
6,58,183,27,199,99,208,78,36,162,4,26,112,177,44,119,182,24,230,119,172,27,62,132,211,32,129,150,80,74,137,235,
244,74,198,41,105,144,28,41,127,240,107,112,175,52,61,147,188,114,139,170,247,55,141,254,121,126,189,66,75,161,202,128,
102,218,60,82,168,233,100,175,238,80,30,175,208,71,124,185,32,20,175,28,141,113,245,96,95,91,25,159,98,3,104,101,
185,40,87,190,10,73,82,168,244,135,151,214,115,89,151,54,118,158,24,46,84,141,33,184,213,44,122,144,200,57,181,181,
251,128,137,206,84,188,214,34,133,84,225,82,170,210,52,150,124,186,89,153,184,241,141,106,196,36,203,199,13,108,157,199,
51,167,250,13,117,124,250,50,180,215,64,118,133,217,101,180,227,30,169,134,227,73,173,220,27,94,201,34,122,243,38,25,
186,173,38,138,226,242,73,206,215,45,145,233,17,80,154,163,249,76,228,239,94,220,223,77,157,37,47,123,222,191,28,163,
30,53,150,229,224,67,168,233,72,148,211,220,85,185,17,33,155,194,194,18,176,255,41,110,244,209,46,146,50,46,115,211,
4,46,152,13,97,118,219,224,97,153,24,67,167,221,237,67,204,27,73,130,16,237,75,168,78,74,143,239,32,74,181,42,
67,137,235,213,141,244,99,137,211,233,49,113,213,80,155,183,1,34,96,255,87,103,225,67,0,115,186,101,169,221,87,76,
175,245,125,166,189,38,82,168,251,152,173,222,77,87,115,14,150,155,218,95,104,155,231,157,138,192,28,95,137,241,107,188,
207,56,59,188,244,118,155,2,56,72,160,39,120,163,222,107,72,162,9,169,165,235,77,123,165,15,132,216,235,85,87,216,
16,145,183,30,84,100,180,9,139,179,211,151,163,237,79,213,177,47,145,132,253,38,185,4,67,165,115,225,45,151,220,254,
144,181,0,124,227,24,57,168,178,224,75,233,17,63,195,185,1,114,238,220,82,193,167,253,132,255,4,43,200,150,227,65,
246,242,53,150,200,242,93,210,37,56,160,163,37,93,224,4,107,166,181,9,149,228,19,82,217,184,17,113,23,19,86,187,
233,19,126,249,70,89,193,196,70,126,1,34,140,194,209,37,177,0,47,104,187,203,33,102,67,110,161,1,21,31,194,61,
114,177,19,249,79,214,22,62,184,223,0,62,162,12,81,115,5,42,117,241,88,141,174,29,39,85,192,94,134,180,56,46,
118,231,99,81,199,54,28,114,249,116,121,160,61,11,88,182,107,103,170,17,61,103,209,78,154,173,22,32,154,210,85,117,
224,22,37,117,5,84,131,188,73,38,131,232,135,133,199,37,89,131,231,99,182,203,48,53,182,238,109,148,252,50,65,149,
33,112,159,222,101,66,158,1,163,159,229,68,117,159,10,133,210,229,78,82,210,10,139,173,24,78,94,176,61,140,186,245,
129,94,186,28,133,180,243,54,130,250,101,207,229,70,149,118,211,90,213,237,71,161,170,5,98,160,27,233,143,171,13,105,
159,228,6,167,189,240,84,242,26,54,128,196,223,58,175,17,36,137,145,17,73,203,239,87,141,156,236,124,203,249,51,192,
157,250,88,254,250,63,159,208,252,99,218,45,69,172,176,50,106,235,13,120,174,190,14,157,236,27,83,225,190,24,126,31,
27,97,193,241,27,133,254,78,97,201,208,78,134,7,44,90,195,207,25,161,61,102,160,22,22,116,132,28,39,172,9,29,
122,208,18,46,147,27,25,117,146,42,53,179,34,8,94,229,96,101,140,41,247,68,162,87,83,153,252,41,83,190,55,134,
153,1,8,134,190,63,101,204,2,17,100,241,64,109,175,53,18,110,208,115,111,181,19,69,111,217,78,162,181,29,33,162,
218,92,126,232,30,45,129,13,92,138,198,23,39,128,194,118,188,6,104,103,188,34,165,130,222,35,107,206,247,114,213,20,
59,68,178,22,180,185,215,119,143,222,55,195,224,37,134,73,214,58,135,199,238,104,148,234,43,166,241,48,87,120,241,85,
208,181,213,140,127,213,57,180,196,27,125,110,220,64,163,203,10,132,176,203,30,182,193,63,161,124,234,54,201,20,83,146,
155,20,120,184,248,90,188,197,185,124,244,214,99,198,212,214,121,244,238,69,143,176,41,141,229,13,111,209,159,13,148,15,
55,42,224,221,48,157,180,67,133,219,226,67,91,21,61,102,200,244,39,139,6,81,144,207,175,34,105,35,88,151,249,223,
29,129,20,60,123,0,9,27,128,220,99,159,187,3,89,167,34,109,137,235,244,109,209,41,40,187,17,23,118,140,79,132,
187,222,16,112,223,89,105,197,28,37,122,154,50,61,132,230,251,71,181,37,79,147,238,238,137,246,103,53,207,58,57,53,
238,83,158,221,63,13,123,2,125,165,169,35,44,106,210,72,104,222,77,51,137,16,139,144,183,84,34,111,205,130,126,194,
31,84,126,232,93,177,196,45,48,177,233,107,140,247,45,58,146,28,107,154,215,96,61,153,251,158,154,223,63,112,154,4,
124,147,217,62,59,208,52,129,193,232,98,142,228,37,160,235,42,81,114,235,79,202,166,38,149,148,166,73,209,214,21,154,
163,214,34,216,197,251,87,154,196,43,165,247,10,115,120,247,47,176,210,61,115,130,211,98,177,224,25,166,131,223,65,228,
224,37,132,124,217,52,254,41,22,183,205,0,100,2,42,70,144,212,239,74,191,33,52,153,160,33,89,218,4,103,157,173,
4,140,224,14,71,213,178,14,109,19,15,85,177,229,15,121,242,66,85,189,195,8,115,241,13,139,237,200,54,130,21,96,
159,222,231,96,196,4,68,166,8,17,27,192,72,102,97,2,24,75,175,77,117,145,219,31,58,149,10,108,127,229,240,108,
164,39,71,178,232,247,73,215,38,84,143,27,248,84,182,89,85,155,254,43,85,192,60,78,148,237,69,158,176,106,159,187,
29,73,159,224,67,166,170,3,6,150,206,76,115,220,18,34,120,1,80,127,190,69,34,127,224,131,127,197,39,27,120,220,
56,187,3,91,41,96,55,94,103,233,109,125,194,20,177,198,221,70,114,200,27,175,212,14,113,135,147,74,84,192,18,128,
129,146,19,113,216,36,99,108,229,73,161,177,43,82,82,162,64,143,188,246,132,97,189,27,194,190,4,96,148,190,41,157,
241,4,106,117,241,41,171,209,55,109,124,208,92,171,217,22,160,125,217,58,222,220,30,124,176,218,66,194,13,32,136,139,
13,69,199,233,83,137,154,232,120,199,245,50,130,146,235,67,235,47,115,135,173,230,82,221,248,68,151,163,237,131,18,81,
56,183,163,1,101,241,10,80,178,187,17,109,234,24,79,180,177,43,176,44,79,162,251,12,14,143,237,29,92,206,201,40,
130,255,44,100,201,198,79,213,65,105,171,28,205,64,135,65,118,146,244,32,118,183,26,125,129,218,221,109,167,37,73,179,
233,249,80,216,39,86,151,28,249,87,179,90,86,155,250,44,86,193,61,137,156,255,7,137,193,67,108,149,254,10,84,222,
127,156,225,252,34,91,254,134,139,202,79,88,139,215,141,122,176,12,79,121,228,96,172,191,40,47,172,228,101,139,242,40,
55,139,23,102,148,208,91,56,147,250,153,149,220,55,107,149,255,116,200,219,68,71,142,249,119,125,245,117,137,223,57,179,
221,36,59,97,154,68,206,239,35,150,148,240,83,136,231,38,90,123,185,53,211,251,23,121,165,251,36,183,2,65,163,105,
182,89,190,9,72,170,179,9,74,173,213,20,177,151,237,57,171,10,73,125,158,220,88,246,30,58,156,200,30,71,218,37,
100,198,140,217,130,6,36,9,222,147,202,113,14,61,107,187,230,41,101,231,50,113,195,231,58,158,30,63,65,246,142,40,
159,38,70,64,191,171,64,177,9,49,147,245,219,25,184,248,23,80,236,201,34,133,42,38,108,202,252,38,144,5,89,108,
212,216,89,145,19,53,159,213,228,56,196,21,64,123,8,229,62,166,70,66,137,227,24,66,173,35,117,136,241,248,117,173,
44,83,187,241,1,84,224,47,95,152,36,1,93,191,98,94,164,6,250,87,190,45,121,217,60,64,170,5,136,92,184,253,
76,157,12,142,168,174,4,51,175,8,137,106,198,11,83,182,247,114,189,252,59,44,189,230,88,122,243,41,56,145,24,103,
151,206,92,57,150,245,154,150,220,60,108,150,255,125,201,220,68,75,201,1,131,167,15,69,84,164,52,131,177,235,120,85,
178,16,182,178,247,87,136,178,28,148,171,241,86,61,204,78,212,252,49,146,157,251,20,172,183,53,164,114,200,103,226,207,
14,136,145,10,75,165,11,89,180,178,25,114,243,26,19,172,181,221,89,188,252,94,192,166,252,131,254,235,66,199,208,38,
71,163,32,108,206,215,10,145,233,52,80,213,222,249,93,19,59,46,173,158,51,151,228,36,75,197,241,71,136,3,78,141,
180,213,78,178,45,243,145,240,179,87,188,60,16,142,240,203,57,133,24,99,162,225,234,99,199,7,71,169,11,20,30,214,
69,106,178,176,27,116,204,69,120,107,12,21,85,185,87,92,155,253,41,127,192,18,87,121,26,48,134,234,66,82,145,11,
20,106,241,108,80,144,211,59,142,172,102,142,183,25,69,120,220,87,162,225,32,0,170,2,122,171,156,70,92,170,207,102,
185,240,85,62,179,31,136,189,170,41,21,123,39,93,132,177,88,106,182,192,150,199,252,4,98,162,41,164,204,208,74,118,
204,48,112,176,239,57,70,151,243,165,218,246,88,132,218,27,126,225,229,62,65,209,9,135,179,23,77,94,172,60,139,186,
244,128,93,186,28,190,186,253,94,144,186,37,157,237,0,106,109,237,37,166,204,51,105,121,207,30,160,203,254,159,168,208,
76,175,239,81,179,153,239,118,241,222,53,186,195,25,49,237,34,87,117,189,32,97,220,39,102,165,150,39,80,194,228,93,
147,159,244,130,209,0,59,198,163,255,93,4,0,69,167,219,5,112,229,56,75,179,186,56,112,241,22,68,173,173,82,185,
226,73,149,212,221,86,186,18,34,156,195,195,19,177,0,43,104,245,210,46,148,51,47,117,216,5,47,153,14,98,117,221,
225,98,154,28,62,168,222,237,65,205,28,74,134,215,231,64,152,82,122,139,5,246,100,235,102,107,170,47,56,83,207,109,
149,212,234,52,151,241,40,143,219,26,35,156,0,88,104,226,9,9,89,247,70,114,179,59,24,118,210,121,117,186,24,75,
117,223,86,168,187,35,42,168,224,98,139,238,36,52,139,217,91,122,8,109,36,185,42,130,170,12,110,84,146,49,113,144,
201,101,66,155,254,163,159,229,71,117,159,10,133,210,229,78,84,210,10,140,180,222,71,80,135,70,202,232,236,47,171,173,
242,176,250,64,145,136,0,81,164,211,53,151,143,254,95,213,254,74,98,190,163,75,217,13,68,97,135,192,99,235,240,47,
180,189,240,60,242,223,21,113,180,222,69,196,17,36,142,143,17,73,203,238,87,141,157,241,124,203,247,53,192,157,250,91,
254,250,65,157,208,250,100,221,45,69,174,183,50,108,234,14,120,174,187,22,157,236,26,83,225,190,27,121,31,27,98,188,
241,27,133,254,20,90,191,188,63,191,63,25,117,186,211,113,144,10,44,95,238,11,120,132,28,39,118,32,226,57,174,18,
46,145,20,30,111,231,89,137,116,243,223,61,174,39,71,146,230,242,60,211,112,137,200,45,69,67,196,34,137,213,20,29,
150,250,82,98,220,3,3,83,183,57,100,151,31,78,153,3,55,124,158,63,85,136,236,138,178,206,24,92,119,210,71,169,
188,36,48,169,225,100,132,239,37,53,134,20,99,146,207,88,53,144,247,150,146,217,52,104,146,252,113,197,216,65,68,139,
246,116,122,242,114,134,220,54,176,218,33,56,94,151,65,203,236,32,147,145,237,80,133,228,35,87,120,182,50,208,248,20,
118,162,248,33,180,255,62,160,102,179,86,222,203,34,132,117,6,71,229,234,76,106,170,0,54,201,217,48,181,190,241,85,
243,27,31,153,197,27,127,183,214,90,197,196,192,151,190,199,73,205,221,34,116,17,38,61,166,210,40,124,18,50,113,216,
218,243,170,180,37,119,229,230,247,120,214,61,137,200,209,74,174,6,22,144,183,183,7,165,244,31,97,233,198,35,131,39,
35,104,201,249,35,141,10,86,105,210,215,86,142,15,57,156,210,226,58,193,16,62,123,5,228,61,157,67,63,129,231,21,
63,171,30,114,133,238,242,114,170,44,82,126,231,243,61,197,97,138,196,58,58,152,168,64,75,208,45,65,158,244,54,82,
183,63,61,153,182,78,89,215,70,44,130,9,132,137,176,77,27,104,198,123,119,188,32,77,119,226,89,170,189,37,45,170,
226,98,141,240,38,53,142,21,100,148,203,89,54,147,242,151,147,217,57,47,140,243,76,173,10,119,128,204,47,172,220,208,
79,59,215,74,190,219,43,130,145,230,4,182,222,239,105,90,200,79,202,207,14,147,156,183,51,209,249,56,87,87,236,80,
181,197,4,126,135,197,41,164,228,70,168,118,7,31,183,194,64,162,125,235,55,202,21,84,147,156,21,121,185,249,91,189,
198,208,121,253,27,0,213,138,193,104,5,52,98,178,221,32,92,222,41,104,186,222,44,144,16,49,51,232,128,26,145,29,
61,55,182,162,55,168,0,40,138,236,210,16,175,239,14,71,227,192,26,128,33,29,99,192,243,29,136,0,80,99,204,210,
80,136,10,52,150,204,219,50,187,12,55,114,255,220,53,153,61,57,127,219,15,57,165,28,108,129,230,235,108,164,31,74,
178,232,246,71,215,38,80,149,27,248,82,184,89,85,151,247,43,87,190,53,136,155,253,12,136,194,64,100,206,4,17,105,
243,66,113,174,55,20,112,206,117,113,182,20,71,113,219,84,164,183,26,34,164,220,91,133,234,32,47,134,15,94,140,205,
83,48,140,239,145,141,211,55,99,141,241,112,134,204,49,46,168,45,169,204,31,120,137,139,12,106,216,18,127,143,215,2,
113,191,36,123,138,153,26,120,223,43,106,115,236,80,168,184,50,89,89,169,71,150,196,2,139,104,197,35,201,197,12,106,
155,197,46,172,248,11,115,122,248,48,178,214,62,116,131,211,99,178,224,26,167,132,225,63,229,225,38,134,183,225,75,195,
218,32,133,108,251,125,3,43,96,193,204,42,67,219,230,100,211,161,247,150,17,254,61,183,192,57,127,217,63,141,232,230,
77,166,39,78,71,224,233,17,141,240,48,146,244,218,48,183,50,31,118,251,4,90,123,215,94,154,182,254,84,138,29,45,
132,9,18,69,169,71,111,115,237,25,111,211,2,126,177,16,34,42,205,72,90,153,30,39,90,166,57,132,160,234,11,132,
173,31,72,126,37,53,146,232,30,133,196,51,60,111,211,78,118,216,58,32,118,194,85,101,188,30,6,93,184,120,169,222,
230,68,132,11,134,174,178,44,88,174,18,82,146,209,27,40,121,213,135,188,216,58,102,188,253,96,195,199,32,35,179,235,
105,145,249,47,63,143,30,109,157,216,40,56,145,233,163,203,220,86,71,181,60,183,188,251,128,137,164,32,190,230,37,59,
133,232,66,121,224,44,107,116,237,81,169,185,51,90,90,170,72,151,194,0,140,105,198,38,202,198,11,103,156,198,48,166,
249,12,117,120,249,49,178,216,63,117,132,215,42,172,203,89,190,117,10,123,211,251,93,191,165,227,130,194,225,26,182,147,
236,78,244,240,53,153,198,240,91,215,35,54,158,161,35,91,220,255,105,159,175,4,147,226,16,77,215,180,16,113,219,10,
76,162,234,64,118,9,25,112,245,254,49,149,51,91,95,217,5,91,191,238,87,163,251,192,85,198,30,70,168,10,240,46,
205,13,44,101,1,222,56,158,63,59,130,220,17,59,165,28,110,129,233,238,110,166,39,77,180,234,250,81,217,40,87,151,
227,243,64,243,113,71,197,52,26,112,247,114,119,158,59,9,86,180,105,101,167,8,59,101,208,75,152,171,20,29,152,208,
82,119,222,20,36,122,201,75,115,147,80,98,174,215,51,206,185,252,72,192,43,149,171,12,91,60,153,32,155,178,10,105,
109,196,53,102,225,175,85,113,211,47,101,170,204,109,131,182,26,184,224,252,70,138,165,0,117,215,234,79,88,215,15,145,
179,29,83,100,182,66,147,190,249,134,99,189,35,196,192,6,102,150,192,42,163,243,6,110,117,243,43,172,209,255,104,116,
190,79,230,19,4,131,111,213,129,181,224,23,109,163,13,136,171,240,18,124,133,235,65,197,235,34,134,150,227,74,185,5,
101,200,204,54,145,20,232,68,137,162,64,95,234,251,46,195,243,58,158,28,83,58,185,165,58,171,3,43,141,239,213,19,
178,242,17,74,230,197,30,126,36,32,102,201,246,32,139,8,83,102,208,209,83,139,12,49,153,207,223,54,190,13,54,116,
2,223,60,161,6,53,119,205,252,120,209,82,51,143,212,28,127,192,59,134,197,4,245,134,175,33,67,188,242,1,86,225,
48,95,152,37,2,96,192,99,95,163,8,53,95,202,70,146,165,14,21,146,202,75,113,216,14,29,113,253,76,122,182,7,
23,112,178,102,172,246,88,87,172,18,149,114,206,19,98,199,36,148,205,1,105,113,129,28,151,145,232,50,83,204,48,136,
176,18,116,66,176,55,178,218,214,47,119,159,3,150,225,32,95,104,166,69,157,173,236,137,111,232,20,143,163,255,68,140,
226,24,171,187,18,151,160,211,55,213,253,1,123,167,253,97,144,253,69,157,76,21,37,129,236,77,182,174,242,120,224,224,
38,171,180,250,121,236,20,88,179,127,40,27,218,21,96,186,126,241,56,242,39,67,165,209,39,104,203,46,50,139,142,30,
86,211,1,100,154,170,252,137,216,7,72,210,175,11,113,16,12,75,181,226,12,114,243,63,82,183,192,63,119,245,34,133,
189,201,27,170,249,33,99,238,203,35,142,44,40,111,205,254,40,147,12,91,110,214,217,91,147,21,62,161,215,231,62,198,
23,66,125,10,231,62,164,72,68,132,230,26,68,175,37,119,138,242,253,119,175,49,85,189,245,1,83,226,49,92,160,38,
3,95,197,100,96,165,3,54,96,203,63,147,166,8,21,89,196,66,94,193,68,78,159,23,137,185,164,35,15,171,10,144,
191,240,25,22,146,28,140,186,178,49,29,178,35,123,163,5,103,77,139,42,106,137,194,94,59,151,245,156,152,222,60,110,
152,3,128,203,222,70,81,203,3,131,174,17,71,86,166,54,133,179,241,122,87,180,17,126,173,239,47,113,229,84,207,237,
43,143,160,171,44,138,248,70,161,159,6,95,224,7,0,153,162,202,70,169,233,75,173,147,233,112,235,216,47,180,189,19,
52,166,13,76,152,137,247,126,190,254,61,159,144,254,133,0,228,90,188,151,5,81,228,47,110,173,182,47,147,211,19,117,
215,224,243,78,14,63,121,129,253,255,68,33,76,127,223,243,253,160,27,80,108,182,191,45,145,47,28,150,248,222,11,140,
234,81,157,220,229,94,194,26,42,164,203,203,27,185,8,50,120,253,218,54,148,59,55,125,224,13,55,161,26,106,127,228,
233,106,162,30,69,176,232,244,70,213,36,80,142,25,246,83,177,87,83,153,248,41,83,190,59,76,146,213,64,153,241,106,
157,144,49,58,157,1,124,129,192,69,19,164,205,131,136,199,76,50,112,213,82,102,194,7,107,195,180,139,188,254,14,86,
172,226,117,192,255,38,47,157,233,124,164,203,45,113,199,223,163,208,193,115,109,203,56,180,145,7,118,92,213,254,145,161,
248,125,134,161,5,152,168,223,56,133,230,251,202,223,31,139,141,172,75,203,248,41,152,163,173,72,195,248,55,153,127,213,
92,156,255,3,160,134,220,99,187,203,11,111,112,186,93,216,210,41,174,183,210,54,201,217,48,146,131,217,120,243,216,14,
181,199,19,29,2,23,87,195,197,228,141,4,47,112,134,198,28,141,8,48,76,174,218,245,148,212,55,83,181,225,20,96,
220,11,63,130,194,73,160,23,50,141,210,253,64,124,254,73,136,202,1,84,185,40,91,162,251,190,103,90,25,84,159,249,
189,48,119,49,102,130,228,16,102,167,10,109,113,202,205,93,149,20,62,163,217,232,60,200,23,70,127,12,233,69,167,74,
70,139,233,28,70,177,46,121,142,243,248,121,177,46,92,191,245,5,91,228,51,97,158,40,5,97,191,44,91,157,243,43,
162,10,122,168,230,77,3,118,189,119,159,235,77,86,137,237,139,120,242,25,93,144,244,146,151,190,33,44,122,210,118,201,
249,99,114,117,246,84,187,250,105,114,200,9,132,207,211,112,62,207,16,139,214,242,60,70,158,250,105,181,21,120,124,230,
65,196,152,244,57,129,228,37,160,235,42,105,90,235,20,134,168,33,87,98,191,70,149,195,252,138,103,196,41,200,196,9,
105,154,198,45,164,247,10,109,117,247,49,175,211,61,115,128,213,98,177,224,25,166,131,224,65,228,224,38,138,124,217,64,
175,253,98,185,200,215,88,182,29,105,168,177,42,142,230,246,112,151,151,231,133,212,3,68,201,166,2,100,12,8,78,170,
222,8,114,235,59,78,181,193,59,115,244,22,129,183,199,29,166,245,35,96,234,199,35,129,238,29,95,159,225,85,196,63,
93,155,255,16,27,156,250,104,182,17,15,118,207,80,119,112,9,18,58,182,25,89,187,29,3,89,224,91,72,159,36,45,
131,164,22,125,188,43,17,79,179,70,110,208,247,59,145,210,36,105,139,44,53,93,217,60,124,222,64,38,124,3,126,107,
194,71,80,166,190,126,175,228,236,104,106,175,97,186,236,74,70,184,255,156,177,200,49,93,179,245,163,202,9,102,110,126,
53,63,171,253,107,108,125,254,92,195,15,78,87,208,52,140,156,22,61,61,141,43,122,166,232,111,76,169,13,173,169,238,
74,127,169,21,137,220,239,87,94,220,20,150,184,34,90,102,184,71,150,197,6,139,104,197,38,201,199,9,103,155,197,45,
170,248,11,115,122,248,48,178,212,62,116,131,215,99,178,224,27,167,132,225,71,229,225,38,134,183,225,75,195,20,41,142,
147,20,76,201,247,90,144,160,246,127,206,252,57,195,160,252,90,199,246,56,142,199,63,159,30,58,138,243,163,22,93,44,
82,148,230,182,234,135,32,83,146,234,242,74,182,230,43,77,238,4,31,131,57,97,101,199,232,62,197,29,36,161,18,20,
95,212,68,114,176,204,214,13,211,81,109,170,23,212,105,183,85,125,188,227,39,66,166,92,78,140,217,255,56,219,99,104,
202,241,18,80,204,106,146,150,248,25,87,229,100,140,216,23,8,94,218,85,160,164,65,74,125,245,29,164,224,252,68,154,
11,99,115,178,44,53,174,215,141,181,209,10,48,134,205,135,188,216,58,102,188,253,96,195,199,32,35,179,235,104,151,249,
47,62,142,30,109,156,220,98,63,155,253,160,158,224,62,114,156,1,123,207,228,73,78,207,7,134,173,21,75,91,171,58,
137,184,244,126,91,184,30,130,177,231,157,154,237,90,113,238,23,156,165,251,36,218,199,6,163,118,203,26,178,189,59,111,
120,206,74,232,16,79,118,186,213,116,180,244,18,117,95,16,125,238,188,93,194,191,19,130,177,24,87,198,172,2,102,4,
9,72,170,214,44,85,232,51,55,177,162,4,83,12,67,123,210,236,60,166,32,2,66,155,240,73,161,26,77,64,225,188,
18,142,241,49,88,210,195,84,184,51,91,95,193,214,37,140,238,92,164,9,192,85,163,65,46,133,10,19,105,170,72,65,
116,209,223,54,136,71,122,106,11,230,60,184,27,91,130,252,237,126,226,93,133,137,235,0,65,220,41,81,168,242,19,81,
205,48,147,210,52,61,88,188,48,95,160,250,9,94,187,50,105,166,10,22,85,254,130,160,155,79,75,176,21,141,177,162,
67,30,116,240,83,147,186,52,37,182,26,149,189,193,35,27,182,35,148,129,191,34,12,188,43,87,203,13,99,106,203,227,
157,210,238,115,65,210,19,142,182,245,122,84,225,64,191,232,37,126,140,219,0,137,169,239,84,86,179,17,142,171,225,143,
155,229,71,205,169,39,115,124,210,30,153,252,59,98,166,217,96,184,200,7,117,99,185,27,220,13,79,95,167,253,75,198,
214,21,178,128,17,117,205,221,28,185,138,223,77,188,223,21,179,201,252,131,195,38,66,164,173,3,138,185,37,111,130,202,
10,110,233,249,56,213,222,249,152,240,59,87,161,175,17,151,252,36,99,173,182,71,171,235,78,106,239,213,19,119,239,23,
135,246,220,85,126,52,57,120,218,227,92,142,66,108,152,192,0,86,164,31,47,110,11,217,106,206,38,54,117,18,227,56,
149,67,107,148,246,231,61,220,28,127,190,253,238,68,227,38,77,130,219,41,136,226,25,134,206,38,213,138,235,32,135,176,
53,62,148,189,115,96,159,60,15,100,179,130,158,218,69,234,149,227,129,169,232,15,48,169,13,136,117,204,46,31,121,216,
75,170,246,53,62,183,27,115,131,253,36,36,116,18,97,141,207,86,51,144,244,148,144,213,49,102,144,252,112,195,214,62,
69,195,251,125,159,207,56,68,142,49,185,190,253,130,139,190,10,192,173,227,63,130,172,20,146,223,242,91,100,223,23,152,
186,37,91,108,187,74,153,199,4,142,107,200,38,204,200,13,113,158,200,51,170,251,14,118,127,251,53,179,215,65,119,135,
223,102,181,228,32,170,137,226,66,174,221,19,131,140,212,119,242,39,67,141,150,4,104,6,243,109,207,181,238,70,0,53,
81,179,223,53,118,217,60,64,158,161,49,105,231,18,119,173,189,15,156,235,25,87,224,189,26,123,228,19,82,149,243,51,
127,53,93,97,195,204,34,193,25,65,163,193,1,65,200,67,107,111,12,218,48,207,20,59,113,199,15,114,214,22,121,149,
223,0,86,186,88,69,191,33,239,69,152,98,141,122,228,237,77,169,43,82,145,236,247,82,175,42,51,199,19,63,149,249,
57,121,219,61,70,97,221,88,104,171,8,9,150,7,95,135,233,75,49,111,14,78,109,166,66,31,121,224,128,124,194,36,
82,124,230,91,175,194,44,46,175,231,104,142,245,43,59,139,224,98,141,192,97,119,170,14,172,212,240,58,126,153,244,105,
203,222,66,81,203,3,133,173,17,71,87,173,54,133,179,244,122,87,181,18,184,180,249,89,138,180,30,150,231,252,97,102,
231,31,160,194,45,99,115,203,82,163,206,9,92,108,185,43,166,192,62,160,182,233,53,176,240,47,180,130,19,119,207,218,
13,174,196,247,91,249,33,61,135,203,230,65,182,24,43,145,156,24,80,211,243,94,148,163,245,131,210,0,59,199,164,0,
98,5,1,76,175,220,6,113,237,255,69,167,145,66,173,47,73,45,228,215,80,180,47,28,115,248,1,87,128,19,59,98,
200,204,26,181,61,66,129,6,15,66,142,68,49,103,195,6,48,152,22,99,118,223,232,99,155,28,62,169,223,240,63,206,
29,75,136,18,239,76,170,22,69,135,221,37,136,201,68,143,206,13,254,143,184,42,76,197,251,6,98,234,57,104,167,46,
11,103,201,108,104,173,9,62,106,209,72,155,174,23,30,155,211,85,122,225,23,39,126,6,85,131,196,74,39,132,234,136,
132,201,45,90,132,239,103,183,202,51,56,183,241,111,147,253,51,67,149,34,113,160,220,102,67,160,6,164,162,228,66,118,
160,10,132,211,230,79,85,211,11,142,174,25,79,95,177,62,141,187,247,72,88,177,9,195,248,20,118,162,248,57,156,255,
3,92,95,239,39,165,204,53,107,123,209,90,169,216,23,158,123,216,57,220,216,30,128,116,209,53,145,20,92,180,99,20,
129,242,223,255,212,137,192,134,4,32,93,202,135,28,128,205,245,52,209,218,13,89,236,20,83,157,149,8,79,9,67,95,
193,237,67,132,231,74,78,167,170,58,114,241,24,128,182,198,22,165,244,35,95,233,198,35,137,39,37,103,197,249,35,136,
4,28,98,165,16,105,193,58,109,96,1,10,109,174,17,116,179,21,227,57,216,24,64,151,208,246,47,238,14,117,193,0,
9,130,230,62,78,200,239,239,63,221,44,88,150,33,254,91,185,95,91,161,0,49,91,198,67,142,163,8,13,142,198,66,
107,154,3,15,89,252,132,137,200,77,86,137,213,139,120,174,10,77,119,223,89,170,189,38,41,170,226,100,137,240,38,54,
142,21,102,145,204,89,54,141,243,93,140,206,36,108,207,16,139,214,21,84,69,214,255,113,147,12,66,79,164,49,128,175,
232,117,82,175,16,179,175,245,89,133,177,24,143,226,245,88,100,168,19,145,173,43,154,128,214,93,216,221,4,161,111,188,
26,207,203,14,111,161,203,54,171,254,17,122,128,254,54,184,226,68,124,136,218,105,184,225,36,115,131,220,52,238,35,63,
161,205,35,100,199,42,46,135,138,26,82,209,248,96,150,166,246,133,212,3,63,201,166,3,105,12,10,76,170,222,8,109,
237,1,71,172,169,62,175,7,47,145,243,217,23,182,246,21,78,234,199,33,132,40,36,106,198,250,36,143,7,87,106,211,
222,87,145,15,51,157,211,221,57,136,10,53,104,9,31,82,182,84,124,152,226,38,65,156,17,115,134,236,244,115,171,45,
79,185,239,255,82,222,45,92,157,34,1,90,186,96,92,156,5,248,85,188,43,146,222,29,38,159,3,91,107,229,12,12,
92,250,73,117,176,62,27,121,217,124,122,188,26,78,120,224,90,171,190,39,42,171,227,101,138,241,39,55,143,220,94,125,
25,8,87,201,48,176,184,19,88,131,198,2,132,207,14,80,135,218,63,174,225,40,129,68,237,224,159,218,37,127,67,182,
253,183,236,8,106,150,236,45,144,243,247,80,83,227,27,154,196,41,95,110,194,78,157,204,5,146,111,203,45,208,204,17,
111,162,204,55,180,255,20,121,126,255,55,182,221,69,123,139,219,106,185,232,36,174,139,232,78,178,225,35,121,177,40,144,
0,46,108,211,137,252,67,253,37,113,176,161,50,150,17,254,61,218,168,254,127,221,249,97,238,232,70,176,216,29,63,224,
233,76,141,240,83,146,244,194,24,183,247,31,118,187,184,50,183,51,86,169,2,19,21,150,244,91,167,230,239,104,204,36,
52,174,213,213,37,195,18,62,121,7,228,66,162,69,67,133,227,23,65,169,35,116,135,240,243,116,172,46,83,186,240,0,
88,165,39,82,133,13,60,135,241,37,106,140,45,67,118,218,120,160,188,6,74,101,192,53,151,170,19,30,151,207,80,118,
221,19,35,115,2,81,127,188,70,35,126,229,132,128,198,38,86,128,235,96,179,198,47,53,179,235,109,151,191,40,52,104,
5,158,209,16,104,112,200,52,100,169,203,115,139,218,51,191,220,33,130,69,210,54,131,195,234,100,144,230,39,162,237,44,
83,116,237,81,204,177,231,136,145,185,29,152,251,58,121,106,216,60,183,199,245,116,96,245,89,166,230,13,135,179,9,74,
197,16,79,118,151,16,116,239,203,79,186,185,181,140,179,188,65,191,203,38,106,1,12,109,188,157,250,129,252,2,116,213,
222,47,146,199,66,16,182,210,52,144,198,11,45,206,228,28,128,30,70,98,172,240,11,102,219,61,80,182,194,61,117,247,
31,131,185,200,24,168,247,39,95,236,201,37,135,42,38,108,200,252,40,143,6,89,108,213,224,89,145,19,56,159,215,227,
53,196,19,63,125,8,229,66,160,70,66,136,231,24,66,173,42,59,129,230,227,105,239,97,141,192,51,67,64,193,31,155,
216,61,54,83,149,73,143,217,59,58,143,245,120,85,177,246,62,161,202,69,168,231,14,23,133,233,135,140,170,74,98,177,
10,150,179,248,89,28,115,184,149,192,243,83,103,113,20,156,161,224,66,110,137,237,128,168,10,108,82,168,47,170,175,197,
68,48,197,41,118,158,221,122,131,182,2,149,189,252,70,62,177,21,115,218,38,101,110,231,75,163,179,45,84,84,164,66,
145,189,248,134,99,193,33,196,194,4,98,150,192,40,162,243,6,111,114,243,43,173,210,57,111,127,215,36,166,197,69,180,
179,197,104,227,221,28,150,159,221,124,247,31,59,157,142,252,63,187,218,104,205,132,46,141,7,54,109,196,208,51,77,19,
45,115,206,213,60,145,11,31,122,223,242,34,173,32,21,135,221,249,62,167,226,65,141,204,213,78,178,10,26,148,187,187,
11,169,248,32,95,237,202,38,135,43,39,102,206,195,32,132,255,30,172,17,200,46,218,14,15,176,21,18,102,213,4,107,
170,25,255,120,185,52,92,131,229,6,68,227,43,79,121,248,228,113,237,107,140,211,50,44,132,234,46,120,211,56,70,155,
198,77,152,220,52,31,152,5,129,170,184,63,73,162,254,61,177,235,81,91,175,10,138,171,171,68,90,141,241,108,183,187,
29,62,148,27,150,155,218,95,104,155,223,90,99,4,105,102,186,41,88,191,11,109,83,145,245,136,176,215,81,66,152,20,
178,183,246,47,85,142,49,172,225,253,130,104,190,34,133,173,4,78,146,181,21,123,228,48,136,77,171,87,206,249,61,101,
122,243,92,205,215,57,164,174,5,56,216,1,67,157,106,247,104,192,232,74,172,146,208,111,175,206,7,163,128,217,58,225,
221,34,130,179,221,72,191,16,35,140,151,16,72,201,239,86,140,156,242,123,202,246,52,191,156,249,90,253,249,62,162,207,
249,100,219,44,63,173,184,247,98,221,252,124,235,234,252,176,39,82,150,178,208,72,181,54,79,155,219,3,83,188,61,31,
128,1,14,90,201,57,103,165,185,17,106,124,71,107,173,20,227,70,200,82,86,174,29,31,122,146,14,59,156,29,42,118,
229,85,131,193,222,200,125,222,19,122,198,40,14,76,176,67,107,146,12,253,83,207,109,114,177,234,71,145,242,118,58,206,
26,11,156,0,64,104,167,9,77,128,228,130,102,220,75,84,135,211,78,142,205,23,56,118,218,109,184,212,54,22,119,208,
129,184,245,104,108,197,234,96,200,254,114,44,138,54,105,141,192,50,131,147,241,96,152,31,57,59,148,236,166,219,26,65,
133,184,4,151,191,254,131,81,226,70,134,174,220,141,153,157,9,141,188,238,86,102,182,17,140,149,41,117,161,247,91,155,
219,61,159,168,195,63,186,202,13,106,107,248,105,193,233,75,173,147,209,112,176,207,8,164,129,219,62,226,222,36,128,180,
222,73,193,17,36,141,152,215,66,192,220,90,201,175,5,140,7,12,51,208,158,235,73,254,250,59,163,208,250,101,224,45,
69,174,183,50,106,235,21,120,174,191,14,157,236,26,87,225,190,26,123,31,29,95,189,241,27,133,250,78,97,202,213,78,
136,6,42,148,202,215,44,185,8,55,112,253,218,55,152,59,55,125,225,13,57,160,23,48,118,207,230,60,146,97,132,199,
42,49,126,231,91,68,186,41,15,101,201,103,84,147,13,22,143,243,75,115,213,55,29,83,186,41,144,220,27,36,157,1,
89,105,227,10,10,90,248,71,115,180,60,25,119,211,122,118,187,25,76,118,224,87,169,188,36,43,169,225,99,140,239,37,
53,140,218,92,132,164,97,113,206,36,68,193,234,111,120,206,247,138,213,20,118,68,178,22,121,165,223,57,121,220,29,152,
227,34,97,82,227,12,126,160,25,79,92,177,62,141,188,245,130,95,188,29,192,188,2,102,88,181,28,139,242,62,125,134,
255,99,187,203,69,108,108,188,90,169,213,19,158,123,216,54,220,216,30,125,174,216,67,192,11,32,133,138,11,67,197,233,
81,135,151,234,118,197,244,53,186,153,242,82,248,244,57,154,202,244,95,215,39,58,164,165,39,95,225,10,114,168,183,10,
93,223,10,61,222,244,39,139,41,81,109,183,251,22,113,230,72,91,192,200,72,128,2,42,142,196,212,42,179,2,49,109,
247,212,49,149,251,42,105,172,16,111,201,234,113,173,201,218,48,148,15,70,135,231,227,70,172,37,63,122,233,233,83,183,
37,70,124,45,57,61,169,36,76,154,254,5,78,191,60,98,147,241,7,84,204,71,99,154,252,252,166,254,118,167,152,62,
82,89,9,135,163,224,77,10,159,3,80,179,242,84,58,179,220,87,127,202,23,32,127,227,102,139,197,32,54,137,240,101,
140,196,34,63,148,233,91,207,17,103,110,207,231,161,155,242,60,69,179,58,181,186,225,91,100,221,18,203,245,215,127,145,
234,252,182,200,42,81,149,176,44,167,183,14,112,100,189,39,150,185,3,78,155,252,17,203,197,28,102,111,221,100,223,228,
11,133,142,7,90,217,235,77,116,184,211,79,202,218,49,147,135,224,106,197,216,78,154,198,225,128,192,0,63,137,170,0,
79,205,232,92,168,212,239,142,206,14,77,151,184,14,93,219,245,48,166,174,236,149,30,60,55,222,240,60,92,28,75,145,
229,169,67,178,222,82,148,234,241,82,106,36,76,152,191,3,54,130,21,61,159,198,219,104,199,70,111,172,5,19,98,135,
15,48,117,214,227,52,159,26,50,104,22,34,108,206,84,48,174,29,38,124,189,56,72,159,233,10,131,184,24,64,125,37,
55,144,162,92,132,173,247,0,86,186,112,93,180,57,7,152,193,72,100,158,247,60,146,3,67,166,194,12,45,131,10,74,
97,228,81,11,160,17,140,180,208,50,35,145,221,112,187,203,79,101,187,31,119,159,198,64,49,159,38,99,139,251,93,115,
142,45,133,149,236,78,122,149,2,182,224,12,52,116,202,24,123,163,226,68,136,163,31,189,170,36,75,79,216,60,161,177,
240,82,91,236,21,168,243,247,148,98,176,11,203,252,49,79,157,252,86,141,250,66,154,73,1,104,215,253,71,93,165,251,
73,172,212,43,141,185,15,56,203,22,21,170,179,243,122,245,29,92,190,164,226,129,217,36,64,138,171,233,77,212,245,54,
144,149,241,89,209,230,100,198,185,247,91,238,22,120,218,168,22,162,221,56,119,195,239,69,169,36,76,104,178,246,41,176,
8,24,111,185,194,36,170,37,55,153,251,4,90,190,22,38,160,223,11,62,138,29,45,108,201,206,91,191,36,52,115,237,
246,111,211,19,83,181,214,19,105,183,85,125,188,30,39,90,166,92,97,195,2,243,97,173,40,72,131,244,251,80,188,8,
139,211,43,249,48,7,46,55,216,61,58,142,253,44,147,210,6,74,125,201,92,167,195,37,81,132,11,58,127,161,81,85,
174,176,141,184,235,75,95,105,19,157,190,242,101,99,191,34,79,182,2,65,109,195,236,127,167,206,72,48,135,204,169,212,
7,103,123,133,40,141,216,220,62,95,157,1,148,164,251,52,90,147,82,207,132,31,138,150,154,61,162,237,241,83,92,202,
46,145,244,243,73,145,185,29,211,216,58,97,130,251,36,218,199,65,104,137,182,99,227,189,69,174,168,6,115,239,204,51,
177,175,29,109,245,30,36,147,186,31,95,246,19,106,184,206,37,62,186,226,24,190,210,195,134,254,224,94,146,155,44,109,
11,248,79,212,162,51,92,18,255,86,143,246,16,87,17,57,74,196,205,70,111,234,42,81,179,247,77,118,44,8,155,241,
247,86,108,59,80,144,252,254,29,188,60,105,154,9,20,30,185,30,105,109,207,240,46,146,37,53,140,209,206,116,150,49,
108,183,17,222,43,212,88,118,91,24,42,118,128,90,127,120,226,235,65,165,48,85,150,243,244,88,185,54,89,143,237,3,
80,200,67,94,150,239,71,160,178,53,93,156,14,20,108,203,62,116,176,20,24,101,197,77,108,191,33,30,108,208,66,190,
241,80,98,106,18,152,113,252,97,94,178,33,80,183,224,66,51,137,40,163,168,207,73,58,144,244,111,163,25,118,131,218,
60,174,219,19,54,73,155,3,129,171,229,76,83,157,248,191,234,29,125,145,155,62,185,203,45,84,93,203,23,205,210,52,
150,124,186,89,165,178,241,81,160,255,102,143,246,66,164,173,224,68,167,10,38,112,145,231,51,233,238,25,127,140,214,53,
167,11,52,150,135,221,124,247,252,35,157,142,228,72,195,218,93,202,132,25,125,226,45,49,147,180,242,145,233,52,115,178,
163,52,105,6,46,87,220,175,5,129,228,71,99,232,241,36,112,38,16,79,226,213,43,119,242,85,148,211,196,50,126,249,
33,96,203,13,101,182,247,86,162,4,13,64,164,7,106,134,208,241,71,147,73,78,121,223,219,100,213,80,120,148,246,231,
120,185,28,92,155,229,41,92,172,43,67,121,32,50,126,158,94,143,196,226,48,141,248,101,72,203,56,242,148,251,106,144,
218,240,56,96,220,122,127,190,32,41,127,203,129,110,185,89,100,93,7,139,182,163,68,77,141,241,84,183,187,53,38,124,
224,103,131,189,37,28,182,37,81,184,201,67,111,162,6,129,169,232,50,118,145,31,158,198,239,81,66,211,252,143,159,222,
64,117,171,69,193,231,29,132,134,163,60,188,221,45,69,78,219,63,164,204,243,144,94,204,24,147,187,243,93,101,179,19,
154,198,0,93,110,193,30,144,253,69,157,98,253,106,219,191,67,174,173,169,103,237,198,81,182,179,7,118,165,12,29,127,
160,246,90,213,229,95,134,155,220,64,203,238,42,140,143,238,79,211,250,57,140,145,251,88,211,242,40,214,226,44,142,20,
240,110,226,235,30,106,253,13,76,198,183,37,113,248,94,159,164,243,82,185,226,73,90,212,221,51,127,250,93,97,195,216,
34,129,9,24,155,8,194,87,200,67,72,111,233,218,48,172,15,79,118,2,15,55,179,46,86,125,223,35,62,162,73,81,
123,20,239,93,193,60,76,139,40,246,76,169,89,83,170,12,21,83,183,109,90,153,243,248,98,191,58,80,212,63,62,80,
249,125,155,128,76,66,153,7,123,108,240,78,90,178,202,124,142,240,23,32,142,218,85,149,188,54,31,86,25,145,115,181,
83,70,191,232,99,163,202,44,77,139,7,89,158,221,34,59,217,245,96,220,15,110,128,136,43,144,219,223,65,98,160,4,
151,167,254,55,93,150,85,117,220,40,103,112,233,77,165,181,47,86,86,166,68,147,187,253,136,101,194,34,198,194,8,103,
152,196,43,162,245,8,113,119,245,45,175,217,59,113,128,215,96,175,221,26,164,129,222,66,226,224,34,128,180,222,73,194,
17,36,141,144,17,73,202,236,87,141,158,240,124,203,249,54,192,157,250,94,254,250,64,163,208,250,94,221,243,62,151,253,
246,159,35,65,38,240,236,81,182,46,82,67,228,215,80,121,244,52,91,189,222,28,152,212,87,159,247,166,94,197,52,90,
164,186,2,66,142,68,108,112,13,243,49,173,255,68,102,248,29,104,228,75,128,161,31,11,131,212,39,86,184,26,3,135,
232,100,128,202,52,52,68,251,5,113,195,49,50,67,196,34,137,213,20,29,150,250,82,98,220,3,3,83,241,64,108,173,
53,18,110,208,115,111,181,17,69,111,217,82,162,181,29,34,162,218,92,134,232,32,44,126,13,92,136,198,81,46,139,233,
143,139,208,44,97,139,247,110,190,209,57,64,190,246,120,160,202,51,63,137,28,184,228,24,128,136,227,244,140,151,21,132,
106,227,71,135,199,6,80,113,166,11,137,165,13,154,148,242,92,132,201,235,140,162,213,92,215,196,27,125,110,220,31,155,
198,249,127,169,0,95,238,13,84,98,136,193,115,233,20,19,105,152,20,109,238,207,43,112,184,27,92,215,34,97,160,145,
34,75,189,223,88,142,158,246,125,204,250,55,193,158,251,89,255,251,64,160,209,251,100,226,51,70,175,182,51,107,237,15,
121,175,191,21,100,230,17,46,201,240,81,181,38,77,142,248,182,41,112,49,104,160,247,17,92,198,64,34,152,250,213,67,
143,34,109,172,235,244,109,209,17,81,179,21,30,49,140,70,110,127,28,2,64,188,90,95,158,35,9,130,154,50,61,187,
29,248,102,178,69,144,207,14,23,144,244,52,116,214,56,65,75,244,120,150,123,80,5,60,230,125,154,241,63,85,141,13,
107,181,225,27,43,164,8,97,188,250,92,96,181,211,161,88,219,80,101,179,210,106,117,243,98,72,158,37,160,165,204,105,
55,132,226,151,147,214,57,105,147,253,118,198,217,65,73,198,254,128,168,12,66,81,165,49,128,175,239,117,82,174,19,179,
177,243,81,133,175,23,145,226,245,94,97,226,26,155,189,40,94,111,193,77,156,202,7,145,110,203,47,207,205,15,109,161,
203,50,179,254,17,121,132,254,54,184,225,68,122,138,226,47,177,220,249,148,187,28,128,241,24,89,195,129,244,59,252,51,
107,194,220,39,145,11,237,45,112,223,49,138,29,49,125,177,232,59,160,20,71,142,231,188,43,161,43,46,142,244,242,78,
177,49,14,132,243,217,82,182,246,54,117,191,224,21,122,245,254,146,222,10,96,196,4,68,166,8,17,44,168,35,51,118,
211,212,97,210,42,82,180,22,252,58,217,25,56,113,13,234,68,167,75,71,141,233,29,71,177,38,122,141,247,252,122,178,
51,89,192,246,6,92,229,52,99,163,239,255,88,176,106,159,187,29,73,159,224,67,166,170,3,6,150,206,77,118,220,18,
33,117,1,80,126,188,69,34,127,227,131,127,196,36,85,127,234,102,178,197,45,55,178,234,107,145,248,46,61,144,29,110,
153,212,97,62,155,253,159,155,225,61,113,155,5,122,206,225,75,80,206,6,135,173,20,74,90,176,57,138,181,240,125,90,
183,21,187,183,252,96,141,183,34,158,234,253,102,113,176,27,153,181,51,162,136,222,101,224,229,12,169,119,196,34,215,211,
21,122,169,211,62,181,6,25,129,137,6,62,192,229,18,123,132,187,122,254,28,1,214,139,194,108,3,32,119,197,219,19,
147,241,59,103,161,177,42,142,231,66,128,226,230,59,94,44,227,102,219,240,62,93,245,0,126,237,211,41,176,43,48,87,
244,194,15,109,34,30,97,198,244,30,137,4,81,100,204,207,81,137,12,45,151,205,220,48,188,11,58,115,0,223,56,152,
62,58,128,228,16,58,165,29,109,130,231,236,109,165,36,75,179,233,249,73,216,39,85,142,28,249,87,183,90,86,155,251,
44,86,193,60,79,149,250,247,125,3,117,161,212,71,87,84,213,51,175,236,81,74,103,169,93,163,237,79,78,163,9,140,
105,197,10,82,181,222,89,188,251,34,43,153,253,155,160,190,94,118,197,30,170,199,12,109,48,135,204,166,203,196,116,126,
217,233,163,203,220,121,95,157,25,183,188,251,128,102,223,247,198,226,30,137,68,236,67,205,246,50,144,75,230,83,196,146,
51,152,149,233,88,135,238,45,97,165,192,36,183,223,6,104,172,223,26,178,189,44,170,168,22,102,238,23,29,139,183,18,
108,201,20,92,191,201,238,119,243,30,85,123,187,17,71,253,2,41,163,207,2,102,4,9,107,138,116,44,147,2,40,114,
136,208,16,151,215,58,86,160,169,4,163,30,70,74,155,193,250,157,24,18,140,179,188,42,142,241,25,147,210,178,73,186,
43,15,162,241,11,86,184,66,70,161,9,206,57,194,54,111,157,1,27,98,211,252,101,177,9,206,120,201,85,114,175,32,
5,119,225,24,85,185,20,46,115,217,101,126,202,244,9,130,235,92,102,200,51,61,148,199,103,144,210,44,249,134,247,79,
119,217,59,33,95,254,62,93,150,50,15,104,206,112,108,179,13,66,108,215,77,159,178,26,29,159,215,89,125,229,27,43,
126,10,89,135,200,78,43,135,232,140,136,203,46,94,136,243,107,187,206,55,61,187,243,117,159,1,55,68,153,38,117,163,
220,106,71,164,8,168,164,234,78,64,157,1,93,228,32,60,132,196,75,139,238,10,84,93,179,82,205,245,249,74,167,241,
82,214,154,46,122,107,252,96,160,200,7,105,173,224,68,226,198,81,135,186,14,48,205,20,87,175,195,14,120,242,204,22,
109,172,17,115,255,34,100,135,139,33,124,9,226,41,211,148,230,62,201,57,50,142,139,241,157,208,241,51,137,209,52,152,
216,59,87,161,199,29,129,31,12,134,232,182,12,95,41,84,65,171,189,20,120,236,32,96,179,188,243,172,17,92,155,253,
203,57,192,59,99,103,225,234,40,144,6,38,156,11,241,71,206,73,78,117,18,224,45,139,64,60,127,224,18,60,167,28,
111,130,234,237,111,167,42,78,181,235,250,78,218,41,88,151,228,244,77,165,95,148,176,18,62,148,213,56,155,159,248,251,
139,195,64,110,209,7,23,109,246,69,116,179,58,23,115,217,120,116,187,22,74,116,222,87,167,186,34,40,167,225,95,131,
237,35,50,130,18,97,144,209,86,53,142,238,90,137,191,47,56,128,35,158,152,18,81,66,176,55,143,183,25,88,132,154,
242,172,225,253,95,139,225,34,133,232,236,69,72,216,16,143,185,30,84,101,179,67,146,192,251,135,100,192,32,197,193,6,
102,151,193,44,168,244,7,112,122,186,37,160,169,67,172,188,4,13,231,12,5,111,120,206,50,185,221,35,131,129,225,65,
195,233,28,122,144,221,85,208,235,35,124,212,45,63,194,234,41,151,156,249,91,203,253,56,161,168,242,82,218,249,76,179,
176,254,98,212,80,131,226,244,252,164,42,3,142,243,240,68,179,226,73,90,188,221,27,151,250,58,121,195,7,93,134,25,
65,128,202,223,115,217,247,101,173,18,201,94,207,15,79,142,19,225,79,155,81,62,184,26,232,86,162,29,81,132,225,244,
52,220,98,59,185,237,246,100,176,67,83,170,12,253,142,242,50,114,177,19,4,132,236,116,97,184,26,70,97,221,64,163,
167,68,77,104,228,71,111,218,28,91,178,20,134,179,235,20,82,173,10,150,116,179,76,98,125,249,116,191,195,61,46,191,
232,158,198,202,68,53,139,232,106,151,201,39,60,148,254,107,154,223,50,50,205,58,171,143,19,126,125,143,56,186,233,26,
55,132,229,250,193,236,31,127,147,157,64,187,181,12,110,95,240,49,172,212,19,117,102,212,33,159,207,249,91,113,196,38,
163,195,17,109,123,202,52,161,197,19,115,126,201,36,235,22,73,169,189,199,106,183,223,54,152,161,223,91,214,33,96,159,
156,48,150,180,34,106,207,134,27,127,228,47,110,173,217,12,112,14,19,117,180,165,54,119,242,14,70,163,181,246,158,36,
253,123,175,184,38,138,5,21,108,206,250,80,145,30,74,137,213,1,87,152,54,59,122,255,229,94,159,2,101,129,227,0,
54,133,55,95,136,13,22,73,208,40,80,178,241,29,80,156,82,87,150,217,23,109,187,89,129,157,34,8,94,229,61,136,
164,238,50,101,201,36,72,150,246,1,67,236,112,142,137,48,66,142,174,110,159,212,220,58,122,1,124,164,168,34,78,164,
8,72,136,199,17,30,111,203,125,178,206,48,92,178,243,86,185,189,22,25,169,225,96,135,239,37,53,133,20,99,145,202,
88,53,147,243,150,146,215,55,104,146,253,120,139,209,54,51,200,57,145,185,27,125,99,161,64,128,159,216,116,81,171,14,
178,174,244,80,132,174,24,141,225,244,94,99,225,25,154,192,39,93,109,195,76,157,200,3,144,109,203,39,206,202,16,110,
160,202,52,169,253,16,122,124,253,53,182,216,67,121,136,224,104,183,230,31,172,137,229,67,234,230,43,136,188,230,81,198,
25,44,148,155,223,74,200,228,98,209,183,13,148,15,20,59,216,166,243,81,6,7,73,170,221,7,114,237,58,77,182,191,
58,114,244,25,128,182,198,28,107,237,21,53,242,4,80,90,48,97,150,189,167,112,128,220,74,158,13,10,77,211,59,59,
129,6,15,85,212,71,111,179,14,218,131,118,53,112,187,21,217,76,147,77,130,158,0,44,130,195,38,137,141,230,233,121,
177,47,87,191,245,6,84,228,51,98,155,40,5,98,192,102,98,167,4,56,98,205,72,149,168,16,27,149,205,78,118,219,
17,32,119,0,79,126,191,68,35,124,220,130,126,189,34,84,126,229,94,177,196,44,47,177,233,108,144,247,45,61,141,28,
107,153,218,96,61,153,253,158,154,223,66,112,154,5,130,205,226,71,76,205,5,132,177,19,73,88,176,56,135,182,246,124,
89,183,19,186,182,251,87,140,182,33,150,233,252,101,111,233,33,156,200,245,94,106,180,60,216,1,59,177,177,15,31,183,
194,71,164,184,21,107,173,201,46,182,180,16,45,197,208,78,189,163,249,128,251,0,39,196,146,223,61,242,238,51,148,196,
238,90,205,33,52,157,160,33,89,219,253,103,157,172,253,140,224,15,78,213,178,14,116,19,15,84,182,229,15,121,245,66,
85,190,201,8,115,241,247,111,239,3,89,179,45,87,158,181,219,20,190,72,105,157,16,14,106,205,2,97,160,212,245,51,
175,77,117,145,243,31,117,158,49,124,187,29,227,48,211,91,96,159,36,10,96,196,39,103,133,30,39,79,203,46,110,208,
50,24,110,245,112,93,180,57,66,152,185,43,152,224,56,231,176,192,28,138,222,77,74,141,19,123,123,193,70,79,131,26,
148,188,246,87,26,195,182,117,176,251,85,25,140,211,141,194,222,64,108,194,3,102,201,205,38,41,185,241,111,149,255,53,
68,152,36,115,162,219,104,69,161,3,166,162,232,76,120,162,12,133,213,234,79,84,213,13,140,178,27,81,98,178,64,143,
190,249,132,99,188,28,194,190,1,98,148,190,40,161,241,4,109,120,241,43,169,205,55,109,122,209,92,171,217,22,160,125,
218,58,222,218,31,126,176,218,68,189,13,32,137,146,13,69,199,240,83,139,151,233,120,199,239,49,188,153,242,86,250,246,
57,154,204,246,94,219,41,62,163,168,41,102,227,18,116,170,186,13,153,232,23,83,221,186,23,124,27,23,93,193,237,23,
123,250,16,86,187,184,62,196,54,98,149,8,24,21,150,244,112,173,18,11,40,106,30,100,174,16,15,100,202,77,42,134,
203,19,118,159,26,125,188,227,236,90,190,92,97,127,31,55,134,223,107,136,205,46,241,72,141,106,149,200,40,60,70,233,
100,118,157,255,67,94,194,61,101,223,6,39,101,201,68,167,154,25,5,154,11,99,115,202,20,88,174,18,82,181,185,18,
28,83,12,113,188,251,93,43,153,32,155,195,199,65,74,136,240,102,134,252,107,81,167,46,169,174,213,114,64,141,235,160,
156,223,64,114,156,6,127,207,226,75,84,207,7,136,175,21,75,91,174,58,137,184,247,126,91,184,23,188,184,253,89,142,
184,35,154,235,254,102,107,235,35,164,202,247,96,108,182,89,225,230,37,170,179,230,50,232,213,11,103,170,212,60,184,7,
26,130,137,7,63,193,228,77,131,147,230,114,193,241,41,182,147,239,81,244,240,53,148,198,242,89,208,233,47,136,159,245,
75,5,45,86,160,169,63,104,227,11,74,231,181,35,111,234,18,140,162,185,15,101,31,84,112,210,254,84,149,248,91,95,
184,187,75,133,3,39,145,199,215,45,182,5,51,112,250,215,52,148,56,52,121,216,10,52,158,23,103,122,227,236,103,159,
32,70,173,227,242,69,210,35,78,137,22,243,80,178,84,80,149,245,38,80,187,56,131,152,253,2,131,187,61,96,201,255,
15,98,238,61,107,167,50,15,107,205,112,108,178,14,66,108,208,78,159,178,27,37,159,215,82,126,171,20,32,106,13,149,
154,217,94,103,154,230,156,137,191,27,94,136,240,109,187,206,56,57,187,243,116,152,1,55,70,152,38,117,163,224,106,71,
164,9,168,164,234,77,64,157,1,93,224,40,128,78,133,92,131,140,38,145,144,140,79,199,169,240,82,91,177,34,157,194,
7,91,111,197,38,167,192,251,106,106,212,56,166,199,253,174,186,190,42,165,205,25,123,129,221,51,185,225,29,133,127,209,
66,180,240,47,133,134,220,55,6,34,94,201,132,30,141,185,45,111,197,204,45,69,255,39,56,213,187,249,93,19,59,122,
161,187,79,181,211,65,137,238,165,58,112,38,19,106,204,248,19,178,10,50,113,187,196,85,185,255,32,108,194,198,37,116,
51,102,86,247,0,40,199,31,47,110,11,20,106,147,56,100,117,18,224,78,178,80,61,183,246,255,85,161,28,127,190,235,
237,112,180,101,142,203,36,50,129,172,92,137,193,52,243,73,228,49,148,152,18,27,148,189,115,120,183,25,10,96,255,122,
109,165,1,17,107,195,58,110,175,14,18,114,202,60,169,241,73,14,169,22,135,107,239,88,104,176,207,142,193,177,95,107,
181,23,157,121,247,102,111,138,41,164,145,232,74,59,145,245,171,176,18,81,66,164,70,195,142,19,126,138,142,49,126,166,
229,130,104,166,10,133,197,39,102,146,197,29,140,175,246,68,145,242,7,193,246,53,92,160,246,31,178,218,1,99,108,253,
62,220,225,8,148,161,201,45,168,11,39,113,122,208,76,234,239,81,144,173,227,125,249,31,85,188,190,219,116,244,21,101,
125,134,19,73,196,236,102,165,150,236,80,227,46,74,207,181,236,87,210,242,45,155,170,252,88,219,2,56,150,228,67,157,
212,65,137,225,166,65,174,31,237,134,243,151,71,182,226,86,152,238,245,86,110,40,93,97,254,204,93,158,1,41,104,226,
223,115,217,247,101,173,18,201,94,172,15,114,118,240,249,114,155,81,62,149,26,232,86,186,41,69,127,235,222,120,231,19,
122,198,237,49,76,235,67,83,146,244,21,125,229,74,90,212,251,28,114,249,57,156,160,26,70,97,221,88,148,179,75,85,
169,4,132,165,171,66,80,159,20,69,109,227,47,32,177,218,109,149,247,30,98,125,249,151,132,219,61,39,134,232,91,127,
202,51,57,133,244,98,129,5,112,111,129,42,174,204,177,117,129,203,45,179,143,13,111,74,219,4,127,226,33,72,105,191,
70,134,169,27,125,147,174,77,165,240,12,86,119,205,84,148,200,254,94,102,183,38,161,202,241,146,155,195,98,162,202,68,
166,116,226,70,228,209,11,160,169,12,53,235,240,82,145,130,240,84,242,223,42,174,183,26,67,249,254,96,159,144,254,98,
0,237,39,133,197,27,81,7,244,51,208,217,244,112,235,54,58,150,211,41,154,218,61,94,227,201,7,131,254,73,77,167,
172,18,113,239,27,45,241,253,71,169,47,11,137,235,222,52,187,54,59,157,196,229,94,135,61,66,129,227,15,25,154,248,
83,164,21,30,105,210,70,122,154,9,19,65,172,74,114,160,36,26,98,211,79,61,179,34,8,94,229,96,101,140,41,247,
68,162,87,83,149,244,41,83,190,54,134,153,2,7,134,190,63,102,204,2,17,105,241,64,110,173,53,18,112,204,115,111,
181,23,69,111,217,78,162,181,30,41,162,218,91,133,232,30,46,129,13,92,139,198,23,39,125,194,156,193,186,91,113,164,
8,166,206,210,52,120,206,247,114,178,241,83,51,221,53,173,222,185,84,137,222,58,184,222,9,141,131,177,28,186,226,6,
141,152,243,86,133,0,206,116,144,242,78,132,201,235,140,162,213,57,215,255,27,101,169,196,31,148,246,9,110,116,246,46,
176,213,60,114,130,212,97,176,222,28,165,130,222,68,227,223,36,134,181,225,72,191,18,37,139,145,18,74,203,237,88,142,
158,239,125,204,250,55,135,151,240,72,231,48,112,205,234,55,163,202,20,54,215,202,8,132,255,39,102,235,185,39,174,233,
5,106,242,240,76,105,1,12,138,249,223,53,188,55,60,99,0,206,27,121,46,42,111,205,0,42,148,14,93,112,216,225,
93,149,21,64,163,217,233,59,200,23,69,126,12,233,70,165,74,70,139,235,226,63,166,255,96,189,42,51,127,226,95,143,
131,2,238,138,253,113,142,222,53,68,153,183,105,145,162,28,13,123,2,125,130,193,70,79,106,230,132,172,235,10,10,169,
10,63,166,229,25,58,120,244,146,186,214,56,100,186,227,118,193,0,98,31,182,39,152,124,190,92,101,141,9,108,172,14,
112,86,172,51,174,155,242,119,128,214,238,135,145,224,138,75,145,73,184,221,37,57,129,193,13,160,200,7,105,149,176,44,
202,166,2,71,143,229,27,174,190,21,154,163,214,58,216,0,4,126,170,0,100,147,0,72,160,101,0,109,222,172,94,108,
86,229,117,239,15,81,177,166,30,111,194,241,83,181,156,37,136,3,38,100,128,220,193,105,247,43,98,127,165,222,129,9,
14,77,210,219,14,90,16,253,51,143,210,252,100,230,52,71,175,178,52,108,239,16,122,176,191,19,159,240,27,86,227,192,
25,122,33,29,99,194,243,29,136,255,80,99,203,211,80,136,9,51,150,204,219,49,129,3,46,97,243,30,107,211,66,123,
193,202,240,41,225,90,133,180,221,196,83,213,91,131,184,25,36,130,155,51,62,188,43,249,79,238,105,86,149,15,24,145,
210,44,146,224,59,57,160,249,122,161,154,253,231,159,6,117,155,229,251,67,107,207,74,173,201,78,87,173,238,105,121,208,
85,30,104,17,153,193,174,45,25,155,28,144,200,246,105,121,144,13,150,211,1,65,118,203,39,165,203,203,100,87,149,17,
140,180,243,120,70,180,59,115,124,16,92,136,222,66,130,194,36,134,143,170,38,161,177,244,81,82,223,80,168,208,50,148,
122,184,87,151,182,239,139,104,193,34,201,197,11,106,155,197,48,167,248,11,115,123,248,48,177,219,62,116,131,217,41,171,
214,9,170,133,219,63,245,250,92,190,199,250,94,193,1,99,121,195,38,128,183,231,93,204,178,8,143,10,15,54,211,161,
238,76,1,253,64,164,211,253,108,225,53,72,178,180,53,109,238,20,123,177,192,19,160,241,28,87,228,193,29,125,34,30,
100,195,244,30,137,0,81,100,204,212,81,137,10,52,151,205,220,50,188,13,56,115,0,221,51,153,4,51,105,217,226,42,
205,50,66,153,251,4,90,225,33,97,195,217,240,70,156,86,139,167,9,53,139,204,47,146,150,239,242,130,186,53,95,142,
247,0,77,0,126,84,155,52,74,125,225,127,167,195,13,81,108,199,60,158,177,23,34,158,214,87,121,228,26,43,122,9,
88,134,195,77,44,133,229,139,135,204,45,93,135,241,102,186,205,53,64,186,242,116,150,0,54,69,153,37,116,162,222,105,
70,158,1,167,165,231,69,63,156,247,128,168,217,143,147,237,82,203,234,46,137,83,224,81,145,209,248,90,123,244,88,211,
216,58,121,165,192,95,151,191,1,87,159,199,43,166,9,37,170,179,9,74,197,213,44,177,110,5,118,231,203,73,184,158,
244,123,246,251,34,191,141,218,56,237,233,44,144,191,233,85,200,28,47,151,156,28,84,213,249,98,152,167,251,135,214,5,
69,203,168,10,111,212,3,57,234,246,250,157,37,42,105,238,247,42,118,44,25,79,171,238,24,127,249,75,94,199,208,75,
131,5,45,145,199,215,42,182,5,52,115,192,208,38,107,65,114,167,206,184,129,145,237,78,185,26,27,116,214,61,135,179,
237,253,118,218,51,142,204,46,50,135,165,115,42,173,34,55,133,164,60,71,197,52,26,112,247,114,119,158,59,9,86,180,
105,101,167,15,59,101,208,72,152,171,19,22,152,208,81,118,222,22,34,116,3,82,125,185,71,36,129,226,133,129,199,37,
87,129,235,101,180,199,47,58,180,236,109,149,192,41,53,105,6,159,210,17,105,113,201,53,101,170,204,109,131,158,2,184,
224,228,70,103,189,68,156,163,32,145,147,222,83,195,241,47,75,85,140,82,208,236,41,150,83,232,30,153,193,59,122,166,
252,96,184,224,7,129,173,195,27,219,16,79,95,133,190,78,230,7,86,167,193,30,67,208,27,76,177,153,27,126,241,28,
89,124,188,252,72,219,3,66,164,208,235,103,5,234,10,203,209,225,132,209,249,56,213,187,52,152,19,24,87,161,199,64,
88,39,67,127,234,143,58,112,235,19,141,180,248,78,143,45,50,148,178,188,243,172,17,92,155,253,203,57,192,59,99,103,
225,234,40,144,6,38,156,11,241,71,206,73,78,117,18,224,45,139,64,60,126,221,18,60,167,31,111,130,235,240,111,167,
40,79,181,235,250,82,218,41,87,150,228,244,77,165,95,148,176,18,62,148,213,56,155,159,248,251,139,195,65,111,209,7,
23,106,246,69,115,172,58,23,115,212,120,116,185,25,74,116,222,86,167,188,33,38,167,223,96,132,237,35,51,134,18,97,
144,203,86,51,143,242,148,144,213,57,102,144,250,117,195,216,61,66,195,251,118,160,207,56,56,156,0,109,212,253,71,104,
190,34,157,232,236,102,146,156,14,137,163,33,144,118,204,83,206,211,250,151,101,178,16,197,193,0,100,93,186,33,144,247,
67,130,139,4,104,192,208,74,113,113,193,95,174,218,27,163,128,222,58,225,221,34,128,179,221,71,190,16,35,139,146,16,
72,202,243,86,140,156,243,65,195,235,11,200,216,53,139,171,40,81,214,223,53,94,241,60,123,226,176,30,130,229,17,75,
165,229,72,137,4,79,142,205,190,79,120,234,12,133,187,199,26,170,249,40,100,238,203,40,136,44,40,109,206,254,40,146,
15,91,110,214,223,33,140,10,38,164,19,249,79,214,81,86,125,26,232,53,147,72,68,134,238,26,68,175,39,119,138,242,
245,119,175,48,85,189,245,1,83,226,49,95,157,38,3,95,189,100,96,165,9,54,96,203,64,147,166,14,21,147,203,76,
113,217,15,26,111,254,79,122,181,8,24,101,215,82,108,255,92,105,192,34,148,193,249,28,92,191,232,123,139,202,68,112,
198,42,130,205,233,110,60,205,238,108,136,6,117,91,177,56,179,184,223,124,74,151,245,170,166,232,73,124,166,17,140,217,
236,85,94,217,17,147,184,31,85,101,187,10,140,180,212,145,163,239,249,207,0,53,92,70,15,31,123,254,70,158,77,220,
108,230,6,72,168,157,21,102,185,232,74,172,156,12,132,232,23,91,179,128,41,28,219,22,97,187,127,242,57,243,40,68,
166,210,40,105,204,47,51,140,143,31,87,214,1,101,155,171,254,138,217,7,75,211,176,12,112,17,13,83,175,227,13,119,
240,64,85,186,191,64,120,247,35,134,188,200,33,171,252,39,98,239,204,37,142,45,41,110,206,255,41,149,12,92,111,215,
219,92,148,21,63,162,216,232,58,199,22,68,128,209,225,58,146,49,122,186,23,52,129,237,20,89,123,2,52,145,237,41,
110,199,61,16,146,235,103,88,187,52,59,146,2,76,160,222,70,77,160,1,60,88,189,69,67,159,188,84,95,221,76,50,
136,15,138,143,182,83,33,110,204,129,125,196,30,83,125,231,100,176,195,42,54,176,232,106,148,246,44,60,143,27,106,152,
215,95,60,152,252,157,153,223,59,111,153,3,124,204,223,70,82,204,4,134,167,18,72,87,171,55,134,182,241,65,81,170,
236,172,243,20,152,148,248,92,132,201,235,147,171,250,83,223,252,65,162,101,188,1,201,3,71,159,179,17,56,205,16,71,
169,183,6,45,169,178,76,183,182,178,137,176,185,49,191,199,21,124,245,9,106,185,154,247,126,249,1,101,212,208,33,134,
14,236,44,111,177,51,150,9,52,113,191,234,45,105,235,59,122,186,246,75,175,37,76,69,250,146,44,163,42,74,68,195,
175,68,181,13,53,151,249,223,29,188,252,27,84,240,205,39,143,46,42,112,206,0,42,149,10,93,112,217,223,93,149,22,
56,163,217,232,59,200,25,68,127,12,233,67,168,74,70,139,235,28,70,177,39,121,140,244,251,121,177,50,86,191,245,4,
92,228,51,97,157,40,5,97,195,44,91,157,221,31,147,2,125,155,217,61,78,89,218,56,159,235,18,27,172,16,80,120,
207,49,93,144,211,140,195,251,82,108,183,33,155,125,189,0,111,184,26,160,200,195,99,123,202,35,175,204,17,114,53,140,
231,138,191,235,57,105,216,58,184,210,20,58,68,145,58,190,220,224,35,135,230,64,128,137,59,73,51,194,82,204,236,46,
142,131,251,76,159,206,48,146,135,238,99,205,251,69,150,174,252,32,238,165,46,165,185,7,100,154,223,1,162,184,235,79,
237,21,49,123,191,218,53,170,12,31,133,143,12,68,197,235,82,136,152,233,119,198,244,49,187,152,244,84,249,245,58,158,
203,245,95,215,40,59,163,170,40,98,229,9,115,169,186,15,152,233,20,79,220,185,19,120,26,22,91,187,236,22,129,247,
73,92,196,203,73,129,2,38,143,197,212,44,180,3,49,109,248,213,49,147,252,43,109,173,239,113,212,85,110,182,30,211,
70,141,71,124,152,250,38,124,189,32,131,135,224,227,115,171,42,87,185,239,254,82,222,45,92,155,34,255,92,193,96,92,
161,5,50,92,199,63,143,162,11,16,143,201,71,107,213,11,21,111,250,73,113,185,62,27,114,216,124,120,183,34,78,120,
221,90,171,192,37,42,171,227,94,137,241,39,52,137,22,101,148,211,90,55,148,245,152,148,217,56,106,148,0,115,199,218,
66,71,199,255,129,171,13,67,82,170,50,129,176,236,118,83,176,16,180,176,239,85,134,178,22,152,227,246,91,99,227,27,
157,196,41,95,112,190,78,157,203,12,146,111,204,46,208,204,18,114,162,204,54,175,255,18,122,128,255,57,183,219,69,123,
140,220,106,185,231,40,174,139,232,78,236,232,45,144,190,234,81,200,27,46,148,161,27,83,209,250,97,151,163,252,134,215,
2,61,202,167,254,102,13,11,77,171,223,9,112,232,60,79,184,187,60,116,245,31,130,184,199,27,167,246,37,96,235,200,
37,139,41,39,105,199,251,37,139,12,88,107,208,214,88,146,16,52,158,212,225,52,195,18,64,125,7,228,66,158,69,65,
135,235,23,65,172,39,116,135,239,242,116,172,46,80,186,240,255,87,223,46,94,154,35,0,92,190,97,93,163,5,51,93,
193,67,144,165,10,15,144,200,69,116,214,12,23,115,251,74,117,177,63,30,119,215,125,121,188,33,79,121,227,92,172,191,
40,43,172,228,101,139,242,40,56,137,23,102,148,209,91,56,149,251,153,149,219,61,107,149,1,120,200,221,66,71,200,0,
127,169,14,68,84,168,51,130,177,237,119,84,177,18,181,177,246,87,135,177,27,148,228,247,96,105,228,28,151,198,42,98,
110,192,79,158,201,7,147,112,206,43,209,205,18,118,163,205,55,175,0,19,123,130,0,56,186,222,70,124,139,221,107,186,
232,37,175,142,231,71,237,233,44,144,191,233,83,202,28,47,152,161,28,84,215,247,98,152,167,248,135,214,4,62,203,168,
9,107,14,10,80,178,224,10,110,240,61,82,183,188,61,117,244,30,131,185,201,33,168,247,38,101,236,201,37,139,42,38,
107,201,252,38,145,14,89,110,211,216,89,145,16,57,159,213,228,52,196,19,66,129,8,229,65,167,70,66,136,236,24,66,
174,37,117,138,239,244,117,173,43,83,187,241,0,88,224,47,94,151,36,1,94,196,98,94,163,3,52,94,201,68,145,164,
12,23,145,201,75,111,215,13,28,114,252,75,115,185,64,31,120,216,126,122,191,29,80,122,229,90,173,192,40,47,173,229,
102,136,243,41,57,139,24,105,148,207,92,57,150,247,154,150,220,60,108,150,0,121,201,220,69,74,201,3,129,165,15,69,
86,166,52,131,177,234,120,85,178,16,182,178,248,83,136,178,30,147,229,248,96,99,229,29,160,196,43,99,111,193,80,159,
206,15,148,113,206,50,210,206,19,111,164,206,58,174,1,20,124,131,1,57,187,221,71,127,139,221,108,187,235,36,176,141,
233,79,238,234,48,148,192,234,84,208,29,48,153,159,29,85,216,248,99,153,169,1,136,217,4,63,204,174,12,106,15,11,
80,172,225,11,118,235,62,81,186,189,62,120,246,26,132,186,201,27,169,248,39,96,237,202,38,140,43,39,109,205,253,39,
146,11,90,109,213,224,90,146,20,56,160,214,229,59,197,20,60,130,9,232,65,161,71,67,136,228,25,67,175,34,118,137,
242,253,118,174,48,85,188,242,2,83,225,48,94,151,37,2,95,197,99,95,164,8,53,95,201,64,146,167,12,17,146,202,
76,116,216,14,29,113,253,76,123,188,65,30,124,216,127,123,193,35,81,123,230,93,174,195,40,45,174,230,104,146,244,42,
58,141,25,106,149,208,93,58,151,253,155,151,221,63,109,151,1,126,202,221,69,78,202,2,131,171,16,70,85,169,53,132,
179,242,121,88,177,17,183,179,249,89,137,179,30,150,230,249,98,108,230,30,159,201,44,98,114,202,81,160,206,15,149,114,
207,48,211,207,21,115,165,207,51,181,2,23,124,129,2,58,187,221,72,126,142,224,109,188,234,38,177,144,233,73,239,235,
48,140,193,235,87,202,30,49,154,165,30,86,216,253,100,156,168,250,137,216,6,67,210,175,11,111,16,12,81,179,226,14,
117,236,63,82,187,194,63,119,249,27,133,187,202,26,170,249,39,98,238,203,39,137,44,40,110,203,254,40,146,11,91,110,
215,220,91,147,21,63,161,217,229,55,198,21,67,132,10,231,68,164,72,70,136,230,26,68,175,40,119,138,242,249,119,175,
49,85,189,243,252,91,226,51,91,161,38,3,91,197,100,96,167,1,54,96,203,72,147,166,15,21,147,203,77,112,217,15,
30,110,254,77,124,189,66,31,123,221,128,124,193,32,82,126,229,92,175,194,42,49,175,231,104,144,245,43,58,144,26,107,
150,209,94,59,152,253,156,152,222,66,110,152,2,123,203,222,70,73,203,3,133,167,17,71,86,174,54,133,180,239,122,87,
179,23,184,180,243,92,138,182,29,148,231,250,98,108,231,31,160,194,45,99,115,203,82,161,207,10,150,115,207,52,212,208,
21,121,166,208,59,178,3,22,126,135,3,59,182,229,73,129,141,223,110,189,235,43,178,143,236,77,240,236,50,143,194,236,
86,207,31,50,155,165,31,87,217,3,101,155,170,254,138,217,7,69,211,176,12,109,17,15,81,175,227,13,119,237,64,83,
187,190,64,120,250,35,134,188,203,31,171,252,39,98,239,204,42,134,45,41,111,207,255,41,147,14,92,111,216,225,92,148,
21,55,162,216,231,58,199,22,68,129,11,232,69,170,73,69,132,237,27,71,174,37,120,139,244,255,120,176,50,90,190,244,
3,87,227,50,96,153,39,4,96,193,101,97,167,4,55,97,203,72,148,167,16,19,148,204,78,112,218,18,30,112,255,78,
125,189,67,32,125,223,129,125,194,34,83,125,231,96,176,195,43,49,176,234,104,140,246,44,60,148,27,106,153,216,95,60,
152,246,157,153,222,66,111,153,4,123,204,223,71,82,204,4,134,170,18,72,87,173,55,134,174,244,123,90,179,19,185,181,
251,93,139,181,31,152,232,251,101,104,232,32,161,195,46,100,116,202,83,162,208,12,151,116,209,54,213,211,21,115,167,209,
59,178,4,23,128,134,4,60,190,224,74,128,144,224,111,190,236,41,179,144,236,76,241,237,51,151,195,237,88,208,32,51,
156,165,32,88,211,2,102,158,170,252,139,218,13,71,212,177,13,107,18,14,84,184,228,16,119,238,65,84,188,191,65,121,
252,28,135,189,205,35,172,251,41,98,240,205,35,142,46,44,110,204,0,42,145,11,93,112,214,225,93,149,20,59,163,219,
231,57,200,23,70,135,12,233,70,170,74,70,139,231,28,70,176,39,121,140,245,247,121,177,50,88,191,245,5,91,228,51,
91,163,238,254,53,12,51,60,214,65,64,60,250,128,89,228,73,70,154,9,56,159,176,18,27,172,213,104,120,242,25,46,
124,219,87,129,173,91,103,177,19,153,117,243,85,72,134,234,101,141,7,70,114,200,9,132,172,211,112,121,160,254,116,162,
224,43,125,208,238,113,153,15,67,76,162,65,129,193,232,133,83,162,59,136,176,239,140,90,200,20,202,183,240,134,143,207,
27,150,190,253,154,128,249,93,181,221,28,102,170,0,34,210,250,35,109,118,204,48,230,235,77,175,149,235,79,178,21,84,
115,145,230,61,177,208,99,185,191,30,52,243,38,22,196,208,26,124,2,222,92,190,177,239,107,230,246,77,210,160,246,114,
16,253,119,158,179,244,88,232,13,71,172,183,2,111,233,21,84,185,178,4,116,242,27,78,167,252,85,173,38,89,76,237,
200,54,130,56,37,124,222,207,61,161,28,44,131,8,238,103,151,14,63,188,32,204,104,213,83,41,167,243,31,117,182,84,
124,128,226,38,89,165,32,96,159,36,10,84,172,34,83,125,35,55,62,225,46,110,149,50,0,110,210,53,117,180,22,7,
117,252,84,159,170,8,56,146,224,126,166,194,71,80,107,207,133,138,177,19,52,138,17,105,165,196,17,81,145,24,147,152,
250,92,42,128,31,119,135,198,64,73,194,3,95,188,229,106,115,166,45,168,149,212,113,87,149,249,140,180,22,85,62,144,
0,126,167,209,120,138,214,246,182,231,28,58,136,229,80,189,160,54,137,147,236,73,127,251,56,157,150,167,79,213,174,50,
157,156,174,87,219,249,244,155,173,249,3,188,241,29,107,155,10,108,234,4,70,100,138,195,109,247,24,76,191,189,25,124,
177,218,250,154,176,243,67,244,29,88,189,130,245,60,11,49,115,197,115,37,146,16,230,100,176,220,247,91,214,22,85,159,
227,249,86,16,69,97,230,204,34,134,1,17,80,237,187,17,141,43,48,111,168,250,85,107,47,94,142,248,10,97,122,21,
74,118,196,2,100,199,66,111,100,189,10,107,128,75,102,163,16,25,43,205,87,120,172,31,29,121,220,17,58,112,21,245,
85,222,99,123,198,39,48,125,223,107,71,135,224,46,141,231,39,70,202,53,52,48,210,90,111,154,49,70,155,255,127,84,
176,245,89,177,162,121,170,236,252,68,132,11,75,115,178,44,53,115,18,77,105,231,73,36,146,222,113,153,216,93,102,188,
253,120,160,223,100,33,192,41,86,199,13,96,113,208,53,101,173,249,72,61,201,59,165,227,20,123,125,223,249,107,215,33,
52,141,214,56,190,230,225,129,153,232,65,205,234,47,144,83,170,5,196,194,25,142,159,247,98,204,183,247,80,158,253,87,
151,182,58,165,164,160,66,202,223,10,162,185,254,120,229,18,74,184,110,225,40,254,40,244,178,196,29,47,233,251,93,132,
141,227,95,218,234,100,134,131,24,78,201,241,48,205,214,44,85,11,248,114,153,186,16,151,198,55,123,143,225,67,152,27,
76,140,163,204,47,128,231,73,137,233,243,77,174,39,80,155,252,187,8,176,54,15,158,243,250,91,191,246,92,170,5,3,
106,195,68,107,100,199,199,101,155,32,105,182,25,32,115,225,11,52,106,17,35,111,152,10,119,191,23,198,90,203,51,71,
192,35,42,129,233,97,135,199,53,61,64,193,31,162,227,210,48,134,247,114,119,182,24,33,154,254,86,126,165,31,16,126,
226,60,101,133,60,82,133,233,135,140,203,45,30,140,207,136,171,245,94,89,115,184,149,192,243,83,103,113,20,143,161,224,
101,75,161,5,163,203,231,32,70,127,34,170,210,17,80,65,151,19,142,182,24,122,63,150,219,181,218,211,116,125,189,33,
191,196,3,101,145,231,40,122,246,41,136,154,140,78,214,246,246,122,159,234,97,206,255,65,158,141,4,85,221,251,246,117,
97,253,92,226,17,66,73,176,19,111,171,252,69,178,186,248,121,233,17,79,109,147,204,56,179,232,28,135,134,222,72,187,
196,97,208,209,232,104,14,46,112,178,218,56,138,18,232,68,137,162,64,95,217,217,115,222,226,222,168,22,60,134,232,173,
65,180,40,69,149,236,251,80,110,234,9,127,243,1,77,188,63,42,115,246,13,100,198,62,112,94,193,193,92,201,58,39,
71,254,239,44,180,66,114,169,9,24,105,206,4,73,107,27,31,120,122,80,129,182,190,28,92,227,94,134,138,4,48,134,
234,42,106,169,243,0,81,173,95,148,176,18,62,148,213,56,155,159,248,251,139,195,66,107,209,7,22,106,246,69,116,174,
58,23,115,213,120,116,185,23,74,116,222,91,167,186,34,40,167,223,96,134,179,28,40,114,21,157,162,225,102,111,162,238,
164,145,199,35,102,144,248,116,195,214,62,69,195,251,125,160,9,63,78,162,46,125,171,230,114,79,171,17,176,172,241,80,
130,172,22,143,223,244,89,94,223,23,153,194,37,91,106,188,74,153,200,7,142,107,199,45,204,200,14,110,158,200,51,176,
251,16,117,122,251,51,181,215,65,119,135,218,102,181,227,28,170,135,227,68,232,228,41,137,186,228,78,198,23,44,145,150,
23,79,209,250,93,147,164,242,130,209,255,58,198,163,255,95,4,0,69,170,219,5,112,236,56,75,180,190,56,112,241,24,
126,180,197,19,163,242,33,90,231,196,33,127,37,33,104,198,247,35,138,2,26,96,197,194,87,200,32,72,170,12,242,48,
207,15,46,103,3,224,58,160,65,61,132,222,19,61,167,30,112,131,235,240,112,168,41,79,182,236,252,83,219,42,89,153,
229,245,78,166,52,87,157,243,221
}
local __lI1IlIl1II1l1I={} for __llIIlIIII1Ill=1,#__I11l1l1II do __lI1IlIl1II1l1I[__llIIlIIII1Ill]=string.char((__I11l1l1II[__llIIlIIII1Ill]-_I11llI1IIIII[(((__llIIlIIII1Ill-1)%#_I11llI1IIIII)+1)]-(__llIIlIIII1Ill%251))%256) end
local _llI1I1I11111=table.concat(__lI1IlIl1II1l1I) __lI1IlIl1II1l1I=nil __I11l1l1II=nil
local __III1I11l1Il1l1II=loadstring or load
local __IIIl1ll1IIIII,_l1lIlll1Il=__III1I11l1Il1l1II(_llI1I1I11111,"=(VOIDCRYPT)")
if not __IIIl1ll1IIIII then error("VOIDCRYPT X :: integrity failure [".."VX-F837-7E0C-X".."]") end
return __IIIl1ll1IIIII()
